[Licensing::Module] Trying to connect to existing licensing client channel...
Built from '6000.5/staging' branch; Version is '6000.5.5f1 (d16e074b49fd) revision 13725191'; Using compiler version '194234433'; Build Type 'Release'
[Licensing::IpcConnector] Successfully connected to: "LicenseClient-ricar" at "2026-07-29T01:13:25.0789338Z"
OS: 'Windows 11  (10.0.26200) Core' Language: 'en' Physical Memory: 16072 MB
BatchMode: 1, IsHumanControllingUs: 0, StartBugReporterOnCrash: 0, Is64bit: 1
System  architecture: x64
Process architecture: x64
Date: 2026-07-29T01:13:25Z

COMMAND LINE ARGUMENTS:
C:\Program Files\Unity\Hub\Editor\6000.5.5f1\Editor\Unity.exe
-batchmode
-nographics
-quit
-projectPath
C:\Users\ricar\Documents\github\acuaria\Acuaria
-executeMethod
Acuaria.Editor.MultiAquariumSetup.ConfigureFromCommandLine
-logFile
C:\Users\ricar\Documents\github\acuaria\Acuaria\aquarium-data-hotfix-setup.log
Successfully changed project path to: C:\Users\ricar\Documents\github\acuaria\Acuaria
C:/Users/ricar/Documents/github/acuaria/Acuaria
[UnityMemory] Configuration Parameters - Can be set up in boot.config
    "memorysetup-temp-allocator-size-gi-baking-worker=262144"
    "memorysetup-temp-allocator-size-gi-baking-worker=262144"
    "memorysetup-temp-allocator-size-gi-baking-worker=262144"
    "memorysetup-temp-allocator-size-gi-baking-worker=262144"
    "memorysetup-temp-allocator-size-gi-baking-worker=262144"
    "memorysetup-temp-allocator-size-nav-mesh-worker=65536"
    "memorysetup-temp-allocator-size-audio-worker=65536"
    "memorysetup-temp-allocator-size-cloud-worker=32768"
    "memorysetup-temp-allocator-size-gfx=262144"
    "memorysetup-temp-allocator-size-preload-manager=33554432"
    "memorysetup-allocator-temp-initial-block-size-main=262144"
    "memorysetup-allocator-temp-initial-block-size-worker=262144"
    "memorysetup-temp-allocator-size-job-worker=262144"
    "memorysetup-temp-allocator-size-background-worker=32768"
    "memorysetup-bucket-allocator-granularity=16"
    "memorysetup-bucket-allocator-bucket-count=8"
    "memorysetup-bucket-allocator-block-size=33554432"
    "memorysetup-bucket-allocator-block-count=8"
    "memorysetup-main-allocator-block-size=16777216"
    "memorysetup-thread-allocator-block-size=16777216"
    "memorysetup-main-allocator-mimalloc-enabled=0"
    "memorysetup-gfx-main-allocator-block-size=16777216"
    "memorysetup-gfx-thread-allocator-block-size=16777216"
    "memorysetup-cache-allocator-block-size=4194304"
    "memorysetup-typetree-allocator-block-size=2097152"
    "memorysetup-profiler-bucket-allocator-granularity=16"
    "memorysetup-profiler-bucket-allocator-bucket-count=8"
    "memorysetup-profiler-bucket-allocator-block-size=33554432"
    "memorysetup-profiler-bucket-allocator-block-count=8"
    "memorysetup-profiler-allocator-block-size=16777216"
    "memorysetup-profiler-editor-allocator-block-size=1048576"
    "memorysetup-temp-allocator-size-main=16777216"
    "memorysetup-job-temp-allocator-block-size=2097152"
    "memorysetup-job-temp-allocator-block-size-background=1048576"
    "memorysetup-job-temp-allocator-reduction-small-platforms=262144"
Logging is directed to a specific file, skipping project log.Player connection [672]  Target information:

Player connection [672]  * "[IP] 192.168.1.3 [Port] 55504 [Flags] 2 [Guid] 4173606175 [EditorId] 4173606175 [Version] 1048832 [Id] WindowsEditor(7,Alienware) [Debug] 1 [PackageName] WindowsEditor [ProjectName] Editor" 

Player connection [672] Host joined multi-casting on [225.0.0.222:54997]...
Player connection [672] Host joined alternative multi-casting on [225.0.0.222:34997]...
Input System module state changed to: Initialized.
[Physics::Module] Initialized fallback backend.
[Physics::Module] Id: 0xdecafbad
[Package Manager] Connected to IPC stream "Upm-30108" after 0.2 seconds.
[Licensing::Module] Licensing is not yet initialized.
[Licensing::Client] Error: HandshakeResponse reported an error:
	ResponseCode: 505
	ResponseStatus: Unsupported protocol version '1.18.1'.
[Licensing::Module] Error: Failed to handshake to channel: "LicenseClient-ricar"
[Licensing::IpcConnector] LicenseClient-ricar channel disconnected successfully.
[Licensing::IpcConnector] Channel LicenseClient-ricar-6000.5.5 doesn't exist
[Licensing::Module] Successfully launched the LicensingClient (PId: 12828)
[Licensing::IpcConnector] Successfully connected to: "LicenseClient-ricar-6000.5.5" at "2026-07-29T01:13:26.2976353Z"
[Licensing::Client] Code 10 while verifying Licensing Client signature (process Id: 12828, path: "C:/Program Files/Unity/Hub/Editor/6000.5.5f1/Editor/Data/Resources/Licensing/Client/Unity.Licensing.Client.exe")
[Licensing::Module] LicensingClient has failed validation; ignoring
[Licensing::Client] Handshaking with LicensingClient:
  Version:                 1.18.1+9fbee8e
  Session Id:              84df28b6bf304dd296826b365da8b36b
  Correlation Id:          cdfd4010e73c5b7f8001213d68241712
  External correlation Id: 1072125865923064087
  Machine Id:              PsyIwg9UeoYFEqYf3zM0m1TS6rM=
[Licensing::Module] Successfully connected to LicensingClient on channel: "LicenseClient-ricar-6000.5.5" (connect: 0.24s, validation: 0.16s, handshake: 0.01s)
[Licensing::IpcConnector] Successfully connected to: "LicenseClient-ricar-6000.5.5-notifications" at "2026-07-29T01:13:26.4594181Z"
[Licensing::Module] Connected to LicensingClient (PId: 12828, launch time: 0.00, total connection time: 0.41s)
[Licensing::Module] Error: Access token is unavailable; failed to update
[Licensing::Client] Successfully resolved entitlement details
[Licensing::Module] License group:
  Id: 4674233397729-UnityPersXXXX
  Product: Unity Personal
  Type: Assigned
  Expiration: Unlimited
[Licensing::Client] Successfully updated license, isAsync: True, time: 0.01
[Licensing::Client] Successfully resolved entitlement details
[Licensing::Module] Licensing Background thread has ended after 1.42s
[Licensing::Module] Licensing is initialized (took 0.88s).
[Licensing::Client] Successfully resolved entitlement details
Library Redirect Path: Library/
[Physics::Module] Selected backend.
[Physics::Module] Name: PhysX
[Physics::Module] Id: 0xf2b8ea05
[Physics::Module] SDK Version: 4.1.2
[Physics::Module] Integration Version: 1.0.0
[Physics::Module] Threading Mode: Multi-Threaded
Active build profile path: `Assets/Settings/Build Profiles/Android™.asset`
Got setting from build profile YAML, name `m_BuildSubtarget`, value `0`
[Licensing::Client] Successfully resolved entitlement details
Got setting from build profile YAML, name `m_BuildTarget`, value `13`
Got setting from build profile YAML, name `m_Subtarget`, value `0`
Refreshing native plugins compatible for Editor in 2.11 ms, found 0 plugins.
Initialize engine version: 6000.5.5f1 (d16e074b49fd)
[Subsystems] Discovering subsystems at path C:/Program Files/Unity/Hub/Editor/6000.5.5f1/Editor/Data/Resources/UnitySubsystems
[Subsystems] Discovering subsystems at path C:/Users/ricar/Documents/github/acuaria/Acuaria/Assets
Forcing GfxDevice: Null
GfxDevice: creating device client; kGfxThreadingModeNonThreaded
NullGfxDevice:
    Version:  NULL 1.0 [1.0]
    Renderer: Null Device
    Vendor:   Unity Technologies
Got setting from build profile YAML, name `m_BuildSubtarget`, value `0`
Shader Hidden/ChartRasterizerHardware is not supported: GPU does not support conservative rasterization
Got setting from build profile YAML, name `m_BuildSubtarget`, value `0`
Got setting from build profile YAML, name `m_BuildSubtarget`, value `0`
Initialize mono
Mono path[0] = 'C:/Program Files/Unity/Hub/Editor/6000.5.5f1/Editor/Data/Managed'
Mono path[1] = 'C:/Program Files/Unity/Hub/Editor/6000.5.5f1/Editor/Data/BCLExtensions/runtime/netstandard2.1'
Mono path[2] = 'C:/Program Files/Unity/Hub/Editor/6000.5.5f1/Editor/Data/MonoBleedingEdge/lib/mono/unityjit-win32'
Mono config path = 'C:/Program Files/Unity/Hub/Editor/6000.5.5f1/Editor/Data/MonoBleedingEdge/etc'
Using monoOptions --debugger-agent=transport=dt_socket,embedding=1,server=y,suspend=n,address=127.0.0.1:56108
CodeReloadManager initialized
ImportWorker Server TCP listen port: 0
AcceleratorClientConnectionCallback - disconnected - :0
Got setting from build profile YAML, name `m_BuildSubtarget`, value `0`
Got setting from build profile YAML, name `m_BuildSubtarget`, value `0`
Begin MonoManager ReloadAssembly
Registering precompiled unity dll's ...
Register platform support module: C:/Program Files/Unity/Hub/Editor/6000.5.5f1/Editor/Data/PlaybackEngines/WebGLSupport/UnityEditor.WebGL.Extensions.dll
Register platform support module: C:/Program Files/Unity/Hub/Editor/6000.5.5f1/Editor/Data/PlaybackEngines/WindowsStandaloneSupport/UnityEditor.WindowsStandalone.Extensions.dll
Register platform support module: C:/Program Files/Unity/Hub/Editor/6000.5.5f1/Editor/Data/PlaybackEngines/AndroidPlayer/UnityEditor.Android.Extensions.dll
[Licensing::Client] Successfully resolved entitlement details
Register platform support module: C:/Program Files/Unity/Hub/Editor/6000.5.5f1/Editor/Data/PlaybackEngines/iOSSupport/UnityEditor.iOS.Extensions.dll
Registered in 0.004957 seconds.
Got setting from build profile YAML, name `m_BuildSubtarget`, value `0`
Got setting from build profile YAML, name `m_BuildSubtarget`, value `0`
Got setting from build profile YAML, name `m_BuildSubtarget`, value `0`
Got setting from build profile YAML, name `m_BuildSubtarget`, value `0`
Native extension for iOS target not found
Native extension for Android target not found
Native extension for WindowsStandalone target not found
Native extension for WebGL target not found
Package Manager log level set to [2]
ScheduleIndexationOnStartup MainProcess:False IndexOnStartup:True
Mono: successfully reloaded assembly
- Finished resetting the current domain, in  0.458 seconds
Domain Reload Profiling: 1015ms
	BeginReloadAssembly (129ms)
		CreateAndSetChildDomain (4ms)
	RebuildCommonClasses (5ms)
	RebuildNativeTypeToScriptingClass (18ms)
	initialDomainReloadingComplete (67ms)
	LoadAllAssembliesAndSetupDomain (338ms)
		LoadAssemblies (124ms)
		AnalyzeDomain (246ms)
			TypeCache.Refresh (244ms)
				TypeCache.ScanAssembly (229ms)
	FinalizeReload (459ms)
		SetupLoadedEditorAssemblies (0ms)
			InitializePlatformSupportModulesInManaged (22ms)
			BeforeProcessingInitializeOnLoad (106ms)
			ProcessInitializeOnLoadAttributes (111ms)
			ProcessInitializeOnLoadMethodAttributes (133ms)
[Licensing::Client] Successfully resolved entitlement details
[Licensing::Client] Successfully resolved entitlement details
Application.AssetDatabase Initial Refresh Start
[Package Manager] Restoring resolved packages state from cache
[Licensing::Client] Successfully resolved entitlement details
[Package Manager] Registered 74 packages:
  Packages from [https://packages.unity.com]:
    com.unity.2d.animation@15.1.0 (location: C:\Users\ricar\Documents\github\acuaria\Acuaria\Library\PackageCache\com.unity.2d.animation@6d5a363ae647)
    com.unity.2d.aseprite@5.0.3 (location: C:\Users\ricar\Documents\github\acuaria\Acuaria\Library\PackageCache\com.unity.2d.aseprite@d13865913efa)
    com.unity.2d.psdimporter@14.0.3 (location: C:\Users\ricar\Documents\github\acuaria\Acuaria\Library\PackageCache\com.unity.2d.psdimporter@5d82044f9e43)
    com.unity.2d.spriteshape@15.0.3 (location: C:\Users\ricar\Documents\github\acuaria\Acuaria\Library\PackageCache\com.unity.2d.spriteshape@fcb7ec61a58b)
    com.unity.2d.tilemap.extras@8.0.3 (location: C:\Users\ricar\Documents\github\acuaria\Acuaria\Library\PackageCache\com.unity.2d.tilemap.extras@a80140457adc)
    com.unity.2d.tooling@3.0.1 (location: C:\Users\ricar\Documents\github\acuaria\Acuaria\Library\PackageCache\com.unity.2d.tooling@6f06ffb033c0)
    com.unity.ai.assistant@2.16.0-pre.1 (location: C:\Users\ricar\Documents\github\acuaria\Acuaria\Library\PackageCache\com.unity.ai.assistant@9f93b51e80a8)
    com.unity.ai.inference@2.6.1 (location: C:\Users\ricar\Documents\github\acuaria\Acuaria\Library\PackageCache\com.unity.ai.inference@9a123aee5df7)
    com.unity.collab-proxy@2.13.3 (location: C:\Users\ricar\Documents\github\acuaria\Acuaria\Library\PackageCache\com.unity.collab-proxy@4f3be89e8675)
    com.unity.ide.rider@3.0.38 (location: C:\Users\ricar\Documents\github\acuaria\Acuaria\Library\PackageCache\com.unity.ide.rider@1f60b3138684)
    com.unity.ide.visualstudio@2.0.26 (location: C:\Users\ricar\Documents\github\acuaria\Acuaria\Library\PackageCache\com.unity.ide.visualstudio@a99d56dec63f)
    com.unity.inputsystem@1.19.0 (location: C:\Users\ricar\Documents\github\acuaria\Acuaria\Library\PackageCache\com.unity.inputsystem@21a28c3a6c83)
    com.unity.microsoft.gdk@1.7.0 (location: C:\Users\ricar\Documents\github\acuaria\Acuaria\Library\PackageCache\com.unity.microsoft.gdk@3b45a9994164)
    com.unity.microsoft.gdk.tools@1.7.0 (location: C:\Users\ricar\Documents\github\acuaria\Acuaria\Library\PackageCache\com.unity.microsoft.gdk.tools@d61763b7f228)
    com.unity.purchasing@5.4.2 (location: C:\Users\ricar\Documents\github\acuaria\Acuaria\Library\PackageCache\com.unity.purchasing@290a16a9a099)
    com.unity.timeline@1.8.12 (location: C:\Users\ricar\Documents\github\acuaria\Acuaria\Library\PackageCache\com.unity.timeline@8cd8509afae5)
    com.unity.visualscripting@1.9.11 (location: C:\Users\ricar\Documents\github\acuaria\Acuaria\Library\PackageCache\com.unity.visualscripting@8bed5ad90189)
    com.unity.services.core@1.18.0 (location: C:\Users\ricar\Documents\github\acuaria\Acuaria\Library\PackageCache\com.unity.services.core@3464cb68d709)
    com.unity.microsoft.gdk.discovery@1.3.0 (location: C:\Users\ricar\Documents\github\acuaria\Acuaria\Library\PackageCache\com.unity.microsoft.gdk.discovery@9c2d1c88cf7f)
    com.unity.burst@1.8.29 (location: C:\Users\ricar\Documents\github\acuaria\Acuaria\Library\PackageCache\com.unity.burst@6bb9aca3ef38)
    com.unity.dt.app-ui@2.1.7 (location: C:\Users\ricar\Documents\github\acuaria\Acuaria\Library\PackageCache\com.unity.dt.app-ui@b097002a00c2)
    com.unity.nuget.newtonsoft-json@3.2.2 (location: C:\Users\ricar\Documents\github\acuaria\Acuaria\Library\PackageCache\com.unity.nuget.newtonsoft-json@4dfd81071c64)
    com.unity.nuget.mono-cecil@1.11.6 (location: C:\Users\ricar\Documents\github\acuaria\Acuaria\Library\PackageCache\com.unity.nuget.mono-cecil@ecb9724e46ff)
    com.unity.2d.common@14.0.1 (location: C:\Users\ricar\Documents\github\acuaria\Acuaria\Library\PackageCache\com.unity.2d.common@73badf92ba8b)
    com.unity.searcher@4.9.4 (location: C:\Users\ricar\Documents\github\acuaria\Acuaria\Library\PackageCache\com.unity.searcher@d45a78918735)
    com.unity.test-framework.performance@3.5.0 (location: C:\Users\ricar\Documents\github\acuaria\Acuaria\Library\PackageCache\com.unity.test-framework.performance@8b56083ec0f0)
  Built-in packages:
    com.unity.2d.sprite@1.0.0 (location: C:\Users\ricar\Documents\github\acuaria\Acuaria\Library\PackageCache\com.unity.2d.sprite@053a968eab56)
    com.unity.2d.tilemap@1.0.0 (location: C:\Users\ricar\Documents\github\acuaria\Acuaria\Library\PackageCache\com.unity.2d.tilemap@b959501fd678)
    com.unity.multiplayer.center@1.0.1 (location: C:\Users\ricar\Documents\github\acuaria\Acuaria\Library\PackageCache\com.unity.multiplayer.center@b860850997d0)
    com.unity.render-pipelines.universal@17.5.0 (location: C:\Users\ricar\Documents\github\acuaria\Acuaria\Library\PackageCache\com.unity.render-pipelines.universal@040461d037aa)
    com.unity.test-framework@1.7.0 (location: C:\Users\ricar\Documents\github\acuaria\Acuaria\Library\PackageCache\com.unity.test-framework@1405238725ab)
    com.unity.ugui@2.5.0 (location: C:\Users\ricar\Documents\github\acuaria\Acuaria\Library\PackageCache\com.unity.ugui@f2d87ebaaa32)
    com.unity.modules.accessibility@1.0.0 (location: C:\Users\ricar\Documents\github\acuaria\Acuaria\Library\PackageCache\com.unity.modules.accessibility)
    com.unity.modules.adaptiveperformance@1.0.0 (location: C:\Users\ricar\Documents\github\acuaria\Acuaria\Library\PackageCache\com.unity.modules.adaptiveperformance)
    com.unity.modules.ai@1.0.0 (location: C:\Users\ricar\Documents\github\acuaria\Acuaria\Library\PackageCache\com.unity.modules.ai)
    com.unity.modules.androidjni@1.0.0 (location: C:\Users\ricar\Documents\github\acuaria\Acuaria\Library\PackageCache\com.unity.modules.androidjni)
    com.unity.modules.animation@1.0.0 (location: C:\Users\ricar\Documents\github\acuaria\Acuaria\Library\PackageCache\com.unity.modules.animation)
    com.unity.modules.assetbundle@1.0.0 (location: C:\Users\ricar\Documents\github\acuaria\Acuaria\Library\PackageCache\com.unity.modules.assetbundle)
    com.unity.modules.audio@1.0.0 (location: C:\Users\ricar\Documents\github\acuaria\Acuaria\Library\PackageCache\com.unity.modules.audio)
    com.unity.modules.cloth@1.0.0 (location: C:\Users\ricar\Documents\github\acuaria\Acuaria\Library\PackageCache\com.unity.modules.cloth)
    com.unity.modules.director@1.0.0 (location: C:\Users\ricar\Documents\github\acuaria\Acuaria\Library\PackageCache\com.unity.modules.director)
    com.unity.modules.imageconversion@1.0.0 (location: C:\Users\ricar\Documents\github\acuaria\Acuaria\Library\PackageCache\com.unity.modules.imageconversion)
    com.unity.modules.imgui@1.0.0 (location: C:\Users\ricar\Documents\github\acuaria\Acuaria\Library\PackageCache\com.unity.modules.imgui)
    com.unity.modules.jsonserialize@1.0.0 (location: C:\Users\ricar\Documents\github\acuaria\Acuaria\Library\PackageCache\com.unity.modules.jsonserialize)
    com.unity.modules.particlesystem@1.0.0 (location: C:\Users\ricar\Documents\github\acuaria\Acuaria\Library\PackageCache\com.unity.modules.particlesystem)
    com.unity.modules.physics@1.0.0 (location: C:\Users\ricar\Documents\github\acuaria\Acuaria\Library\PackageCache\com.unity.modules.physics)
    com.unity.modules.physics2d@1.0.0 (location: C:\Users\ricar\Documents\github\acuaria\Acuaria\Library\PackageCache\com.unity.modules.physics2d)
    com.unity.modules.physicscore2d@1.0.0 (location: C:\Users\ricar\Documents\github\acuaria\Acuaria\Library\PackageCache\com.unity.modules.physicscore2d)
    com.unity.modules.screencapture@1.0.0 (location: C:\Users\ricar\Documents\github\acuaria\Acuaria\Library\PackageCache\com.unity.modules.screencapture)
    com.unity.modules.terrain@1.0.0 (location: C:\Users\ricar\Documents\github\acuaria\Acuaria\Library\PackageCache\com.unity.modules.terrain)
    com.unity.modules.terrainphysics@1.0.0 (location: C:\Users\ricar\Documents\github\acuaria\Acuaria\Library\PackageCache\com.unity.modules.terrainphysics)
    com.unity.modules.tilemap@1.0.0 (location: C:\Users\ricar\Documents\github\acuaria\Acuaria\Library\PackageCache\com.unity.modules.tilemap)
    com.unity.modules.ui@1.0.0 (location: C:\Users\ricar\Documents\github\acuaria\Acuaria\Library\PackageCache\com.unity.modules.ui)
    com.unity.modules.uielements@1.0.0 (location: C:\Users\ricar\Documents\github\acuaria\Acuaria\Library\PackageCache\com.unity.modules.uielements)
    com.unity.modules.umbra@1.0.0 (location: C:\Users\ricar\Documents\github\acuaria\Acuaria\Library\PackageCache\com.unity.modules.umbra)
    com.unity.modules.unityanalytics@1.0.0 (location: C:\Users\ricar\Documents\github\acuaria\Acuaria\Library\PackageCache\com.unity.modules.unityanalytics)
    com.unity.modules.unitywebrequest@1.0.0 (location: C:\Users\ricar\Documents\github\acuaria\Acuaria\Library\PackageCache\com.unity.modules.unitywebrequest)
    com.unity.modules.unitywebrequestassetbundle@1.0.0 (location: C:\Users\ricar\Documents\github\acuaria\Acuaria\Library\PackageCache\com.unity.modules.unitywebrequestassetbundle)
    com.unity.modules.unitywebrequestaudio@1.0.0 (location: C:\Users\ricar\Documents\github\acuaria\Acuaria\Library\PackageCache\com.unity.modules.unitywebrequestaudio)
    com.unity.modules.unitywebrequesttexture@1.0.0 (location: C:\Users\ricar\Documents\github\acuaria\Acuaria\Library\PackageCache\com.unity.modules.unitywebrequesttexture)
    com.unity.modules.unitywebrequestwww@1.0.0 (location: C:\Users\ricar\Documents\github\acuaria\Acuaria\Library\PackageCache\com.unity.modules.unitywebrequestwww)
    com.unity.modules.vectorgraphics@1.0.0 (location: C:\Users\ricar\Documents\github\acuaria\Acuaria\Library\PackageCache\com.unity.modules.vectorgraphics)
    com.unity.modules.vehicles@1.0.0 (location: C:\Users\ricar\Documents\github\acuaria\Acuaria\Library\PackageCache\com.unity.modules.vehicles)
    com.unity.modules.video@1.0.0 (location: C:\Users\ricar\Documents\github\acuaria\Acuaria\Library\PackageCache\com.unity.modules.video)
    com.unity.modules.wind@1.0.0 (location: C:\Users\ricar\Documents\github\acuaria\Acuaria\Library\PackageCache\com.unity.modules.wind)
    com.unity.modules.xr@1.0.0 (location: C:\Users\ricar\Documents\github\acuaria\Acuaria\Library\PackageCache\com.unity.modules.xr)
    com.unity.modules.subsystems@1.0.0 (location: C:\Users\ricar\Documents\github\acuaria\Acuaria\Library\PackageCache\com.unity.modules.subsystems)
    com.unity.modules.hierarchycore@1.0.0 (location: C:\Users\ricar\Documents\github\acuaria\Acuaria\Library\PackageCache\com.unity.modules.hierarchycore)
    com.unity.ext.nunit@2.1.0 (location: C:\Users\ricar\Documents\github\acuaria\Acuaria\Library\PackageCache\com.unity.ext.nunit@44f7d31723bd)
    com.unity.render-pipelines.core@17.5.0 (location: C:\Users\ricar\Documents\github\acuaria\Acuaria\Library\PackageCache\com.unity.render-pipelines.core@b19a46951e65)
    com.unity.shadergraph@17.5.0 (location: C:\Users\ricar\Documents\github\acuaria\Acuaria\Library\PackageCache\com.unity.shadergraph@8d7376ec43ee)
    com.unity.render-pipelines.universal-config@17.5.0 (location: C:\Users\ricar\Documents\github\acuaria\Acuaria\Library\PackageCache\com.unity.render-pipelines.universal-config@fdda01c80fe3)
    com.unity.collections@6.5.0 (location: C:\Users\ricar\Documents\github\acuaria\Acuaria\Library\PackageCache\com.unity.collections@a43cabe808ca)
    com.unity.mathematics@1.4.0 (location: C:\Users\ricar\Documents\github\acuaria\Acuaria\Library\PackageCache\com.unity.mathematics@981956d94fb6)
[Subsystems] No new subsystems found in resolved package list.
[Package Manager] Done registering packages in 0.02 seconds
[ScriptCompilation] Requested script compilation because: AssetDatabase observed changes in script compilation related files
Refreshing native plugins compatible for Editor in 9.86 ms, found 7 plugins.
Starting: C:\Program Files\Unity\Hub\Editor\6000.5.5f1\Editor\Data\Tools\BuildPipeline\bee_backend.exe --ipc --defer-dag-verification --dagfile="Library/Bee/1300b0aE.dag" --continue-on-failure --profile="Library/Bee/backend1.traceevents" ScriptAssemblies
WorkingDir: C:/Users/ricar/Documents/github/acuaria/Acuaria
DisplayProgressbar: Compiling Scripts
ExitCode: 0 Duration: 6s277ms
[1647/2211  0s] ILPP-Configuration Library/ilpp-configuration.nevergeneratedoutput
[2191/2211  3s] Csc Library/Bee/artifacts/1300b0aE.dag/Acuaria.UI.dll (+2 others)
Assets\_Acuaria\Scripts\UI\Aquarium\AquariumContextBinder.cs(46,19): warning CS0618: 'Object.FindFirstObjectByType<T>(FindObjectsInactive)' is obsolete: 'FindFirstObjectByType has been deprecated because it relies on instance ID ordering. Use FindAnyObjectByType instead, which does not depend on ordering.'

Assets\_Acuaria\Scripts\UI\Aquarium\AquariumContextBinder.cs(47,26): warning CS0618: 'Object.FindFirstObjectByType<T>(FindObjectsInactive)' is obsolete: 'FindFirstObjectByType has been deprecated because it relies on instance ID ordering. Use FindAnyObjectByType instead, which does not depend on ordering.'

Assets\_Acuaria\Scripts\UI\Aquarium\AquariumContextBinder.cs(48,27): warning CS0618: 'Object.FindFirstObjectByType<T>(FindObjectsInactive)' is obsolete: 'FindFirstObjectByType has been deprecated because it relies on instance ID ordering. Use FindAnyObjectByType instead, which does not depend on ordering.'

Assets\_Acuaria\Scripts\UI\Aquarium\AquariumContextBinder.cs(49,23): warning CS0618: 'Object.FindFirstObjectByType<T>(FindObjectsInactive)' is obsolete: 'FindFirstObjectByType has been deprecated because it relies on instance ID ordering. Use FindAnyObjectByType instead, which does not depend on ordering.'

Assets\_Acuaria\Scripts\UI\Aquarium\AquariumContextBinder.cs(50,23): warning CS0618: 'Object.FindFirstObjectByType<T>(FindObjectsInactive)' is obsolete: 'FindFirstObjectByType has been deprecated because it relies on instance ID ordering. Use FindAnyObjectByType instead, which does not depend on ordering.'

Assets\_Acuaria\Scripts\UI\Aquarium\AquariumContextBinder.cs(51,23): warning CS0618: 'Object.FindFirstObjectByType<T>(FindObjectsInactive)' is obsolete: 'FindFirstObjectByType has been deprecated because it relies on instance ID ordering. Use FindAnyObjectByType instead, which does not depend on ordering.'

Assets\_Acuaria\Scripts\UI\Aquarium\AquariumContextBinder.cs(54,46): warning CS0618: 'Object.FindFirstObjectByType<T>()' is obsolete: 'FindFirstObjectByType has been deprecated because it relies on instance ID ordering. Use FindAnyObjectByType instead, which does not depend on ordering.'
[2192/2211  0s] Csc Library/Bee/artifacts/1300b0aE.dag/Acuaria.Room.dll (+2 others)
[2194/2211  0s] Csc Library/Bee/artifacts/1300b0aE.dag/Acuaria.Aquarium.EditModeTests.dll (+2 others)
[2195/2211  0s] ILPostProcess Library/Bee/artifacts/1300b0aE.dag/post-processed/Acuaria.UI.dll (+pdb)
Processing assembly Library/Bee/artifacts/1300b0aE.dag/Acuaria.UI.dll, with 151 defines and 309 references

processors: Unity.Jobs.CodeGen.JobsILPostProcessor, zzzUnity.Burst.CodeGen.BurstILPostProcessor

running Unity.Jobs.CodeGen.JobsILPostProcessor

running zzzUnity.Burst.CodeGen.BurstILPostProcessor
[2196/2211  0s] ILPostProcess Library/Bee/artifacts/1300b0aE.dag/post-processed/Acuaria.Room.EditModeTests.dll (+pdb)
Processing assembly Library/Bee/artifacts/1300b0aE.dag/Acuaria.Room.EditModeTests.dll, with 149 defines and 301 references

processors: Unity.Jobs.CodeGen.JobsILPostProcessor, zzzUnity.Burst.CodeGen.BurstILPostProcessor

running Unity.Jobs.CodeGen.JobsILPostProcessor

running zzzUnity.Burst.CodeGen.BurstILPostProcessor
[2197/2211  0s] ILPostProcess Library/Bee/artifacts/1300b0aE.dag/post-processed/Acuaria.Room.dll (+pdb)
Processing assembly Library/Bee/artifacts/1300b0aE.dag/Acuaria.Room.dll, with 151 defines and 309 references

processors: Unity.Jobs.CodeGen.JobsILPostProcessor, zzzUnity.Burst.CodeGen.BurstILPostProcessor

running Unity.Jobs.CodeGen.JobsILPostProcessor

running zzzUnity.Burst.CodeGen.BurstILPostProcessor
[2198/2211  0s] CopyFiles Library/ScriptAssemblies/Acuaria.UI.pdb
[2199/2211  0s] CopyFiles Library/ScriptAssemblies/Acuaria.Room.pdb
[2202/2211  0s] Csc Library/Bee/artifacts/1300b0aE.dag/Acuaria.Editor.dll (+2 others)
Assets\_Acuaria\Editor\MultiAquariumSetup.cs(99,21): warning CS0618: 'Object.FindFirstObjectByType<T>(FindObjectsInactive)' is obsolete: 'FindFirstObjectByType has been deprecated because it relies on instance ID ordering. Use FindAnyObjectByType instead, which does not depend on ordering.'

Assets\_Acuaria\Editor\MultiAquariumSetup.cs(100,28): warning CS0618: 'Object.FindFirstObjectByType<T>(FindObjectsInactive)' is obsolete: 'FindFirstObjectByType has been deprecated because it relies on instance ID ordering. Use FindAnyObjectByType instead, which does not depend on ordering.'

Assets\_Acuaria\Editor\MultiAquariumSetup.cs(101,29): warning CS0618: 'Object.FindFirstObjectByType<T>(FindObjectsInactive)' is obsolete: 'FindFirstObjectByType has been deprecated because it relies on instance ID ordering. Use FindAnyObjectByType instead, which does not depend on ordering.'

Assets\_Acuaria\Editor\MultiAquariumSetup.cs(102,25): warning CS0618: 'Object.FindFirstObjectByType<T>(FindObjectsInactive)' is obsolete: 'FindFirstObjectByType has been deprecated because it relies on instance ID ordering. Use FindAnyObjectByType instead, which does not depend on ordering.'

Assets\_Acuaria\Editor\MultiAquariumSetup.cs(103,25): warning CS0618: 'Object.FindFirstObjectByType<T>(FindObjectsInactive)' is obsolete: 'FindFirstObjectByType has been deprecated because it relies on instance ID ordering. Use FindAnyObjectByType instead, which does not depend on ordering.'

Assets\_Acuaria\Editor\MultiAquariumSetup.cs(108,41): warning CS0618: 'Object.FindFirstObjectByType<T>(FindObjectsInactive)' is obsolete: 'FindFirstObjectByType has been deprecated because it relies on instance ID ordering. Use FindAnyObjectByType instead, which does not depend on ordering.'

Assets\_Acuaria\Editor\MultiAquariumSetup.cs(111,40): warning CS0618: 'Object.FindFirstObjectByType<T>()' is obsolete: 'FindFirstObjectByType has been deprecated because it relies on instance ID ordering. Use FindAnyObjectByType instead, which does not depend on ordering.'

Assets\_Acuaria\Editor\MultiAquariumSetup.cs(114,26): warning CS0618: 'Object.FindFirstObjectByType<T>(FindObjectsInactive)' is obsolete: 'FindFirstObjectByType has been deprecated because it relies on instance ID ordering. Use FindAnyObjectByType instead, which does not depend on ordering.'
[2203/2211  0s] CopyFiles Library/ScriptAssemblies/Acuaria.Room.dll
[2204/2211  0s] ILPostProcess Library/Bee/artifacts/1300b0aE.dag/post-processed/Acuaria.Aquarium.EditModeTests.dll (+pdb)
Processing assembly Library/Bee/artifacts/1300b0aE.dag/Acuaria.Aquarium.EditModeTests.dll, with 149 defines and 304 references

processors: Unity.Jobs.CodeGen.JobsILPostProcessor, zzzUnity.Burst.CodeGen.BurstILPostProcessor

running Unity.Jobs.CodeGen.JobsILPostProcessor

running zzzUnity.Burst.CodeGen.BurstILPostProcessor
[2205/2211  0s] CopyFiles Library/ScriptAssemblies/Acuaria.Aquarium.EditModeTests.pdb
[2206/2211  0s] CopyFiles Library/ScriptAssemblies/Acuaria.UI.dll
[2207/2211  0s] CopyFiles Library/ScriptAssemblies/Acuaria.Aquarium.EditModeTests.dll
[2208/2211  0s] ILPostProcess Library/Bee/artifacts/1300b0aE.dag/post-processed/Acuaria.Editor.dll (+pdb)
Processing assembly Library/Bee/artifacts/1300b0aE.dag/Acuaria.Editor.dll, with 149 defines and 327 references

processors: Unity.Jobs.CodeGen.JobsILPostProcessor, zzzUnity.Burst.CodeGen.BurstILPostProcessor

running Unity.Jobs.CodeGen.JobsILPostProcessor

running zzzUnity.Burst.CodeGen.BurstILPostProcessor
[2209/2211  0s] CopyFiles Library/ScriptAssemblies/Acuaria.Editor.pdb
[2210/2211  0s] CopyFiles Library/ScriptAssemblies/Acuaria.Editor.dll
*** Tundra build success (6.24 seconds), 18 items updated, 2211 evaluated
Assets\_Acuaria\Scripts\UI\Aquarium\AquariumContextBinder.cs(46,19): warning CS0618: 'Object.FindFirstObjectByType<T>(FindObjectsInactive)' is obsolete: 'FindFirstObjectByType has been deprecated because it relies on instance ID ordering. Use FindAnyObjectByType instead, which does not depend on ordering.'
Assets\_Acuaria\Scripts\UI\Aquarium\AquariumContextBinder.cs(47,26): warning CS0618: 'Object.FindFirstObjectByType<T>(FindObjectsInactive)' is obsolete: 'FindFirstObjectByType has been deprecated because it relies on instance ID ordering. Use FindAnyObjectByType instead, which does not depend on ordering.'
Assets\_Acuaria\Scripts\UI\Aquarium\AquariumContextBinder.cs(48,27): warning CS0618: 'Object.FindFirstObjectByType<T>(FindObjectsInactive)' is obsolete: 'FindFirstObjectByType has been deprecated because it relies on instance ID ordering. Use FindAnyObjectByType instead, which does not depend on ordering.'
Assets\_Acuaria\Scripts\UI\Aquarium\AquariumContextBinder.cs(49,23): warning CS0618: 'Object.FindFirstObjectByType<T>(FindObjectsInactive)' is obsolete: 'FindFirstObjectByType has been deprecated because it relies on instance ID ordering. Use FindAnyObjectByType instead, which does not depend on ordering.'
Assets\_Acuaria\Scripts\UI\Aquarium\AquariumContextBinder.cs(50,23): warning CS0618: 'Object.FindFirstObjectByType<T>(FindObjectsInactive)' is obsolete: 'FindFirstObjectByType has been deprecated because it relies on instance ID ordering. Use FindAnyObjectByType instead, which does not depend on ordering.'
Assets\_Acuaria\Scripts\UI\Aquarium\AquariumContextBinder.cs(51,23): warning CS0618: 'Object.FindFirstObjectByType<T>(FindObjectsInactive)' is obsolete: 'FindFirstObjectByType has been deprecated because it relies on instance ID ordering. Use FindAnyObjectByType instead, which does not depend on ordering.'
Assets\_Acuaria\Scripts\UI\Aquarium\AquariumContextBinder.cs(54,46): warning CS0618: 'Object.FindFirstObjectByType<T>()' is obsolete: 'FindFirstObjectByType has been deprecated because it relies on instance ID ordering. Use FindAnyObjectByType instead, which does not depend on ordering.'
Assets\_Acuaria\Editor\MultiAquariumSetup.cs(99,21): warning CS0618: 'Object.FindFirstObjectByType<T>(FindObjectsInactive)' is obsolete: 'FindFirstObjectByType has been deprecated because it relies on instance ID ordering. Use FindAnyObjectByType instead, which does not depend on ordering.'
Assets\_Acuaria\Editor\MultiAquariumSetup.cs(100,28): warning CS0618: 'Object.FindFirstObjectByType<T>(FindObjectsInactive)' is obsolete: 'FindFirstObjectByType has been deprecated because it relies on instance ID ordering. Use FindAnyObjectByType instead, which does not depend on ordering.'
Assets\_Acuaria\Editor\MultiAquariumSetup.cs(101,29): warning CS0618: 'Object.FindFirstObjectByType<T>(FindObjectsInactive)' is obsolete: 'FindFirstObjectByType has been deprecated because it relies on instance ID ordering. Use FindAnyObjectByType instead, which does not depend on ordering.'
Assets\_Acuaria\Editor\MultiAquariumSetup.cs(102,25): warning CS0618: 'Object.FindFirstObjectByType<T>(FindObjectsInactive)' is obsolete: 'FindFirstObjectByType has been deprecated because it relies on instance ID ordering. Use FindAnyObjectByType instead, which does not depend on ordering.'
Assets\_Acuaria\Editor\MultiAquariumSetup.cs(103,25): warning CS0618: 'Object.FindFirstObjectByType<T>(FindObjectsInactive)' is obsolete: 'FindFirstObjectByType has been deprecated because it relies on instance ID ordering. Use FindAnyObjectByType instead, which does not depend on ordering.'
Assets\_Acuaria\Editor\MultiAquariumSetup.cs(108,41): warning CS0618: 'Object.FindFirstObjectByType<T>(FindObjectsInactive)' is obsolete: 'FindFirstObjectByType has been deprecated because it relies on instance ID ordering. Use FindAnyObjectByType instead, which does not depend on ordering.'
Assets\_Acuaria\Editor\MultiAquariumSetup.cs(111,40): warning CS0618: 'Object.FindFirstObjectByType<T>()' is obsolete: 'FindFirstObjectByType has been deprecated because it relies on instance ID ordering. Use FindAnyObjectByType instead, which does not depend on ordering.'
Assets\_Acuaria\Editor\MultiAquariumSetup.cs(114,26): warning CS0618: 'Object.FindFirstObjectByType<T>(FindObjectsInactive)' is obsolete: 'FindFirstObjectByType has been deprecated because it relies on instance ID ordering. Use FindAnyObjectByType instead, which does not depend on ordering.'
Total cache size 268179504
Total cache size after purge 268179504, took 00:00:00.2526540
AssetDatabase: script compilation time: 8.936109s
Begin MonoManager ReloadAssembly
Refreshing native plugins compatible for Editor in 9.28 ms, found 7 plugins.
Native extension for iOS target not found
Native extension for Android target not found
Native extension for WindowsStandalone target not found
Native extension for WebGL target not found
Refreshing native plugins compatible for Editor in 10.57 ms, found 7 plugins.
Refreshing native plugins compatible for Editor in 8.49 ms, found 7 plugins.
[ScriptCompilation] Requested script compilation because: Define symbols changed
[Licensing::Client] Error: Code 404 while processing request (status: Found 0 entitlement groups and 0 free entitlements matching requested entitlement ids)
[Licensing::Client] Error: Code 404 while processing request (status: Found 0 entitlement groups and 0 free entitlements matching requested entitlement ids)
[Licensing::Client] Error: Code 404 while processing request (status: Found 0 entitlement groups and 0 free entitlements matching requested entitlement ids)
ScheduleIndexationOnStartup MainProcess:True IndexOnStartup:True
Mono: successfully reloaded assembly
- Finished resetting the current domain, in  6.698 seconds
Domain Reload Profiling: 8402ms
	BeginReloadAssembly (227ms)
		DisableScriptedObjects (33ms)
		CreateAndSetChildDomain (36ms)
	RebuildCommonClasses (9ms)
	RebuildNativeTypeToScriptingClass (18ms)
	initialDomainReloadingComplete (95ms)
	LoadAllAssembliesAndSetupDomain (1354ms)
		LoadAssemblies (578ms)
		AnalyzeDomain (697ms)
			TypeCache.Refresh (511ms)
				TypeCache.ScanAssembly (483ms)
			BuildScriptInfoCaches (172ms)
			ResolveRequiredComponents (11ms)
	FinalizeReload (6699ms)
		SetupLoadedEditorAssemblies (0ms)
			InitializePlatformSupportModulesInManaged (11ms)
			BeforeProcessingInitializeOnLoad (150ms)
			ProcessInitializeOnLoadAttributes (4993ms)
			ProcessInitializeOnLoadMethodAttributes (1296ms)
			AfterProcessingInitializeOnLoad (4ms)
		AwakeInstancesAfterBackupRestoration (28ms)
Starting: C:\Program Files\Unity\Hub\Editor\6000.5.5f1\Editor\Data\Tools\BuildPipeline\bee_backend.exe --ipc --defer-dag-verification --dagfile="Library/Bee/1300b0aE.dag" --continue-on-failure --profile="Library/Bee/backend1.traceevents" ScriptAssemblies
WorkingDir: C:/Users/ricar/Documents/github/acuaria/Acuaria
ExitCode: 4 Duration: 0s521ms
[1652/2211  0s] ILPP-Configuration Library/ilpp-configuration.nevergeneratedoutput
Rebuilding DAG because FileSignature timestamp changed: Library/Bee/1300b0aE-inputdata.json
*** Tundra requires additional run (0.49 seconds), 1 items updated, 2211 evaluated
Starting: C:\Program Files\Unity\Hub\Editor\6000.5.5f1\Editor\Data\netcorerun\netcorerun.exe "C:\Program Files\Unity\Hub\Editor\6000.5.5f1\Editor\Data\Tools\BuildPipeline\ScriptCompilationBuildProgram.exe" "Library/Bee/1300b0aE.dag.json" "Library/Bee/1300b0aE-inputdata.json" "Library\Bee\buildprogram0.traceevents"
WorkingDir: C:/Users/ricar/Documents/github/acuaria/Acuaria
ExitCode: 0 Duration: 3s407ms
Starting: C:\Program Files\Unity\Hub\Editor\6000.5.5f1\Editor\Data\Tools\BuildPipeline\bee_backend.exe --ipc --defer-dag-verification --dagfile="Library/Bee/1300b0aE.dag" --continue-on-failure --dagfilejson="Library\Bee\1300b0aE.dag.json" --profile="Library/Bee/backend2.traceevents" ScriptAssemblies
WorkingDir: C:/Users/ricar/Documents/github/acuaria/Acuaria
ExitCode: 0 Duration: 11s
Finished compiling graph: 2215 nodes, 49121 flattened edges (40825 ToBuild, 384 ToUse), maximum node priority 2539
[ 290/2211  0s] WriteText Library/Bee/artifacts/1300b0aE.dag/UnityEditor.UI.rsp
[ 291/2211  0s] WriteText Library/Bee/artifacts/1300b0aE.dag/Unity.AI.Toolkit.Utility.rsp
[ 292/2211  0s] WriteText Library/Bee/artifacts/1300b0aE.dag/UnityEditor.TestRunner.rsp
[ 293/2211  0s] WriteText Library/Bee/artifacts/1300b0aE.dag/UnityEngine.UI.rsp
[ 294/2211  0s] WriteText Library/Bee/artifacts/1300b0aE.dag/Unity.Mathematics.rsp
[ 295/2211  0s] WriteText Library/Bee/artifacts/1300b0aE.dag/Unity.Collections.CodeGen.rsp
[ 297/2211  0s] WriteText Library/Bee/artifacts/1300b0aE.dag/Unity.Burst.CodeGen.rsp
[ 303/2211  0s] WriteText Library/Bee/artifacts/1300b0aE.dag/Unity.Services.Core.rsp
[ 311/2211  0s] WriteText Library/Bee/artifacts/1300b0aE.dag/UnityEngine.TestRunner.rsp
[ 318/2211  0s] WriteText Library/Bee/artifacts/1300b0aE.dag/Unity.AI.Toolkit.Async.rsp
[ 319/2211  0s] WriteText Library/Bee/artifacts/1300b0aE.dag/Unity.AI.Generators.Contexts.rsp
[ 321/2211  0s] WriteText Library/Bee/artifacts/1300b0aE.dag/Unity.Collections.rsp
[ 330/2211  0s] WriteText Library/Bee/artifacts/1300b0aE.dag/Unity.InputSystem.rsp
[ 332/2211  0s] WriteText Library/Bee/artifacts/1300b0aE.dag/Unity.AI.Toolkit.Compliance.rsp
[ 333/2211  0s] WriteText Library/Bee/artifacts/1300b0aE.dag/Unity.AI.Tracing.rsp
[ 344/2211  0s] WriteText Library/Bee/artifacts/1300b0aE.dag/Unity.Burst.rsp
[ 348/2211  0s] WriteText Library/Bee/artifacts/1300b0aE.dag/Unity.AI.Generators.IO.Srp.rsp
[ 350/2211  0s] WriteText Library/Bee/artifacts/1300b0aE.dag/Unity.AI.Generators.Asset.rsp
[ 351/2211  0s] WriteText Library/Bee/artifacts/1300b0aE.dag/Unity.AI.Assistant.Bridge.Editor.rsp
[ 352/2211  0s] WriteText Library/Bee/artifacts/1300b0aE.dag/Unity.2D.Sprite.Editor.rsp
[ 355/2211  0s] WriteText Library/Bee/artifacts/1300b0aE.dag/Unity.AI.Generators.IO.rsp
[ 363/2211  0s] WriteText Library/Bee/artifacts/1300b0aE.dag/Unity.UnifiedRayTracing.Runtime.rsp
[ 364/2211  0s] WriteText Library/Bee/artifacts/1300b0aE.dag/Unity.AI.Toolkit.Accounts.rsp
[ 368/2211  0s] WriteText Library/Bee/artifacts/1300b0aE.dag/Unity.InternalAPIEngineBridge.RenderPipelines.Core.Runtime.Shared.rsp
[ 369/2211  0s] WriteText Library/Bee/artifacts/1300b0aE.dag/Unity.AI.Generators.Redux.rsp
[ 379/2211  0s] WriteText Library/Bee/artifacts/1300b0aE.dag/Unity.PathTracing.Runtime.rsp
[ 380/2211  0s] WriteText Library/Bee/artifacts/1300b0aE.dag/Unity.Services.Core.Internal.rsp
[ 396/2211  0s] WriteText Library/Bee/artifacts/1300b0aE.dag/Unity.Services.Core.Environments.rsp
[ 398/2211  0s] WriteText Library/Bee/artifacts/1300b0aE.dag/Unity.AI.Assistant.Runtime.rsp
[ 400/2211  0s] WriteText Library/Bee/artifacts/1300b0aE.dag/Unity.RenderPipelines.Core.Runtime.rsp
[ 406/2211  0s] WriteText Library/Bee/artifacts/1300b0aE.dag/Unity.AI.Toolkit.Asset.rsp
[ 410/2211  0s] WriteText Library/Bee/artifacts/1300b0aE.dag/Unity.Purchasing.Utilities.rsp
[ 415/2211  0s] WriteText Library/Bee/artifacts/1300b0aE.dag/Unity.SurfaceCache.Runtime.rsp
[ 419/2211  0s] WriteText Library/Bee/artifacts/1300b0aE.dag/Unity.RenderPipelines.Core.Runtime.Shared.rsp
[ 425/2211  0s] WriteText Library/Bee/artifacts/1300b0aE.dag/Unity.Purchasing.SecurityCore.rsp
[ 426/2211  0s] WriteText Library/Bee/artifacts/1300b0aE.dag/Unity.AI.Assistant.Agent.Dynamic.Extension.Editor.rsp
[ 429/2211  0s] WriteText Library/Bee/artifacts/1300b0aE.dag/Unity.2D.Common.Runtime.rsp
[ 432/2211  0s] WriteText Library/Bee/artifacts/1300b0aE.dag/Unity.InferenceEngine.rsp
[ 446/2211  0s] WriteText Library/Bee/artifacts/1300b0aE.dag/Unity.AI.Generators.Sdk.rsp
[ 451/2211  0s] WriteText Library/Bee/artifacts/1300b0aE.dag/Acuaria.Core.rsp
[ 452/2211  0s] WriteText Library/Bee/artifacts/1300b0aE.dag/Unity.RenderPipelines.Universal.Config.Runtime.rsp
[ 455/2211  0s] WriteText Library/Bee/artifacts/1300b0aE.dag/Unity.RenderPipelines.GPUDriven.Runtime.rsp
[ 456/2211  0s] WriteText Library/Bee/artifacts/1300b0aE.dag/Unity.InternalAPIEngineBridge.001.rsp
[ 457/2211  0s] WriteText Library/Bee/artifacts/1300b0aE.dag/Unity.AppUI.InternalAPIBridge.rsp
[ 459/2211  0s] WriteText Library/Bee/artifacts/1300b0aE.dag/Unity.AI.Assistant.Editor.rsp
[ 461/2211  0s] WriteText Library/Bee/artifacts/1300b0aE.dag/Unity.AI.Generators.UI.rsp
[ 469/2211  0s] WriteText Library/Bee/artifacts/1300b0aE.dag/Unity.Purchasing.WebshopService.rsp
[ 470/2211  0s] WriteText Library/Bee/artifacts/1300b0aE.dag/Unity.VisualScripting.Core.rsp
[ 472/2211  0s] WriteText Library/Bee/artifacts/1300b0aE.dag/Unity.RenderPipeline.Universal.ShaderLibrary.rsp
[ 476/2211  0s] WriteText Library/Bee/artifacts/1300b0aE.dag/Unity.AI.ModelSelector.rsp
[ 477/2211  0s] WriteText Library/Bee/artifacts/1300b0aE.dag/HFDownloader.rsp
[ 479/2211  0s] WriteText Library/Bee/artifacts/1300b0aE.dag/Acuaria.Food.rsp
[ 490/2211  0s] WriteText Library/Bee/artifacts/1300b0aE.dag/Unity.Purchasing.PaymentProviderService.rsp
[ 513/2211  0s] WriteText Library/Bee/artifacts/1300b0aE.dag/Unity.RenderPipelines.Universal.Runtime.rsp
[ 515/2211  0s] WriteText Library/Bee/artifacts/1300b0aE.dag/Unity.Microsoft.GDK.rsp
[ 518/2211  0s] WriteText Library/Bee/artifacts/1300b0aE.dag/Unity.Purchasing.rsp
[ 519/2211  0s] WriteText Library/Bee/artifacts/1300b0aE.dag/Unity.AI.Toolkit.GenerationContextMenu.rsp
[ 524/2211  0s] WriteText Library/Bee/artifacts/1300b0aE.dag/Unity.Purchasing.LiveContentAdapterService.rsp
[ 525/2211  0s] WriteText Library/Bee/artifacts/1300b0aE.dag/Unity.AI.Generators.UI.AIDropdownIntegrations.rsp
[ 526/2211  0s] WriteText Library/Bee/artifacts/1300b0aE.dag/Unity.AI.Search.Editor.rsp
[ 527/2211  0s] WriteText Library/Bee/artifacts/1300b0aE.dag/Acuaria.Simulation.rsp
[ 532/2211  0s] WriteText Library/Bee/artifacts/1300b0aE.dag/Unity.Services.Core.Configuration.rsp
[ 533/2211  0s] WriteText Library/Bee/artifacts/1300b0aE.dag/Unity.AI.Toolkit.GenerationObjectPicker.rsp
[ 540/2211  0s] WriteText Library/Bee/artifacts/1300b0aE.dag/Unity.InternalAPIEngineBridge.004.rsp
[ 543/2211  0s] WriteText Library/Bee/artifacts/1300b0aE.dag/Unity.Purchasing.SecurityStub.rsp
[ 544/2211  0s] WriteText Library/Bee/artifacts/1300b0aE.dag/Unity.AppUI.rsp
[ 545/2211  0s] WriteText Library/Bee/artifacts/1300b0aE.dag/Unity.Services.Core.Telemetry.rsp
[ 546/2211  0s] WriteText Library/Bee/artifacts/1300b0aE.dag/Unity.InternalAPIEngineBridge.RenderPipelines.Core.Editor.rsp
[ 547/2211  0s] WriteText Library/Bee/artifacts/1300b0aE.dag/Unity.Services.Core.Scheduler.rsp
[ 561/2211  0s] WriteText Library/Bee/artifacts/1300b0aE.dag/Unity.PathTracing.Editor.rsp
[ 572/2211  0s] WriteText Library/Bee/artifacts/1300b0aE.dag/Unity.Services.Core.Device.rsp
[ 578/2211  0s] WriteText Library/Bee/artifacts/1300b0aE.dag/Unity.2D.Animation.Runtime.rsp
[ 580/2211  0s] WriteText Library/Bee/artifacts/1300b0aE.dag/Unity.Services.Core.Environments.Internal.rsp
[ 582/2211  0s] WriteText Library/Bee/artifacts/1300b0aE.dag/Acuaria.Fish.rsp
[ 583/2211  0s] WriteText Library/Bee/artifacts/1300b0aE.dag/Unity.AI.Animate.Motion.Runtime.rsp
[ 584/2211  0s] WriteText Library/Bee/artifacts/1300b0aE.dag/Unity.Services.Core.Threading.rsp
[ 586/2211  0s] WriteText Library/Bee/artifacts/1300b0aE.dag/Unity.VisualScripting.Core.Editor.rsp
[ 588/2211  0s] WriteText Library/Bee/artifacts/1300b0aE.dag/Unity.InternalAPIEditorBridge.001.rsp
[ 589/2211  0s] WriteText Library/Bee/artifacts/1300b0aE.dag/Unity.AI.Pbr.Srp.rsp
[ 590/2211  0s] WriteText Library/Bee/artifacts/1300b0aE.dag/Unity.VisualScripting.Flow.rsp
[ 594/2211  0s] WriteText Library/Bee/artifacts/1300b0aE.dag/Unity.Services.Core.Networking.rsp
[ 598/2211  0s] WriteText Library/Bee/artifacts/1300b0aE.dag/Unity.AI.Assistant.Annotations.Editor.rsp
[ 599/2211  0s] WriteText Library/Bee/artifacts/1300b0aE.dag/Unity.AI.Assistant.Tools.Editor.rsp
[ 600/2211  0s] WriteText Library/Bee/artifacts/1300b0aE.dag/Unity.TextMeshPro.rsp
[ 618/2211  0s] WriteText Library/Bee/artifacts/1300b0aE.dag/Unity.Purchasing.Stores.XboxCloudServices.rsp
[ 619/2211  0s] WriteText Library/Bee/artifacts/1300b0aE.dag/Unity.Services.Core.Configuration.Editor.rsp
[ 624/2211  0s] WriteText Library/Bee/artifacts/1300b0aE.dag/Unity.Purchasing.AppleStub.rsp
[ 627/2211  0s] WriteText Library/Bee/artifacts/1300b0aE.dag/Unity.Purchasing.AppleMacosStub.rsp
[ 661/2211  0s] WriteText Library/Bee/artifacts/1300b0aE.dag/Unity.Services.Core.Registration.rsp
[ 662/2211  0s] WriteText Library/Bee/artifacts/1300b0aE.dag/Unity.Services.Core.Components.rsp
[ 663/2211  0s] WriteText Library/Bee/artifacts/1300b0aE.dag/Unity.AI.Image.rsp
[ 664/2211  0s] WriteText Library/Bee/artifacts/1300b0aE.dag/Unity.2D.Common.Editor.rsp
[ 665/2211  0s] WriteText Library/Bee/artifacts/1300b0aE.dag/Unity.AI.Mesh.rsp
[ 672/2211  0s] WriteText Library/Bee/artifacts/1300b0aE.dag/Unity.AI.Animate.rsp
[ 685/2211  0s] WriteText Library/Bee/artifacts/1300b0aE.dag/Unity.2D.SpriteShape.Runtime.rsp
[ 686/2211  0s] WriteText Library/Bee/artifacts/1300b0aE.dag/Unity.AI.Pbr.rsp
[ 687/2211  0s] WriteText Library/Bee/artifacts/1300b0aE.dag/Unity.AI.Sound.rsp
[ 688/2211  0s] WriteText Library/Bee/artifacts/1300b0aE.dag/Unity.RenderPipelines.Core.Editor.rsp
[ 689/2211  0s] WriteText Library/Bee/artifacts/1300b0aE.dag/Acuaria.Aquarium.rsp
[ 690/2211  0s] WriteText Library/Bee/artifacts/1300b0aE.dag/Unity.2D.Tilemap.Editor.rsp
[ 691/2211  0s] WriteText Library/Bee/artifacts/1300b0aE.dag/Unity.VisualScripting.State.rsp
[ 692/2211  0s] WriteText Library/Bee/artifacts/1300b0aE.dag/Unity.ShaderGraph.Utilities.rsp
[ 693/2211  0s] WriteText Library/Bee/artifacts/1300b0aE.dag/Unity.VisualScripting.Flow.Editor.rsp
[ 694/2211  0s] WriteText Library/Bee/artifacts/1300b0aE.dag/Unity.2D.Triangulation.Runtime.rsp
[ 695/2211  0s] WriteText Library/Bee/artifacts/1300b0aE.dag/Unity.AI.Assistant.UI.Editor.rsp
[ 696/2211  0s] WriteText Library/Bee/artifacts/1300b0aE.dag/Unity.InternalAPIEditorBridge.ShaderGraph.Editor.rsp
[ 697/2211  0s] WriteText Library/Bee/artifacts/1300b0aE.dag/Unity.Searcher.Editor.rsp
[ 698/2211  0s] WriteText Library/Bee/artifacts/1300b0aE.dag/Unity.Purchasing.Stores.rsp
[ 699/2211  0s] WriteText Library/Bee/artifacts/1300b0aE.dag/Unity.AppUI.Redux.rsp
[ 705/2211  0s] WriteText Library/Bee/artifacts/1300b0aE.dag/Unity.Services.Core.Editor.rsp
[ 708/2211  0s] WriteText Library/Bee/artifacts/1300b0aE.dag/Unity.AI.Generators.Tools.rsp
[ 709/2211  0s] WriteText Library/Bee/artifacts/1300b0aE.dag/Unity.InferenceEngine.Microsoft.Msagl.rsp
[ 718/2211  0s] WriteText Library/Bee/artifacts/1300b0aE.dag/Unity.RenderPipelines.Universal.2D.Runtime.rsp
[ 750/2211  0s] WriteText Library/Bee/artifacts/1300b0aE.dag/Acuaria.UI.rsp
[ 760/2211  0s] WriteText Library/Bee/artifacts/1300b0aE.dag/Unity.PlasticSCM.Editor.rsp
[ 802/2211  0s] WriteText Library/Bee/artifacts/1300b0aE.dag/Unity.Burst.Editor.rsp
[ 803/2211  0s] WriteText Library/Bee/artifacts/1300b0aE.dag/Unity.AppUI.Editor.rsp
[ 820/2211  0s] WriteText Library/Bee/artifacts/1300b0aE.dag/Unity.2D.Common.Path.Editor.rsp
[ 821/2211  0s] WriteText Library/Bee/artifacts/1300b0aE.dag/Unity.2D.Animation.Editor.rsp
[ 831/2211  0s] WriteText Library/Bee/artifacts/1300b0aE.dag/Unity.RenderPipelines.Core.Editor.Shared.rsp
[ 832/2211  0s] WriteText Library/Bee/artifacts/1300b0aE.dag/Unity.Microsoft.GDK.Discovery.rsp
[ 836/2211  0s] WriteText Library/Bee/artifacts/1300b0aE.dag/Unity.ShaderGraph.Editor.rsp
[ 861/2211  0s] WriteText Library/Bee/artifacts/1300b0aE.dag/Unity.AppUI.Navigation.rsp
[ 865/2211  0s] WriteText Library/Bee/artifacts/1300b0aE.dag/Unity.2D.Tilemap.Extras.rsp
[ 869/2211  0s] WriteText Library/Bee/artifacts/1300b0aE.dag/Unity.AI.Assistant.API.Editor.rsp
[ 870/2211  0s] WriteText Library/Bee/artifacts/1300b0aE.dag/Unity.InferenceEngine.ONNX.Editor.rsp
[ 871/2211  0s] WriteText Library/Bee/artifacts/1300b0aE.dag/Unity.Services.Core.Environments.Editor.rsp
[ 872/2211  0s] WriteText Library/Bee/artifacts/1300b0aE.dag/Unity.Purchasing.Codeless.rsp
[ 875/2211  0s] WriteText Library/Bee/artifacts/1300b0aE.dag/Unity.PerformanceTesting.rsp
[ 876/2211  0s] WriteText Library/Bee/artifacts/1300b0aE.dag/Unity.Multiplayer.Center.Common.rsp
[ 877/2211  0s] WriteText Library/Bee/artifacts/1300b0aE.dag/Unity.Microsoft.GDK.Tools.rsp
[ 878/2211  0s] WriteText Library/Bee/artifacts/1300b0aE.dag/Unity.2D.Aseprite.Common.rsp
[ 879/2211  0s] WriteText Library/Bee/artifacts/1300b0aE.dag/Unity.2D.IK.Runtime.rsp
[ 880/2211  0s] WriteText Library/Bee/artifacts/1300b0aE.dag/Unity.AI.Assistant.AssetGenerators.Editor.rsp
[ 881/2211  0s] WriteText Library/Bee/artifacts/1300b0aE.dag/Unity.VisualScripting.State.Editor.rsp
[ 882/2211  0s] WriteText Library/Bee/artifacts/1300b0aE.dag/Unity.AI.MCP.Runtime.rsp
[ 883/2211  0s] WriteText Library/Bee/artifacts/1300b0aE.dag/Unity.InferenceEngine.Editor.Visualizer.rsp
[ 884/2211  0s] WriteText Library/Bee/artifacts/1300b0aE.dag/Unity.Timeline.rsp
[ 885/2211  0s] WriteText Library/Bee/artifacts/1300b0aE.dag/Acuaria.Audio.rsp
[ 886/2211  0s] WriteText Library/Bee/artifacts/1300b0aE.dag/PsdPlugin.rsp
[ 888/2211  0s] WriteText Library/Bee/artifacts/1300b0aE.dag/Acuaria.Room.rsp
[ 889/2211  0s] WriteText Library/Bee/artifacts/1300b0aE.dag/Unity.InferenceEngine.iOSBLAS.rsp
[ 891/2211  0s] WriteText Library/Bee/artifacts/1300b0aE.dag/Unity.InferenceEngine.MacBLAS.rsp
[ 892/2211  0s] WriteText Library/Bee/artifacts/1300b0aE.dag/Unity.AppUI.MVVM.rsp
[ 893/2211  0s] WriteText Library/Bee/artifacts/1300b0aE.dag/Unity.Services.Core.Analytics.rsp
[ 896/2211  0s] WriteText Library/Bee/artifacts/1300b0aE.dag/Unity.InferenceEngine.Tokenization.rsp
[ 897/2211  0s] WriteText Library/Bee/artifacts/1300b0aE.dag/Unity.AppUI.Undo.rsp
[ 898/2211  0s] WriteText Library/Bee/artifacts/1300b0aE.dag/Unity.RenderPipelines.ShaderGraph.ShaderGraphLibrary.rsp
[ 899/2211  0s] WriteText Library/Bee/artifacts/1300b0aE.dag/Unity.RenderPipelines.Core.ShaderLibrary.rsp
[ 900/2211  0s] WriteText Library/Bee/artifacts/1300b0aE.dag/Unity.VisualScripting.DocCodeExamples.rsp
[ 901/2211  0s] WriteText Library/Bee/artifacts/1300b0aE.dag/Unity.RenderPipelines.Universal.Shaders.rsp
[ 902/2211  0s] WriteText Library/Bee/artifacts/1300b0aE.dag/Unity.InputSystem.ForUI.rsp
[ 903/2211  0s] WriteText Library/Bee/artifacts/1300b0aE.dag/Unity.InputSystem.TestFramework.rsp
[ 904/2211  0s] WriteText Library/Bee/artifacts/1300b0aE.dag/Acuaria.Editor.rsp
[ 905/2211  0s] WriteText Library/Bee/artifacts/1300b0aE.dag/Unity.2D.SpriteShape.Editor.rsp
[ 906/2211  0s] WriteText Library/Bee/artifacts/1300b0aE.dag/UnityEditor.UI.Analytics.rsp
[ 907/2211  0s] WriteText Library/Bee/artifacts/1300b0aE.dag/Unity.VisualScripting.Shared.Editor.rsp
[ 908/2211  0s] WriteText Library/Bee/artifacts/1300b0aE.dag/Acuaria.Feeding.EditModeTests.rsp
[ 909/2211  0s] WriteText Library/Bee/artifacts/1300b0aE.dag/Unity.PlasticSCM.Editor.Assistant.rsp
[ 910/2211  0s] WriteText Library/Bee/artifacts/1300b0aE.dag/Acuaria.Fish.EditModeTests.rsp
[ 911/2211  0s] WriteText Library/Bee/artifacts/1300b0aE.dag/Unity.VisualScripting.SettingsProvider.Editor.rsp
[ 912/2211  0s] WriteText Library/Bee/artifacts/1300b0aE.dag/ScriptablePacker.rsp
[ 913/2211  0s] WriteText Library/Bee/artifacts/1300b0aE.dag/IAPResolver.rsp
[ 914/2211  0s] WriteText Library/Bee/artifacts/1300b0aE.dag/Unity.PlasticSCM.Editor.Entities.rsp
[ 915/2211  0s] WriteText Library/Bee/artifacts/1300b0aE.dag/Unity.2D.IK.Editor.rsp
[ 916/2211  0s] WriteResponseFile Library/Bee/artifacts/rsp/3066054297810481274.rsp
[ 917/2211  0s] WriteText Library/Bee/artifacts/1300b0aE.dag/Acuaria.Aquarium.EditModeTests.rsp
[ 918/2211  0s] WriteText Library/Bee/artifacts/1300b0aE.dag/Unity.2D.Aseprite.Editor.rsp
[ 919/2211  0s] WriteResponseFile Library/Bee/artifacts/rsp/11511576601655463433.rsp
[ 920/2211  0s] WriteResponseFile Library/Bee/artifacts/rsp/10847175043202119228.rsp
[ 921/2211  0s] WriteText Library/Bee/artifacts/1300b0aE.dag/Acuaria.Room.EditModeTests.rsp
[ 922/2211  0s] WriteResponseFile Library/Bee/artifacts/rsp/8729155220457321768.rsp
[ 923/2211  0s] WriteResponseFile Library/Bee/artifacts/rsp/10888462760497858608.rsp
[ 924/2211  0s] WriteText Library/Bee/artifacts/1300b0aE.dag/Unity.TextMeshPro.Editor.rsp
[ 925/2211  0s] WriteResponseFile Library/Bee/artifacts/rsp/14008233291151851381.rsp
[ 926/2211  0s] WriteText Library/Bee/artifacts/1300b0aE.dag/Unity.AppUI.Redux.Editor.rsp
[ 927/2211  0s] WriteText Library/Bee/artifacts/1300b0aE.dag/Unity.2D.Psdimporter.Editor.rsp
[ 928/2211  0s] WriteResponseFile Library/Bee/artifacts/rsp/3918881700225894028.rsp
[ 929/2211  0s] WriteResponseFile Library/Bee/artifacts/rsp/10401018711232742232.rsp
[ 930/2211  0s] WriteText Library/Bee/artifacts/1300b0aE.dag/Unity.InferenceEngine.Editor.rsp
[ 931/2211  0s] WriteText Library/Bee/artifacts/1300b0aE.dag/Unity.AppUI.Navigation.Editor.rsp
[ 932/2211  0s] WriteText Library/Bee/artifacts/1300b0aE.dag/Unity.CollabProxy.Editor.rsp
[ 933/2211  0s] WriteText Library/Bee/artifacts/1300b0aE.dag/Unity.AI.Assistant.Integrations.Profiler.Editor.rsp
[ 934/2211  0s] WriteText Library/Bee/artifacts/1300b0aE.dag/Unity.RenderPipelines.Universal.2D.Editor.Overrides.rsp
[ 935/2211  0s] WriteResponseFile Library/Bee/artifacts/rsp/2972222868924049755.rsp
[ 936/2211  0s] WriteResponseFile Library/Bee/artifacts/rsp/15822029657000475244.rsp
[ 937/2211  0s] WriteText Library/Bee/artifacts/1300b0aE.dag/Unity.Purchasing.Editor.Shared.rsp
[ 938/2211  0s] WriteResponseFile Library/Bee/artifacts/rsp/10592572341192533515.rsp
[ 939/2211  0s] WriteText Library/Bee/artifacts/1300b0aE.dag/Unity.RenderPipelines.Universal.Editor.rsp
[ 940/2211  0s] WriteResponseFile Library/Bee/artifacts/rsp/2855630747675663083.rsp
[ 941/2211  0s] WriteText Library/Bee/artifacts/1300b0aE.dag/UnityEditor.Purchasing.rsp
[ 942/2211  0s] WriteText Library/Bee/artifacts/1300b0aE.dag/Unity.PerformanceTesting.Editor.rsp
[ 943/2211  0s] WriteResponseFile Library/Bee/artifacts/rsp/16658277774183033024.rsp
[ 944/2211  0s] WriteText Library/Bee/artifacts/1300b0aE.dag/Unity.AI.MCP.Editor.rsp
[ 945/2211  0s] WriteText Library/Bee/artifacts/1300b0aE.dag/Unity.Microsoft.GDK.Editor.rsp
[ 946/2211  0s] WriteResponseFile Library/Bee/artifacts/rsp/289215647867572273.rsp
[ 947/2211  0s] WriteText Library/Bee/artifacts/1300b0aE.dag/Unity.InputSystem.DocCodeSamples.rsp
[ 948/2211  0s] WriteText Library/Bee/artifacts/1300b0aE.dag/Unity.2D.Tilemap.Extras.Editor.rsp
[ 949/2211  0s] WriteText Library/Bee/artifacts/1300b0aE.dag/Unity.Timeline.Editor.rsp
[ 950/2211  0s] WriteResponseFile Library/Bee/artifacts/rsp/13970531626928677.rsp
[ 951/2211  0s] WriteResponseFile Library/Bee/artifacts/rsp/4620269258071374037.rsp
[ 952/2211  0s] WriteText Library/Bee/artifacts/1300b0aE.dag/Unity.Multiplayer.Center.Editor.rsp
[ 953/2211  0s] WriteResponseFile Library/Bee/artifacts/rsp/10200443812552500153.rsp
[ 954/2211  0s] WriteResponseFile Library/Bee/artifacts/rsp/8699098077424364950.rsp
[ 955/2211  0s] WriteText Library/Bee/artifacts/1300b0aE.dag/Unity.Collections.Editor.rsp
[ 956/2211  0s] WriteResponseFile Library/Bee/artifacts/rsp/17426999905933582995.rsp
[ 957/2211  0s] WriteText Library/Bee/artifacts/1300b0aE.dag/Unity.2D.Tooling.Editor.rsp
[ 958/2211  0s] WriteText Library/Bee/artifacts/1300b0aE.dag/Unity.Rendering.LightTransport.Editor.rsp
[ 959/2211  0s] WriteText Library/Bee/artifacts/1300b0aE.dag/Unity.Microsoft.GDK.Tools.Editor.rsp
[ 960/2211  0s] WriteResponseFile Library/Bee/artifacts/rsp/18322172259747250364.rsp
[ 961/2211  0s] WriteResponseFile Library/Bee/artifacts/rsp/9674472618506675568.rsp
[ 962/2211  0s] WriteResponseFile Library/Bee/artifacts/rsp/10967801669428031168.rsp
[ 963/2211  0s] WriteResponseFile Library/Bee/artifacts/rsp/14735455890999770776.rsp
[ 964/2211  0s] WriteResponseFile Library/Bee/artifacts/rsp/17965290095945148696.rsp
[ 965/2211  0s] WriteResponseFile Library/Bee/artifacts/rsp/17054765073185169448.rsp
[ 966/2211  0s] WriteResponseFile Library/Bee/artifacts/rsp/1091853814151126383.rsp
[ 967/2211  0s] WriteResponseFile Library/Bee/artifacts/rsp/2905846839826360205.rsp
[ 968/2211  0s] WriteResponseFile Library/Bee/artifacts/rsp/17919085360539615284.rsp
[ 969/2211  0s] WriteResponseFile Library/Bee/artifacts/rsp/13297483610234242277.rsp
[ 970/2211  0s] WriteResponseFile Library/Bee/artifacts/rsp/14336251148300618570.rsp
[ 971/2211  0s] WriteResponseFile Library/Bee/artifacts/rsp/10644712806377601794.rsp
[ 972/2211  0s] WriteResponseFile Library/Bee/artifacts/rsp/1232274352515183983.rsp
[ 973/2211  0s] WriteResponseFile Library/Bee/artifacts/rsp/10689419883888256699.rsp
[ 974/2211  0s] WriteResponseFile Library/Bee/artifacts/rsp/16931096754936575283.rsp
[ 975/2211  0s] WriteResponseFile Library/Bee/artifacts/rsp/6246616111965997977.rsp
[ 976/2211  0s] WriteResponseFile Library/Bee/artifacts/rsp/12710470445926005868.rsp
[ 977/2211  0s] WriteResponseFile Library/Bee/artifacts/rsp/756283098935716355.rsp
[ 978/2211  0s] WriteResponseFile Library/Bee/artifacts/rsp/8025669161390045999.rsp
[ 979/2211  0s] WriteResponseFile Library/Bee/artifacts/rsp/13931342362222094239.rsp
[ 980/2211  0s] WriteResponseFile Library/Bee/artifacts/rsp/13465028941639940531.rsp
[ 981/2211  0s] WriteResponseFile Library/Bee/artifacts/rsp/17937425688388696721.rsp
[ 982/2211  0s] WriteResponseFile Library/Bee/artifacts/rsp/14766417312785779109.rsp
[ 983/2211  0s] WriteResponseFile Library/Bee/artifacts/rsp/17757397605094907995.rsp
[ 984/2211  0s] WriteResponseFile Library/Bee/artifacts/rsp/13316254593911903285.rsp
[ 985/2211  0s] WriteResponseFile Library/Bee/artifacts/rsp/14813072935959523708.rsp
[ 986/2211  0s] WriteResponseFile Library/Bee/artifacts/rsp/10964915000351727870.rsp
[ 987/2211  0s] WriteResponseFile Library/Bee/artifacts/rsp/3523299737306911443.rsp
[ 988/2211  0s] WriteResponseFile Library/Bee/artifacts/rsp/233201069691048639.rsp
[ 989/2211  0s] WriteResponseFile Library/Bee/artifacts/rsp/1786589184738026931.rsp
[ 990/2211  0s] WriteResponseFile Library/Bee/artifacts/rsp/2536172375347383056.rsp
[ 991/2211  0s] WriteResponseFile Library/Bee/artifacts/rsp/821330958919504225.rsp
[ 992/2211  0s] WriteResponseFile Library/Bee/artifacts/rsp/17582761520220865613.rsp
[ 993/2211  0s] WriteResponseFile Library/Bee/artifacts/rsp/13052064950939545325.rsp
[ 994/2211  0s] WriteResponseFile Library/Bee/artifacts/rsp/14518154272557040645.rsp
[ 995/2211  0s] WriteResponseFile Library/Bee/artifacts/rsp/1611384070209416087.rsp
[ 996/2211  0s] WriteResponseFile Library/Bee/artifacts/rsp/16514798858072012908.rsp
[ 997/2211  0s] WriteResponseFile Library/Bee/artifacts/rsp/5970582396690170210.rsp
[ 998/2211  0s] WriteResponseFile Library/Bee/artifacts/rsp/3518005517008711857.rsp
[ 999/2211  0s] WriteResponseFile Library/Bee/artifacts/rsp/10287777301456656091.rsp
[1000/2211  0s] WriteResponseFile Library/Bee/artifacts/rsp/13970281739658124476.rsp
[1001/2211  0s] WriteResponseFile Library/Bee/artifacts/rsp/8602017771388003798.rsp
[1002/2211  0s] WriteResponseFile Library/Bee/artifacts/rsp/1967546141498291542.rsp
[1003/2211  0s] WriteResponseFile Library/Bee/artifacts/rsp/3304792124007713917.rsp
[1004/2211  0s] WriteResponseFile Library/Bee/artifacts/rsp/8390432976022905972.rsp
[1005/2211  0s] WriteResponseFile Library/Bee/artifacts/rsp/14566175992678128464.rsp
[1006/2211  0s] WriteResponseFile Library/Bee/artifacts/rsp/4134600381621047320.rsp
[1007/2211  0s] WriteResponseFile Library/Bee/artifacts/rsp/12840568150877462251.rsp
[1008/2211  0s] WriteResponseFile Library/Bee/artifacts/rsp/13366779368918240820.rsp
[1009/2211  0s] WriteResponseFile Library/Bee/artifacts/rsp/5399499254828612244.rsp
[1010/2211  0s] WriteResponseFile Library/Bee/artifacts/rsp/5719315610345306174.rsp
[1011/2211  0s] WriteResponseFile Library/Bee/artifacts/rsp/17594018927210330302.rsp
[1012/2211  0s] WriteResponseFile Library/Bee/artifacts/rsp/9270447892738695245.rsp
[1013/2211  0s] WriteResponseFile Library/Bee/artifacts/rsp/3305602452097293432.rsp
[1014/2211  0s] WriteResponseFile Library/Bee/artifacts/rsp/18228123883807963745.rsp
[1015/2211  0s] WriteResponseFile Library/Bee/artifacts/rsp/7784140384620883132.rsp
[1016/2211  0s] WriteResponseFile Library/Bee/artifacts/rsp/10397767430618261288.rsp
[1017/2211  0s] WriteResponseFile Library/Bee/artifacts/rsp/12150772771903438830.rsp
[1018/2211  0s] WriteResponseFile Library/Bee/artifacts/rsp/4810742575054308455.rsp
[1019/2211  0s] WriteResponseFile Library/Bee/artifacts/rsp/5776278630737689099.rsp
[1020/2211  0s] WriteResponseFile Library/Bee/artifacts/rsp/8145176672809756954.rsp
[1021/2211  0s] WriteResponseFile Library/Bee/artifacts/rsp/2555272061935128905.rsp
[1022/2211  0s] WriteResponseFile Library/Bee/artifacts/rsp/8954280303315876055.rsp
[1023/2211  0s] WriteResponseFile Library/Bee/artifacts/rsp/18083169557732820060.rsp
[1024/2211  0s] WriteResponseFile Library/Bee/artifacts/rsp/12602977750693246875.rsp
[1025/2211  0s] WriteResponseFile Library/Bee/artifacts/rsp/5142833996368295098.rsp
[1026/2211  0s] WriteResponseFile Library/Bee/artifacts/rsp/12712424312703648640.rsp
[1027/2211  0s] WriteResponseFile Library/Bee/artifacts/rsp/703524317124109515.rsp
[1028/2211  0s] WriteResponseFile Library/Bee/artifacts/rsp/4485339392864604320.rsp
[1029/2211  0s] WriteResponseFile Library/Bee/artifacts/rsp/10007929651691921392.rsp
[1030/2211  0s] WriteResponseFile Library/Bee/artifacts/rsp/8552680569271405727.rsp
[1031/2211  0s] WriteResponseFile Library/Bee/artifacts/rsp/3214467445541112777.rsp
[1032/2211  0s] WriteResponseFile Library/Bee/artifacts/rsp/17390012628829575366.rsp
[1033/2211  0s] WriteResponseFile Library/Bee/artifacts/rsp/3067536533536696810.rsp
[1034/2211  0s] WriteResponseFile Library/Bee/artifacts/rsp/9886885378311276114.rsp
[1035/2211  0s] WriteResponseFile Library/Bee/artifacts/rsp/16372178809678277784.rsp
[1036/2211  0s] WriteResponseFile Library/Bee/artifacts/rsp/12303857618959198109.rsp
[1037/2211  0s] WriteResponseFile Library/Bee/artifacts/rsp/15777488915826301161.rsp
[1038/2211  0s] WriteResponseFile Library/Bee/artifacts/rsp/3303176138199151567.rsp
[1039/2211  0s] WriteResponseFile Library/Bee/artifacts/rsp/14435380771392905056.rsp
[1040/2211  0s] WriteResponseFile Library/Bee/artifacts/rsp/8987614382574014309.rsp
[1041/2211  0s] WriteResponseFile Library/Bee/artifacts/rsp/8518886007441418554.rsp
[1042/2211  0s] WriteResponseFile Library/Bee/artifacts/rsp/16819261352220689616.rsp
[1043/2211  0s] WriteResponseFile Library/Bee/artifacts/rsp/9044315809451091907.rsp
[1044/2211  0s] WriteResponseFile Library/Bee/artifacts/rsp/14537822297989447453.rsp
[1045/2211  0s] WriteResponseFile Library/Bee/artifacts/rsp/7611903119678565411.rsp
[1046/2211  0s] WriteResponseFile Library/Bee/artifacts/rsp/3215761544584345303.rsp
[1047/2211  0s] WriteResponseFile Library/Bee/artifacts/rsp/17184976507885984284.rsp
[1048/2211  0s] WriteResponseFile Library/Bee/artifacts/rsp/11793339452918001205.rsp
[1049/2211  0s] WriteResponseFile Library/Bee/artifacts/rsp/16600461807233704356.rsp
[1050/2211  0s] WriteResponseFile Library/Bee/artifacts/rsp/8789678140127604791.rsp
[1051/2211  0s] WriteResponseFile Library/Bee/artifacts/rsp/4411073217520904471.rsp
[1052/2211  0s] WriteResponseFile Library/Bee/artifacts/rsp/13966027777634868133.rsp
[1053/2211  0s] WriteResponseFile Library/Bee/artifacts/rsp/2575615889380309149.rsp
[1054/2211  0s] WriteResponseFile Library/Bee/artifacts/rsp/12645007640314640569.rsp
[1055/2211  0s] WriteResponseFile Library/Bee/artifacts/rsp/3374228670950888938.rsp
[1056/2211  0s] WriteResponseFile Library/Bee/artifacts/rsp/5363686920344649345.rsp
[1057/2211  0s] WriteResponseFile Library/Bee/artifacts/rsp/4800824698347188408.rsp
[1058/2211  0s] WriteResponseFile Library/Bee/artifacts/rsp/8059665266535953952.rsp
[1059/2211  0s] WriteResponseFile Library/Bee/artifacts/rsp/11902593787397624124.rsp
[1060/2211  0s] WriteResponseFile Library/Bee/artifacts/rsp/17772545061841082557.rsp
[1061/2211  0s] WriteResponseFile Library/Bee/artifacts/rsp/15164701745619964001.rsp
[1062/2211  0s] WriteResponseFile Library/Bee/artifacts/rsp/6442277200419780992.rsp
[1063/2211  0s] WriteResponseFile Library/Bee/artifacts/rsp/13637130960670326671.rsp
[1064/2211  0s] WriteResponseFile Library/Bee/artifacts/rsp/13802330963387790877.rsp
[1065/2211  0s] WriteResponseFile Library/Bee/artifacts/rsp/17619925978337972561.rsp
[1066/2211  0s] WriteResponseFile Library/Bee/artifacts/rsp/1241983690948158776.rsp
[1067/2211  0s] WriteResponseFile Library/Bee/artifacts/rsp/3525977299383787660.rsp
[1068/2211  0s] WriteResponseFile Library/Bee/artifacts/rsp/9703849505939466275.rsp
[1069/2211  0s] WriteText Library/Bee/artifacts/1300b0aE.dag/Unity.Rider.Editor.rsp
[1070/2211  0s] WriteResponseFile Library/Bee/artifacts/rsp/14242374654967840925.rsp
[1071/2211  0s] WriteResponseFile Library/Bee/artifacts/rsp/14540844418576930643.rsp
[1072/2211  0s] WriteText Library/Bee/artifacts/1300b0aE.dag/Unity.VisualStudio.Editor.rsp
[1073/2211  0s] WriteResponseFile Library/Bee/artifacts/rsp/1172049482790862315.rsp
[1074/2211  0s] WriteResponseFile Library/Bee/artifacts/rsp/12007407265342529191.rsp
[1075/2211  0s] WriteResponseFile Library/Bee/artifacts/rsp/7402756250175941108.rsp
[1076/2211  0s] WriteResponseFile Library/Bee/artifacts/rsp/9819039898477259923.rsp
[1077/2211  0s] WriteResponseFile Library/Bee/artifacts/rsp/10448040221652917037.rsp
[1078/2211  0s] WriteResponseFile Library/Bee/artifacts/rsp/15412915583102750522.rsp
[1079/2211  0s] WriteResponseFile Library/Bee/artifacts/rsp/15184209867333330158.rsp
[1080/2211  0s] WriteResponseFile Library/Bee/artifacts/rsp/1744295493734331085.rsp
[1081/2211  0s] WriteResponseFile Library/Bee/artifacts/rsp/11824854402117669058.rsp
[1082/2211  0s] WriteResponseFile Library/Bee/artifacts/rsp/709639717208247356.rsp
[1083/2211  0s] WriteResponseFile Library/Bee/artifacts/rsp/9075397928717196760.rsp
[1084/2211  0s] WriteResponseFile Library/Bee/artifacts/rsp/9569142104674744329.rsp
[1085/2211  0s] WriteResponseFile Library/Bee/artifacts/rsp/5411156671350372963.rsp
[1086/2211  0s] WriteResponseFile Library/Bee/artifacts/rsp/12098234485063807520.rsp
[1087/2211  0s] WriteResponseFile Library/Bee/artifacts/rsp/7904147777937170644.rsp
[1088/2211  0s] WriteResponseFile Library/Bee/artifacts/rsp/2726747299375421121.rsp
[1089/2211  0s] WriteResponseFile Library/Bee/artifacts/rsp/9212459627061007907.rsp
[1090/2211  0s] WriteResponseFile Library/Bee/artifacts/rsp/9102780143861914336.rsp
[1091/2211  0s] WriteResponseFile Library/Bee/artifacts/rsp/10608644504713099094.rsp
[1092/2211  0s] WriteResponseFile Library/Bee/artifacts/rsp/9844852725533748748.rsp
[1093/2211  0s] WriteResponseFile Library/Bee/artifacts/rsp/5554560333246101996.rsp
[1094/2211  0s] WriteResponseFile Library/Bee/artifacts/rsp/740093760171172203.rsp
[1095/2211  0s] WriteResponseFile Library/Bee/artifacts/rsp/16501560687755270999.rsp
[1096/2211  0s] WriteResponseFile Library/Bee/artifacts/rsp/4647774946396185751.rsp
[1097/2211  0s] WriteResponseFile Library/Bee/artifacts/rsp/9198407569815801568.rsp
[1098/2211  0s] WriteResponseFile Library/Bee/artifacts/rsp/1981472465749282022.rsp
[1099/2211  0s] WriteResponseFile Library/Bee/artifacts/rsp/2253713187385029143.rsp
[1100/2211  0s] WriteResponseFile Library/Bee/artifacts/rsp/9884096119697234035.rsp
[1101/2211  0s] WriteResponseFile Library/Bee/artifacts/rsp/9195266896295836757.rsp
[1102/2211  0s] WriteResponseFile Library/Bee/artifacts/rsp/15682845647733390054.rsp
[1103/2211  0s] WriteResponseFile Library/Bee/artifacts/rsp/11999323142404156371.rsp
[1104/2211  0s] WriteResponseFile Library/Bee/artifacts/rsp/1729404573335410471.rsp
[1105/2211  0s] WriteResponseFile Library/Bee/artifacts/rsp/11002697527159870019.rsp
[1106/2211  0s] WriteResponseFile Library/Bee/artifacts/rsp/17510839795233210480.rsp
[1107/2211  0s] WriteResponseFile Library/Bee/artifacts/rsp/16584913788396085084.rsp
[1108/2211  0s] WriteResponseFile Library/Bee/artifacts/rsp/11515818914287258962.rsp
[1109/2211  0s] WriteResponseFile Library/Bee/artifacts/rsp/18206623046959101476.rsp
[1110/2211  0s] WriteResponseFile Library/Bee/artifacts/rsp/9935807585108435671.rsp
[1111/2211  0s] WriteResponseFile Library/Bee/artifacts/rsp/10514843007091821179.rsp
[1112/2211  0s] WriteResponseFile Library/Bee/artifacts/rsp/16972747988412433571.rsp
[1113/2211  0s] WriteResponseFile Library/Bee/artifacts/rsp/1188188249925086948.rsp
[1114/2211  0s] WriteResponseFile Library/Bee/artifacts/rsp/11823786202897662469.rsp
[1115/2211  0s] WriteResponseFile Library/Bee/artifacts/rsp/9097835524928946318.rsp
[1116/2211  0s] WriteResponseFile Library/Bee/artifacts/rsp/15275644914897988361.rsp
[1115/2211  0s] Csc Library/Bee/artifacts/1300b0aE.dag/UnityEngine.UI.dll (+2 others) [CacheHit 110ef2c9c954b45ef94139e40976814700000000000000000000000000000006]
[1117/2211  0s] Csc Library/Bee/artifacts/1300b0aE.dag/UnityEngine.UI.dll (+2 others)
[1119/2211  0s] WriteResponseFile Library/Bee/artifacts/rsp/16905974325080997953.rsp
[1120/2211  0s] WriteResponseFile Library/Bee/artifacts/rsp/10078712023569429724.rsp
[1121/2211  0s] WriteResponseFile Library/Bee/artifacts/rsp/10718943009391788070.rsp
[1122/2211  0s] WriteResponseFile Library/Bee/artifacts/rsp/1686693736056180289.rsp
[1123/2211  0s] WriteResponseFile Library/Bee/artifacts/rsp/13298539486094942562.rsp
[1124/2211  0s] WriteResponseFile Library/Bee/artifacts/rsp/18239973129051649534.rsp
[1125/2211  0s] WriteResponseFile Library/Bee/artifacts/rsp/74816008249421441.rsp
[1126/2211  0s] WriteResponseFile Library/Bee/artifacts/rsp/14351532175408764962.rsp
[1127/2211  0s] WriteResponseFile Library/Bee/artifacts/rsp/17079761904578278886.rsp
[1128/2211  0s] WriteResponseFile Library/Bee/artifacts/rsp/15057807673945199079.rsp
[1129/2211  0s] WriteResponseFile Library/Bee/artifacts/rsp/17005668271194425053.rsp
[1130/2211  0s] WriteResponseFile Library/Bee/artifacts/rsp/11726837208814787111.rsp
[1130/2211  0s] Csc Library/Bee/artifacts/1300b0aE.dag/UnityEngine.TestRunner.dll (+2 others) [CacheHit 41739c55fa10bc491d5d43f8f0a6b25100000000000000000000000000000006]
[1132/2211  0s] Csc Library/Bee/artifacts/1300b0aE.dag/UnityEngine.TestRunner.dll (+2 others)
[1134/2211  0s] CopyFiles Library/ScriptAssemblies/UnityEngine.TestRunner.pdb
[1134/2211  0s] Csc Library/Bee/artifacts/1300b0aE.dag/UnityEditor.TestRunner.dll (+2 others) [CacheHit 0a4028d616cd97d34c64e27bc0fbd4fb00000000000000000000000000000006]
[1137/2211  0s] Csc Library/Bee/artifacts/1300b0aE.dag/UnityEditor.TestRunner.dll (+2 others)
[1139/2211  0s] CopyFiles Library/ScriptAssemblies/UnityEditor.TestRunner.pdb
[1138/2211  0s] Csc Library/Bee/artifacts/1300b0aE.dag/UnityEditor.UI.dll (+2 others) [CacheHit 3d6a0cce9c50305c8fe6c1a6d08325e800000000000000000000000000000006]
[1142/2211  0s] Csc Library/Bee/artifacts/1300b0aE.dag/UnityEditor.UI.dll (+2 others)
[1172/2211  0s] Csc Library/Bee/artifacts/1300b0aE.dag/Unity.AI.Toolkit.Async.dll (+2 others) [CacheHit 60dd6792910b678cc30770b9c16cd93900000000000000000000000000000006]
[1177/2211  0s] Csc Library/Bee/artifacts/1300b0aE.dag/Unity.AI.Toolkit.Async.dll (+2 others)
[1173/2211  0s] Csc Library/Bee/artifacts/1300b0aE.dag/Unity.Services.Core.dll (+2 others) [CacheHit 5e09c4621e744a975aec7e893ee7cfd300000000000000000000000000000006]
[1179/2211  0s] Csc Library/Bee/artifacts/1300b0aE.dag/Unity.Services.Core.dll (+2 others)
[1174/2211  0s] Csc Library/Bee/artifacts/1300b0aE.dag/Unity.InternalAPIEngineBridge.RenderPipelines.Core.Editor.dll (+2 others) [CacheHit 94718e03a40e7013ddbf589ce0304a4700000000000000000000000000000006]
[1181/2211  0s] Csc Library/Bee/artifacts/1300b0aE.dag/Unity.InternalAPIEngineBridge.RenderPipelines.Core.Editor.dll (+2 others)
[1178/2211  0s] Csc Library/Bee/artifacts/1300b0aE.dag/Unity.AI.Toolkit.Utility.dll (+2 others) [CacheHit b276148ea607574b9b50d0be2ae1a8e000000000000000000000000000000006]
[1186/2211  0s] Csc Library/Bee/artifacts/1300b0aE.dag/Unity.AI.Toolkit.Utility.dll (+2 others)
[1179/2211  0s] Csc Library/Bee/artifacts/1300b0aE.dag/Unity.InternalAPIEngineBridge.004.dll (+2 others) [CacheHit 02038acd4f6d9eb0561a687f02962e6000000000000000000000000000000006]
[1188/2211  0s] Csc Library/Bee/artifacts/1300b0aE.dag/Unity.InternalAPIEngineBridge.004.dll (+2 others)
[1182/2211  0s] Csc Library/Bee/artifacts/1300b0aE.dag/Unity.AI.Assistant.Annotations.Editor.dll (+2 others) [CacheHit 469d32aa32a2a032ef8f6d2a9883ac3a00000000000000000000000000000006]
[1192/2211  0s] Csc Library/Bee/artifacts/1300b0aE.dag/Unity.AI.Assistant.Annotations.Editor.dll (+2 others)
[1183/2211  0s] Csc Library/Bee/artifacts/1300b0aE.dag/Unity.AI.Animate.Motion.Runtime.dll (+2 others) [CacheHit 9af8d700076e816379e8825c3646897f00000000000000000000000000000006]
[1194/2211  0s] Csc Library/Bee/artifacts/1300b0aE.dag/Unity.AI.Animate.Motion.Runtime.dll (+2 others)
[1184/2211  0s] Csc Library/Bee/artifacts/1300b0aE.dag/Unity.InternalAPIEngineBridge.RenderPipelines.Core.Runtime.Shared.dll (+2 others) [CacheHit 9a799db771c7cd254ac7b6b6de1b503900000000000000000000000000000006]
[1196/2211  0s] Csc Library/Bee/artifacts/1300b0aE.dag/Unity.InternalAPIEngineBridge.RenderPipelines.Core.Runtime.Shared.dll (+2 others)
[1185/2211  0s] Csc Library/Bee/artifacts/1300b0aE.dag/Unity.AI.Tracing.dll (+2 others) [CacheHit b42899c117fba1b0c9a106e61ec67a7700000000000000000000000000000006]
[1198/2211  0s] Csc Library/Bee/artifacts/1300b0aE.dag/Unity.AI.Tracing.dll (+2 others)
[1186/2211  0s] Csc Library/Bee/artifacts/1300b0aE.dag/Unity.Burst.dll (+2 others) [CacheHit 89a49aa3f9ac51f4fe75bda6d968cee600000000000000000000000000000006]
[1200/2211  0s] Csc Library/Bee/artifacts/1300b0aE.dag/Unity.Burst.dll (+2 others)
[1195/2211  0s] Csc Library/Bee/artifacts/1300b0aE.dag/Unity.AI.Generators.IO.Srp.dll (+2 others) [CacheHit b749ddd63ec1af0b3f3a93aa5a139a3e00000000000000000000000000000006]
[1210/2211  0s] Csc Library/Bee/artifacts/1300b0aE.dag/Unity.AI.Generators.IO.Srp.dll (+2 others)
[1198/2211  0s] Csc Library/Bee/artifacts/1300b0aE.dag/Unity.AI.Assistant.Agent.Dynamic.Extension.Editor.dll (+2 others) [CacheHit 07f4c32d90ff4e1907c5cef5ea3ab4b000000000000000000000000000000006]
[1214/2211  0s] Csc Library/Bee/artifacts/1300b0aE.dag/Unity.AI.Assistant.Agent.Dynamic.Extension.Editor.dll (+2 others)
[1201/2211  0s] Csc Library/Bee/artifacts/1300b0aE.dag/Unity.InternalAPIEditorBridge.ShaderGraph.Editor.dll (+2 others) [CacheHit 57cd2c75d9f0d9de1f7b88d7ae0a771b00000000000000000000000000000006]
[1218/2211  0s] Csc Library/Bee/artifacts/1300b0aE.dag/Unity.InternalAPIEditorBridge.ShaderGraph.Editor.dll (+2 others)
[1202/2211  0s] Csc Library/Bee/artifacts/1300b0aE.dag/Unity.Searcher.Editor.dll (+2 others) [CacheHit 2d6e35b40d8c23c7563faba18e22266400000000000000000000000000000006]
[1220/2211  0s] Csc Library/Bee/artifacts/1300b0aE.dag/Unity.Searcher.Editor.dll (+2 others)
[1203/2211  0s] Csc Library/Bee/artifacts/1300b0aE.dag/Unity.Mathematics.dll (+2 others) [CacheHit 6fc052067e0255eafd2713c0a5a9f9a800000000000000000000000000000006]
[1222/2211  0s] Csc Library/Bee/artifacts/1300b0aE.dag/Unity.Mathematics.dll (+2 others)
[1226/2211  0s] CopyFiles Library/ScriptAssemblies/UnityEngine.TestRunner.dll
[1207/2211  0s] Csc Library/Bee/artifacts/1300b0aE.dag/Unity.AI.Toolkit.Compliance.dll (+2 others) [CacheHit 86dffad7f5eaceb161c7317f3569466100000000000000000000000000000006]
[1227/2211  0s] Csc Library/Bee/artifacts/1300b0aE.dag/Unity.AI.Toolkit.Compliance.dll (+2 others)
[1209/2211  0s] Csc Library/Bee/artifacts/1300b0aE.dag/Unity.AppUI.InternalAPIBridge.dll (+2 others) [CacheHit 76b7a664c6c291701d618b33d2040c9600000000000000000000000000000006]
[1231/2211  0s] Csc Library/Bee/artifacts/1300b0aE.dag/Unity.AppUI.InternalAPIBridge.dll (+2 others)
[1211/2211  0s] Csc Library/Bee/artifacts/1300b0aE.dag/Unity.Purchasing.SecurityCore.dll (+2 others) [CacheHit e2f851fb292a77781b5fe32bf969edff00000000000000000000000000000006]
[1233/2211  0s] Csc Library/Bee/artifacts/1300b0aE.dag/Unity.Purchasing.SecurityCore.dll (+2 others)
[1212/2211  0s] Csc Library/Bee/artifacts/1300b0aE.dag/Unity.2D.Sprite.Editor.dll (+2 others) [CacheHit a3849972e579a055ce7290c3d72478d500000000000000000000000000000006]
[1235/2211  0s] Csc Library/Bee/artifacts/1300b0aE.dag/Unity.2D.Sprite.Editor.dll (+2 others)
[1213/2211  0s] Csc Library/Bee/artifacts/1300b0aE.dag/Unity.AI.Assistant.Bridge.Editor.dll (+2 others) [CacheHit ba4030f8c29c729aa3dd271245558f2e00000000000000000000000000000006]
[1237/2211  0s] Csc Library/Bee/artifacts/1300b0aE.dag/Unity.AI.Assistant.Bridge.Editor.dll (+2 others)
[1215/2211  0s] Csc Library/Bee/artifacts/1300b0aE.dag/Unity.ShaderGraph.Utilities.dll (+2 others) [CacheHit 5e26687e06f79bdb39bd8d7c848eb25e00000000000000000000000000000006]
[1241/2211  0s] Csc Library/Bee/artifacts/1300b0aE.dag/Unity.ShaderGraph.Utilities.dll (+2 others)
[1219/2211  0s] Csc Library/Bee/artifacts/1300b0aE.dag/Unity.AI.Generators.Contexts.dll (+2 others) [CacheHit a49a7ed1bcc5087d18f55d4c4c28c51800000000000000000000000000000006]
[1246/2211  0s] Csc Library/Bee/artifacts/1300b0aE.dag/Unity.AI.Generators.Contexts.dll (+2 others)
[1220/2211  0s] Csc Library/Bee/artifacts/1300b0aE.dag/Unity.2D.Tilemap.Editor.dll (+2 others) [CacheHit 0ba0c2a57d82d205434be56805f8321700000000000000000000000000000006]
[1248/2211  0s] Csc Library/Bee/artifacts/1300b0aE.dag/Unity.2D.Tilemap.Editor.dll (+2 others)
[1222/2211  0s] Csc Library/Bee/artifacts/1300b0aE.dag/Unity.Microsoft.GDK.dll (+2 others) [CacheHit 9b8ca2bb5ff5c7d07fcb52ae1834434600000000000000000000000000000006]
[1251/2211  0s] Csc Library/Bee/artifacts/1300b0aE.dag/Unity.Microsoft.GDK.dll (+2 others)
[1227/2211  0s] Csc Library/Bee/artifacts/1300b0aE.dag/Unity.InputSystem.dll (+2 others) [CacheHit 0e4e18d6fb51cdd7cb12e0da957b924100000000000000000000000000000006]
[1257/2211  0s] Csc Library/Bee/artifacts/1300b0aE.dag/Unity.InputSystem.dll (+2 others)
[1230/2211  0s] Csc Library/Bee/artifacts/1300b0aE.dag/HFDownloader.dll (+2 others) [CacheHit a22386cf39f98a5f924283ed00ccfc6e00000000000000000000000000000006]
[1262/2211  0s] Csc Library/Bee/artifacts/1300b0aE.dag/HFDownloader.dll (+2 others)
[1236/2211  0s] Csc Library/Bee/artifacts/1300b0aE.dag/Unity.InternalAPIEngineBridge.001.dll (+2 others) [CacheHit 4d59700e84a49685914e1506e5c8660500000000000000000000000000000006]
[1267/2211  0s] Csc Library/Bee/artifacts/1300b0aE.dag/Unity.InternalAPIEngineBridge.001.dll (+2 others)
[1237/2211  0s] Csc Library/Bee/artifacts/1300b0aE.dag/Unity.InferenceEngine.Microsoft.Msagl.dll (+2 others) [CacheHit 310dde07bdf52a5deafb1505fd4f4b8e00000000000000000000000000000006]
[1269/2211  0s] Csc Library/Bee/artifacts/1300b0aE.dag/Unity.InferenceEngine.Microsoft.Msagl.dll (+2 others)
[1238/2211  0s] Csc Library/Bee/artifacts/1300b0aE.dag/Unity.Purchasing.Utilities.dll (+2 others) [CacheHit 9c5079b8c75854fbbbd8da3ed62a132200000000000000000000000000000006]
[1271/2211  0s] Csc Library/Bee/artifacts/1300b0aE.dag/Unity.Purchasing.Utilities.dll (+2 others)
[1297/2211  0s] CopyFiles Library/ScriptAssemblies/UnityEditor.TestRunner.dll
[1267/2211  0s] Csc Library/Bee/artifacts/1300b0aE.dag/Unity.Microsoft.GDK.Discovery.dll (+2 others) [CacheHit 95ae9e6ab65fa22e98988961a5e4825d00000000000000000000000000000006]
[1301/2211  0s] Csc Library/Bee/artifacts/1300b0aE.dag/Unity.Microsoft.GDK.Discovery.dll (+2 others)
[1269/2211  0s] Csc Library/Bee/artifacts/1300b0aE.dag/Unity.PerformanceTesting.dll (+2 others) [CacheHit f199a1259ebab332a1b56f1256df5c2700000000000000000000000000000006]
[1304/2211  0s] Csc Library/Bee/artifacts/1300b0aE.dag/Unity.PerformanceTesting.dll (+2 others)
[1271/2211  0s] Csc Library/Bee/artifacts/1300b0aE.dag/Unity.TextMeshPro.dll (+2 others) [CacheHit 5e8c5a29d312a13ab849ca9c68efe20500000000000000000000000000000006]
[1307/2211  0s] Csc Library/Bee/artifacts/1300b0aE.dag/Unity.TextMeshPro.dll (+2 others)
[1273/2211  0s] Csc Library/Bee/artifacts/1300b0aE.dag/Unity.RenderPipelines.ShaderGraph.ShaderGraphLibrary.dll (+2 others) [CacheHit d6ccd008cfb727860ae80c61c2f6715600000000000000000000000000000006]
[1310/2211  0s] Csc Library/Bee/artifacts/1300b0aE.dag/Unity.RenderPipelines.ShaderGraph.ShaderGraphLibrary.dll (+2 others)
[1276/2211  0s] Csc Library/Bee/artifacts/1300b0aE.dag/Unity.AI.Pbr.Srp.dll (+2 others) [CacheHit 64e0b1a61badd047f5b0ec17d5a116e300000000000000000000000000000006]
[1314/2211  0s] Csc Library/Bee/artifacts/1300b0aE.dag/Unity.AI.Pbr.Srp.dll (+2 others)
[1277/2211  0s] Csc Library/Bee/artifacts/1300b0aE.dag/Unity.AI.Generators.Redux.dll (+2 others) [CacheHit 597e585843b102c4e5c8212aaaf7310500000000000000000000000000000006]
[1316/2211  0s] Csc Library/Bee/artifacts/1300b0aE.dag/Unity.AI.Generators.Redux.dll (+2 others)
[1283/2211  0s] Csc Library/Bee/artifacts/1300b0aE.dag/Unity.Services.Core.Analytics.dll (+2 others) [CacheHit 609acf92bfcd4fe8c8afd314b283d6df00000000000000000000000000000006]
[1323/2211  0s] Csc Library/Bee/artifacts/1300b0aE.dag/Unity.Services.Core.Analytics.dll (+2 others)
[1284/2211  0s] Csc Library/Bee/artifacts/1300b0aE.dag/Unity.RenderPipelines.Core.ShaderLibrary.dll (+2 others) [CacheHit ced46ab549b7c21ece9467a83ff431c000000000000000000000000000000006]
[1325/2211  0s] Csc Library/Bee/artifacts/1300b0aE.dag/Unity.RenderPipelines.Core.ShaderLibrary.dll (+2 others)
[1285/2211  0s] Csc Library/Bee/artifacts/1300b0aE.dag/Unity.Purchasing.SecurityStub.dll (+2 others) [CacheHit 5e5bf662ff426c9039f708a0b741222000000000000000000000000000000006]
[1327/2211  0s] Csc Library/Bee/artifacts/1300b0aE.dag/Unity.Purchasing.SecurityStub.dll (+2 others)
[1287/2211  0s] Csc Library/Bee/artifacts/1300b0aE.dag/Unity.InferenceEngine.Tokenization.dll (+2 others) [CacheHit ee2c33d106a8d5b85e1b5f8e02aeb69c00000000000000000000000000000006]
[1330/2211  0s] Csc Library/Bee/artifacts/1300b0aE.dag/Unity.InferenceEngine.Tokenization.dll (+2 others)
[1288/2211  0s] Csc Library/Bee/artifacts/1300b0aE.dag/Unity.Purchasing.Editor.Shared.dll (+2 others) [CacheHit 8b2acc27209786c51e98ed1f8810b23f00000000000000000000000000000006]
[1332/2211  0s] Csc Library/Bee/artifacts/1300b0aE.dag/Unity.Purchasing.Editor.Shared.dll (+2 others)
[1291/2211  0s] Csc Library/Bee/artifacts/1300b0aE.dag/Unity.Services.Core.Internal.dll (+2 others) [CacheHit 50912bd15db07edb7842bafa582ef71a00000000000000000000000000000006]
[1336/2211  0s] Csc Library/Bee/artifacts/1300b0aE.dag/Unity.Services.Core.Internal.dll (+2 others)
[1292/2211  0s] Csc Library/Bee/artifacts/1300b0aE.dag/IAPResolver.dll (+2 others) [CacheHit 9c500547c2097c96379563a874e9453700000000000000000000000000000006]
[1338/2211  0s] Csc Library/Bee/artifacts/1300b0aE.dag/IAPResolver.dll (+2 others)
[1293/2211  0s] Csc Library/Bee/artifacts/1300b0aE.dag/Unity.AppUI.Undo.dll (+2 others) [CacheHit 566cbe3d2f91bb95784935e9bcae6d4c00000000000000000000000000000006]
[1340/2211  0s] Csc Library/Bee/artifacts/1300b0aE.dag/Unity.AppUI.Undo.dll (+2 others)
[1294/2211  0s] Csc Library/Bee/artifacts/1300b0aE.dag/Unity.Collections.dll (+2 others) [CacheHit 44bc4f7c58ef6981f9a9dccf9a6c93ae00000000000000000000000000000006]
[1342/2211  0s] Csc Library/Bee/artifacts/1300b0aE.dag/Unity.Collections.dll (+2 others)
[1295/2211  0s] Csc Library/Bee/artifacts/1300b0aE.dag/Unity.RenderPipelines.Universal.Shaders.dll (+2 others) [CacheHit 23c6a3e3686a9fad01f6a0b266eff44500000000000000000000000000000006]
[1344/2211  0s] Csc Library/Bee/artifacts/1300b0aE.dag/Unity.RenderPipelines.Universal.Shaders.dll (+2 others)
[1296/2211  0s] Csc Library/Bee/artifacts/1300b0aE.dag/Unity.AI.Toolkit.Asset.dll (+2 others) [CacheHit 365e74d10ff60088b6883a04e7d9108e00000000000000000000000000000006]
[1346/2211  0s] Csc Library/Bee/artifacts/1300b0aE.dag/Unity.AI.Toolkit.Asset.dll (+2 others)
[1297/2211  0s] Csc Library/Bee/artifacts/1300b0aE.dag/Unity.Multiplayer.Center.Common.dll (+2 others) [CacheHit 0292049c3363a7e4276a61e53a56a09d00000000000000000000000000000006]
[1349/2211  0s] Csc Library/Bee/artifacts/1300b0aE.dag/Unity.Multiplayer.Center.Common.dll (+2 others)
[1303/2211  0s] Csc Library/Bee/artifacts/1300b0aE.dag/Unity.Timeline.dll (+2 others) [CacheHit 3bc7686f16001031b94c2d008da051c700000000000000000000000000000006]
[1355/2211  0s] Csc Library/Bee/artifacts/1300b0aE.dag/Unity.Timeline.dll (+2 others)
[1304/2211  0s] Csc Library/Bee/artifacts/1300b0aE.dag/Unity.Burst.CodeGen.dll (+2 others) [CacheHit 2e345f32a1febd9ff4af2a22dabd1de500000000000000000000000000000006]
[1358/2211  0s] Csc Library/Bee/artifacts/1300b0aE.dag/Unity.Burst.CodeGen.dll (+2 others)
[1306/2211  0s] Csc Library/Bee/artifacts/1300b0aE.dag/Unity.Microsoft.GDK.Tools.dll (+2 others) [CacheHit fad9eb4c60189e31069a70719efbcb0e00000000000000000000000000000006]
[1360/2211  0s] Csc Library/Bee/artifacts/1300b0aE.dag/Unity.Microsoft.GDK.Tools.dll (+2 others)
[1307/2211  0s] Csc Library/Bee/artifacts/1300b0aE.dag/Unity.2D.Aseprite.Common.dll (+2 others) [CacheHit 06f374be56572895cdddc57d99cc961f00000000000000000000000000000006]
[1362/2211  0s] Csc Library/Bee/artifacts/1300b0aE.dag/Unity.2D.Aseprite.Common.dll (+2 others)
[1308/2211  0s] Csc Library/Bee/artifacts/1300b0aE.dag/Unity.Burst.Editor.dll (+2 others) [CacheHit e65f75240ae0ec4be20513f9c355064500000000000000000000000000000006]
[1364/2211  0s] Csc Library/Bee/artifacts/1300b0aE.dag/Unity.Burst.Editor.dll (+2 others)
[1309/2211  0s] Csc Library/Bee/artifacts/1300b0aE.dag/Unity.InternalAPIEditorBridge.001.dll (+2 others) [CacheHit a614321fff09635dfaa8b67c754d84e600000000000000000000000000000006]
[1366/2211  0s] Csc Library/Bee/artifacts/1300b0aE.dag/Unity.InternalAPIEditorBridge.001.dll (+2 others)
[1310/2211  0s] Csc Library/Bee/artifacts/1300b0aE.dag/Unity.AI.MCP.Runtime.dll (+2 others) [CacheHit 586e5e22240ca565e7b5f435f237579c00000000000000000000000000000006]
[1368/2211  0s] Csc Library/Bee/artifacts/1300b0aE.dag/Unity.AI.MCP.Runtime.dll (+2 others)
[1311/2211  0s] Csc Library/Bee/artifacts/1300b0aE.dag/Unity.AI.Assistant.Runtime.dll (+2 others) [CacheHit ba4ef7bd6bc4e1af5dda8d349c5289e200000000000000000000000000000006]
[1370/2211  0s] Csc Library/Bee/artifacts/1300b0aE.dag/Unity.AI.Assistant.Runtime.dll (+2 others)
[1314/2211  0s] Csc Library/Bee/artifacts/1300b0aE.dag/Unity.2D.Common.Path.Editor.dll (+2 others) [CacheHit 291c596f21236b6635f32bfd262b196e00000000000000000000000000000006]
[1374/2211  0s] Csc Library/Bee/artifacts/1300b0aE.dag/Unity.2D.Common.Path.Editor.dll (+2 others)
[1316/2211  0s] Csc Library/Bee/artifacts/1300b0aE.dag/Unity.Purchasing.Stores.XboxCloudServices.dll (+2 others) [CacheHit 8091971898eed94d2d3a260f836c91d900000000000000000000000000000006]
[1377/2211  0s] Csc Library/Bee/artifacts/1300b0aE.dag/Unity.Purchasing.Stores.XboxCloudServices.dll (+2 others)
[1317/2211  0s] Csc Library/Bee/artifacts/1300b0aE.dag/Unity.2D.Tilemap.Extras.dll (+2 others) [CacheHit 6cfa80a6566a98e2c859896f54a5303800000000000000000000000000000006]
[1379/2211  0s] Csc Library/Bee/artifacts/1300b0aE.dag/Unity.2D.Tilemap.Extras.dll (+2 others)
[1381/2211  0s] CopyFiles Library/ScriptAssemblies/Unity.Burst.CodeGen.pdb
[1320/2211  0s] Csc Library/Bee/artifacts/1300b0aE.dag/Unity.VisualScripting.Core.dll (+2 others) [CacheHit b6f9be3c099b582a371844a4f8f9fff800000000000000000000000000000006]
[1383/2211  0s] Csc Library/Bee/artifacts/1300b0aE.dag/Unity.VisualScripting.Core.dll (+2 others)
[1321/2211  0s] Csc Library/Bee/artifacts/1300b0aE.dag/PsdPlugin.dll (+2 others) [CacheHit 1143c1985adf846aff6d236dba91ebf700000000000000000000000000000006]
[1385/2211  0s] Csc Library/Bee/artifacts/1300b0aE.dag/PsdPlugin.dll (+2 others)
[1322/2211  0s] Csc Library/Bee/artifacts/1300b0aE.dag/Unity.AppUI.dll (+2 others) [CacheHit 4f262150fd0c9cd05e04c9b0a712445500000000000000000000000000000006]
[1388/2211  0s] Csc Library/Bee/artifacts/1300b0aE.dag/Unity.AppUI.dll (+2 others)
[1353/2211  0s] Csc Library/Bee/artifacts/1300b0aE.dag/Unity.InputSystem.DocCodeSamples.dll (+2 others) [CacheHit f1d89b632e2b9ac35d3a6a51bf54c74800000000000000000000000000000006]
[1419/2211  0s] Csc Library/Bee/artifacts/1300b0aE.dag/Unity.InputSystem.DocCodeSamples.dll (+2 others)
[1354/2211  0s] Csc Library/Bee/artifacts/1300b0aE.dag/Unity.Rendering.LightTransport.Editor.dll (+2 others) [CacheHit 70bf3d11225a6227b5aea12330abaf2700000000000000000000000000000006]
[1421/2211  0s] Csc Library/Bee/artifacts/1300b0aE.dag/Unity.Rendering.LightTransport.Editor.dll (+2 others)
[1356/2211  0s] Csc Library/Bee/artifacts/1300b0aE.dag/Unity.InputSystem.TestFramework.dll (+2 others) [CacheHit 4d43423ddb350ebfe6f3d55ab1a9fcbd00000000000000000000000000000006]
[1424/2211  0s] Csc Library/Bee/artifacts/1300b0aE.dag/Unity.InputSystem.TestFramework.dll (+2 others)
[1359/2211  0s] Csc Library/Bee/artifacts/1300b0aE.dag/Unity.InputSystem.ForUI.dll (+2 others) [CacheHit f12734e3a3e80d7ff7e2e78de86cadd500000000000000000000000000000006]
[1428/2211  0s] Csc Library/Bee/artifacts/1300b0aE.dag/Unity.InputSystem.ForUI.dll (+2 others)
[1360/2211  0s] Csc Library/Bee/artifacts/1300b0aE.dag/Unity.Microsoft.GDK.Editor.dll (+2 others) [CacheHit 7f8bcc0da4526e4520f7b4369c166c4f00000000000000000000000000000006]
[1430/2211  0s] Csc Library/Bee/artifacts/1300b0aE.dag/Unity.Microsoft.GDK.Editor.dll (+2 others)
[1364/2211  0s] Csc Library/Bee/artifacts/1300b0aE.dag/Unity.Rider.Editor.dll (+2 others) [CacheHit b36dd6394ba6ed586356e0ad36a2975700000000000000000000000000000006]
[1435/2211  0s] Csc Library/Bee/artifacts/1300b0aE.dag/Unity.Rider.Editor.dll (+2 others)
[1365/2211  0s] Csc Library/Bee/artifacts/1300b0aE.dag/Unity.PerformanceTesting.Editor.dll (+2 others) [CacheHit 68fb18f19c7553f4c71a8a3c7cc0948300000000000000000000000000000006]
[1437/2211  0s] Csc Library/Bee/artifacts/1300b0aE.dag/Unity.PerformanceTesting.Editor.dll (+2 others)
[1367/2211  0s] Csc Library/Bee/artifacts/1300b0aE.dag/Unity.VisualStudio.Editor.dll (+2 others) [CacheHit f8c5a9e2015d09b6052bab0a2356c83e00000000000000000000000000000006]
[1441/2211  0s] Csc Library/Bee/artifacts/1300b0aE.dag/Unity.VisualStudio.Editor.dll (+2 others)
[1369/2211  0s] Csc Library/Bee/artifacts/1300b0aE.dag/UnityEditor.UI.Analytics.dll (+2 others) [CacheHit bde3b4ac984010d5a00116a0d0e5476a00000000000000000000000000000006]
[1444/2211  0s] Csc Library/Bee/artifacts/1300b0aE.dag/UnityEditor.UI.Analytics.dll (+2 others)
[1447/2211  0s] CopyFiles Library/ScriptAssemblies/Unity.Rider.Editor.pdb
[1374/2211  0s] Csc Library/Bee/artifacts/1300b0aE.dag/Unity.Services.Core.Environments.Internal.dll (+2 others) [CacheHit 7e4c2dfdb19e72a4f6f45307add011ca00000000000000000000000000000006]
[1449/2211  0s] Csc Library/Bee/artifacts/1300b0aE.dag/Unity.Services.Core.Environments.Internal.dll (+2 others)
[1375/2211  0s] Csc Library/Bee/artifacts/1300b0aE.dag/Unity.Services.Core.Telemetry.dll (+2 others) [CacheHit 259440b3c6e7eb8fdd34d8fd8c0c5bf800000000000000000000000000000006]
[1451/2211  0s] Csc Library/Bee/artifacts/1300b0aE.dag/Unity.Services.Core.Telemetry.dll (+2 others)
[1376/2211  0s] Csc Library/Bee/artifacts/1300b0aE.dag/Unity.2D.Tooling.Editor.dll (+2 others) [CacheHit 36e984a1bb6eb04e281698a81b1ff48800000000000000000000000000000006]
[1453/2211  0s] Csc Library/Bee/artifacts/1300b0aE.dag/Unity.2D.Tooling.Editor.dll (+2 others)
[1378/2211  0s] Csc Library/Bee/artifacts/1300b0aE.dag/Unity.AI.Generators.Asset.dll (+2 others) [CacheHit a4fc232b50f0a89d9c42f29b2571275a00000000000000000000000000000006]
[1456/2211  0s] Csc Library/Bee/artifacts/1300b0aE.dag/Unity.AI.Generators.Asset.dll (+2 others)
[1379/2211  0s] Csc Library/Bee/artifacts/1300b0aE.dag/Unity.Multiplayer.Center.Editor.dll (+2 others) [CacheHit b7995c1fe32145dc8f283f40ce54b5b500000000000000000000000000000006]
[1458/2211  0s] Csc Library/Bee/artifacts/1300b0aE.dag/Unity.Multiplayer.Center.Editor.dll (+2 others)
[1380/2211  0s] Csc Library/Bee/artifacts/1300b0aE.dag/Unity.Services.Core.Environments.dll (+2 others) [CacheHit a12c81381c0f5526922c5efcdceabd8300000000000000000000000000000006]
[1460/2211  0s] Csc Library/Bee/artifacts/1300b0aE.dag/Unity.Services.Core.Environments.dll (+2 others)
[1381/2211  0s] Csc Library/Bee/artifacts/1300b0aE.dag/Unity.Services.Core.Scheduler.dll (+2 others) [CacheHit d58a180475f0845ec811b5ab8cf30b3a00000000000000000000000000000006]
[1462/2211  0s] Csc Library/Bee/artifacts/1300b0aE.dag/Unity.Services.Core.Scheduler.dll (+2 others)
[1382/2211  0s] Csc Library/Bee/artifacts/1300b0aE.dag/Unity.Services.Core.Configuration.dll (+2 others) [CacheHit 4a3facc19f0dbc54295298cef02e52cb00000000000000000000000000000006]
[1464/2211  0s] Csc Library/Bee/artifacts/1300b0aE.dag/Unity.Services.Core.Configuration.dll (+2 others)
[1466/2211  0s] CopyFiles Library/ScriptAssemblies/Unity.VisualStudio.Editor.pdb
[1384/2211  0s] Csc Library/Bee/artifacts/1300b0aE.dag/Unity.AI.Toolkit.Accounts.dll (+2 others) [CacheHit a88cc2f92a26edae306e5612978019e800000000000000000000000000000006]
[1467/2211  0s] Csc Library/Bee/artifacts/1300b0aE.dag/Unity.AI.Toolkit.Accounts.dll (+2 others)
[1385/2211  0s] Csc Library/Bee/artifacts/1300b0aE.dag/Unity.Services.Core.Networking.dll (+2 others) [CacheHit 2c4cdf4b2d8bfb93537076d3553828c600000000000000000000000000000006]
[1469/2211  0s] Csc Library/Bee/artifacts/1300b0aE.dag/Unity.Services.Core.Networking.dll (+2 others)
[1387/2211  0s] Csc Library/Bee/artifacts/1300b0aE.dag/Unity.Collections.CodeGen.dll (+2 others) [CacheHit 16837d8239b4cc64ad99f306e95e220100000000000000000000000000000006]
[1472/2211  0s] Csc Library/Bee/artifacts/1300b0aE.dag/Unity.Collections.CodeGen.dll (+2 others)
[1388/2211  0s] Csc Library/Bee/artifacts/1300b0aE.dag/Unity.Services.Core.Threading.dll (+2 others) [CacheHit efb2154246325289feafe2c3172a797700000000000000000000000000000006]
[1474/2211  0s] Csc Library/Bee/artifacts/1300b0aE.dag/Unity.Services.Core.Threading.dll (+2 others)
[1389/2211  0s] Csc Library/Bee/artifacts/1300b0aE.dag/Unity.UnifiedRayTracing.Runtime.dll (+2 others) [CacheHit d55ce86b1d47a2074459d405704d0dae00000000000000000000000000000006]
[1476/2211  0s] Csc Library/Bee/artifacts/1300b0aE.dag/Unity.UnifiedRayTracing.Runtime.dll (+2 others)
[1391/2211  0s] Csc Library/Bee/artifacts/1300b0aE.dag/Unity.Timeline.Editor.dll (+2 others) [CacheHit 0676a19f13670954a2bded371c082ed000000000000000000000000000000006]
[1479/2211  0s] Csc Library/Bee/artifacts/1300b0aE.dag/Unity.Timeline.Editor.dll (+2 others)
[1392/2211  0s] Csc Library/Bee/artifacts/1300b0aE.dag/Unity.Microsoft.GDK.Tools.Editor.dll (+2 others) [CacheHit e5fb8d7d568ac3e2190ade35aed1883100000000000000000000000000000006]
[1481/2211  0s] Csc Library/Bee/artifacts/1300b0aE.dag/Unity.Microsoft.GDK.Tools.Editor.dll (+2 others)
[1393/2211  0s] Csc Library/Bee/artifacts/1300b0aE.dag/Unity.2D.Common.Runtime.dll (+2 others) [CacheHit 3742192b4a42c428cca07f167144c57f00000000000000000000000000000006]
[1483/2211  0s] Csc Library/Bee/artifacts/1300b0aE.dag/Unity.2D.Common.Runtime.dll (+2 others)
[1394/2211  0s] Csc Library/Bee/artifacts/1300b0aE.dag/Unity.Services.Core.Device.dll (+2 others) [CacheHit 482c45171c2464a4d1dde3d0fc5d86fd00000000000000000000000000000006]
[1485/2211  0s] Csc Library/Bee/artifacts/1300b0aE.dag/Unity.Services.Core.Device.dll (+2 others)
[1395/2211  0s] Csc Library/Bee/artifacts/1300b0aE.dag/Unity.Collections.Editor.dll (+2 others) [CacheHit 82de5ca7072fd498cd281cf724fe669a00000000000000000000000000000006]
[1487/2211  0s] Csc Library/Bee/artifacts/1300b0aE.dag/Unity.Collections.Editor.dll (+2 others)
[1398/2211  0s] Csc Library/Bee/artifacts/1300b0aE.dag/Unity.InferenceEngine.dll (+2 others) [CacheHit 2527b92b7adc3001623d6cbd9d0aa8c400000000000000000000000000000006]
[1491/2211  0s] Csc Library/Bee/artifacts/1300b0aE.dag/Unity.InferenceEngine.dll (+2 others)
[1399/2211  0s] Csc Library/Bee/artifacts/1300b0aE.dag/Unity.VisualScripting.Core.Editor.dll (+2 others) [CacheHit b3c43b9183a136ec419d4d50ad64d6ce00000000000000000000000000000006]
[1493/2211  0s] Csc Library/Bee/artifacts/1300b0aE.dag/Unity.VisualScripting.Core.Editor.dll (+2 others)
[1400/2211  0s] Csc Library/Bee/artifacts/1300b0aE.dag/Unity.VisualScripting.Flow.dll (+2 others) [CacheHit 085b502df4d57c582a3dbbc403d9aa9f00000000000000000000000000000006]
[1495/2211  0s] Csc Library/Bee/artifacts/1300b0aE.dag/Unity.VisualScripting.Flow.dll (+2 others)
[1497/2211  0s] CopyFiles Library/ScriptAssemblies/Unity.Collections.CodeGen.pdb
[1402/2211  0s] Csc Library/Bee/artifacts/1300b0aE.dag/Unity.PlasticSCM.Editor.dll (+2 others) [CacheHit 1cfb0d42fe3eadd3677066b66580be1a00000000000000000000000000000006]
[1498/2211  0s] Csc Library/Bee/artifacts/1300b0aE.dag/Unity.PlasticSCM.Editor.dll (+2 others)
[1403/2211  0s] Csc Library/Bee/artifacts/1300b0aE.dag/Unity.AppUI.Editor.dll (+2 others) [CacheHit 77ce7b41e16ebfc4b19bc0eea855cd3000000000000000000000000000000006]
[1500/2211  0s] Csc Library/Bee/artifacts/1300b0aE.dag/Unity.AppUI.Editor.dll (+2 others)
[1404/2211  0s] Csc Library/Bee/artifacts/1300b0aE.dag/Unity.RenderPipelines.Core.Runtime.dll (+2 others) [CacheHit e818df6e83e81c074029ed5ac8446f9500000000000000000000000000000006]
[1502/2211  0s] Csc Library/Bee/artifacts/1300b0aE.dag/Unity.RenderPipelines.Core.Runtime.dll (+2 others)
[1412/2211  0s] Csc Library/Bee/artifacts/1300b0aE.dag/Unity.2D.Tilemap.Extras.Editor.dll (+2 others) [CacheHit 1cefe8c8b842e5855aaf627f61c0b6e400000000000000000000000000000006]
[1511/2211  0s] Csc Library/Bee/artifacts/1300b0aE.dag/Acuaria.Core.dll (+2 others)
[1512/2211  0s] Csc Library/Bee/artifacts/1300b0aE.dag/Unity.2D.Tilemap.Extras.Editor.dll (+2 others)
[1413/2211  0s] Csc Library/Bee/artifacts/1300b0aE.dag/Unity.AppUI.Navigation.dll (+2 others) [CacheHit 5f8f4ee1bee7a42a5a9bb3effab163ce00000000000000000000000000000006]
[1514/2211  0s] Csc Library/Bee/artifacts/1300b0aE.dag/Unity.AppUI.Navigation.dll (+2 others)
[1414/2211  0s] Csc Library/Bee/artifacts/1300b0aE.dag/Unity.AppUI.Redux.dll (+2 others) [CacheHit 045f9223e37d0d4ea32892bcd6eb68f300000000000000000000000000000006]
[1516/2211  0s] Csc Library/Bee/artifacts/1300b0aE.dag/Unity.AppUI.Redux.dll (+2 others)
[1431/2211  0s] Csc Library/Bee/artifacts/1300b0aE.dag/Unity.AppUI.MVVM.dll (+2 others) [CacheHit 64acd991b99e067e1f2694cfb2d8930b00000000000000000000000000000006]
[1533/2211  0s] Csc Library/Bee/artifacts/1300b0aE.dag/Unity.AppUI.MVVM.dll (+2 others)
[1552/2211  0s] CopyFiles Library/ScriptAssemblies/Unity.Collections.CodeGen.dll
[1451/2211  0s] Csc Library/Bee/artifacts/1300b0aE.dag/Unity.Purchasing.PaymentProviderService.dll (+2 others) [CacheHit 6693c69c33dcf36c744b602ad14f210200000000000000000000000000000006]
[1554/2211  0s] Csc Library/Bee/artifacts/1300b0aE.dag/Unity.Purchasing.PaymentProviderService.dll (+2 others)
[1452/2211  0s] Csc Library/Bee/artifacts/1300b0aE.dag/Unity.Services.Core.Components.dll (+2 others) [CacheHit e2f1175a517fb03b88990c7468a5c0ad00000000000000000000000000000006]
[1556/2211  0s] Csc Library/Bee/artifacts/1300b0aE.dag/Unity.Services.Core.Components.dll (+2 others)
[1560/2211  0s] CopyFiles Library/ScriptAssemblies/Unity.VisualStudio.Editor.dll
[1456/2211  0s] Csc Library/Bee/artifacts/1300b0aE.dag/Unity.Services.Core.Configuration.Editor.dll (+2 others) [CacheHit 1d247bc38db1144ac530aaf6751e0a9300000000000000000000000000000006]
[1561/2211  0s] Csc Library/Bee/artifacts/1300b0aE.dag/Unity.Services.Core.Configuration.Editor.dll (+2 others)
[1457/2211  0s] Csc Library/Bee/artifacts/1300b0aE.dag/Unity.AI.Generators.IO.dll (+2 others) [CacheHit 9765c31dff87539f3843fbbee66572a800000000000000000000000000000006]
[1563/2211  0s] Csc Library/Bee/artifacts/1300b0aE.dag/Unity.AI.Generators.IO.dll (+2 others)
[1458/2211  0s] Csc Library/Bee/artifacts/1300b0aE.dag/Unity.Purchasing.WebshopService.dll (+2 others) [CacheHit 736e10373acf4af8dc6a6061b7a5681600000000000000000000000000000006]
[1565/2211  0s] Csc Library/Bee/artifacts/1300b0aE.dag/Unity.Purchasing.WebshopService.dll (+2 others)
[1459/2211  0s] Csc Library/Bee/artifacts/1300b0aE.dag/Unity.Services.Core.Registration.dll (+2 others) [CacheHit 25bb4336f46417146964f5d46e67834a00000000000000000000000000000006]
[1567/2211  0s] Csc Library/Bee/artifacts/1300b0aE.dag/Unity.Services.Core.Registration.dll (+2 others)
[1569/2211  0s] CopyFiles Library/ScriptAssemblies/Unity.Burst.CodeGen.dll
[1461/2211  0s] Csc Library/Bee/artifacts/1300b0aE.dag/Unity.InferenceEngine.Editor.Visualizer.dll (+2 others) [CacheHit f4f9a7553e1c809ce24335414ae7debc00000000000000000000000000000006]
[1570/2211  0s] Csc Library/Bee/artifacts/1300b0aE.dag/Unity.InferenceEngine.Editor.Visualizer.dll (+2 others)
[1462/2211  0s] Csc Library/Bee/artifacts/1300b0aE.dag/Unity.AI.Generators.UI.AIDropdownIntegrations.dll (+2 others) [CacheHit 9d94329c0a0f58a03239c71f722807ea00000000000000000000000000000006]
[1572/2211  0s] Csc Library/Bee/artifacts/1300b0aE.dag/Unity.AI.Generators.UI.AIDropdownIntegrations.dll (+2 others)
[1464/2211  0s] Csc Library/Bee/artifacts/1300b0aE.dag/Unity.2D.Common.Editor.dll (+2 others) [CacheHit baf3a3f8f7d9a9deccc4ae8b2aa5b5ca00000000000000000000000000000006]
[1576/2211  0s] Csc Library/Bee/artifacts/1300b0aE.dag/Unity.2D.Common.Editor.dll (+2 others)
[1467/2211  0s] Csc Library/Bee/artifacts/1300b0aE.dag/Unity.AI.Toolkit.GenerationObjectPicker.dll (+2 others) [CacheHit 49d38eba65b2e74f68d1812685e9940b00000000000000000000000000000006]
[1579/2211  0s] Csc Library/Bee/artifacts/1300b0aE.dag/Unity.AI.Toolkit.GenerationObjectPicker.dll (+2 others)
[1472/2211  0s] Csc Library/Bee/artifacts/1300b0aE.dag/Unity.AI.Toolkit.GenerationContextMenu.dll (+2 others) [CacheHit cbce844b95304a3671f4bc48541f087900000000000000000000000000000006]
[1585/2211  0s] Csc Library/Bee/artifacts/1300b0aE.dag/Unity.AI.Toolkit.GenerationContextMenu.dll (+2 others)
[1473/2211  0s] Csc Library/Bee/artifacts/1300b0aE.dag/Unity.AI.Assistant.Editor.dll (+2 others) [CacheHit e75a0949ed9de31f1c889cef011757fa00000000000000000000000000000006]
[1587/2211  0s] Csc Library/Bee/artifacts/1300b0aE.dag/Unity.AI.Assistant.Editor.dll (+2 others)
[1474/2211  0s] Csc Library/Bee/artifacts/1300b0aE.dag/ScriptablePacker.dll (+2 others) [CacheHit 2e25e619c91f09032798a2619e55d03500000000000000000000000000000006]
[1589/2211  0s] Csc Library/Bee/artifacts/1300b0aE.dag/ScriptablePacker.dll (+2 others)
[1475/2211  0s] Csc Library/Bee/artifacts/1300b0aE.dag/Unity.2D.SpriteShape.Runtime.dll (+2 others) [CacheHit a43aeca28c1b47975319e9dbd7bbde4e00000000000000000000000000000006]
[1591/2211  0s] Csc Library/Bee/artifacts/1300b0aE.dag/Unity.2D.SpriteShape.Runtime.dll (+2 others)
[1477/2211  0s] Csc Library/Bee/artifacts/1300b0aE.dag/Unity.2D.Triangulation.Runtime.dll (+2 others) [CacheHit fa324722bc6b67a62b2f2874ed4a70b400000000000000000000000000000006]
[1594/2211  0s] Csc Library/Bee/artifacts/1300b0aE.dag/Unity.2D.Triangulation.Runtime.dll (+2 others)
[1478/2211  0s] Csc Library/Bee/artifacts/1300b0aE.dag/Unity.Purchasing.LiveContentAdapterService.dll (+2 others) [CacheHit b0e5558a87b1e6bc1e85eb1d834e8a1800000000000000000000000000000006]
[1596/2211  0s] Csc Library/Bee/artifacts/1300b0aE.dag/Unity.Purchasing.LiveContentAdapterService.dll (+2 others)
[1485/2211  0s] Csc Library/Bee/artifacts/1300b0aE.dag/Unity.VisualScripting.DocCodeExamples.dll (+2 others) [CacheHit b98bbc1e29d21a467f2de2cf8c73ce4100000000000000000000000000000006]
[1604/2211  0s] Csc Library/Bee/artifacts/1300b0aE.dag/Unity.VisualScripting.DocCodeExamples.dll (+2 others)
[1487/2211  0s] Csc Library/Bee/artifacts/1300b0aE.dag/Unity.AppUI.Navigation.Editor.dll (+2 others) [CacheHit 7988d63bd9552eca4f7c32e7c2937abe00000000000000000000000000000006]
[1607/2211  0s] Csc Library/Bee/artifacts/1300b0aE.dag/Unity.AppUI.Navigation.Editor.dll (+2 others)
[1491/2211  0s] Csc Library/Bee/artifacts/1300b0aE.dag/Unity.VisualScripting.State.dll (+2 others) [CacheHit 7be667ffbcfcd22595aaf86af199c0fe00000000000000000000000000000006]
[1613/2211  0s] Csc Library/Bee/artifacts/1300b0aE.dag/Unity.VisualScripting.State.dll (+2 others)
[1494/2211  0s] Csc Library/Bee/artifacts/1300b0aE.dag/Unity.InferenceEngine.ONNX.Editor.dll (+2 others) [CacheHit ee87197fbbd2154a4eba63601d4145ac00000000000000000000000000000006]
[1616/2211  0s] Csc Library/Bee/artifacts/1300b0aE.dag/Unity.InferenceEngine.ONNX.Editor.dll (+2 others)
[1496/2211  0s] Csc Library/Bee/artifacts/1300b0aE.dag/Unity.AppUI.Redux.Editor.dll (+2 others) [CacheHit 6f9e310ee5650ab51aa5d26e1bf7311f00000000000000000000000000000006]
[1619/2211  0s] Csc Library/Bee/artifacts/1300b0aE.dag/Unity.AppUI.Redux.Editor.dll (+2 others)
[1497/2211  0s] Csc Library/Bee/artifacts/1300b0aE.dag/Unity.PathTracing.Runtime.dll (+2 others) [CacheHit 756c557f5df84e232fdd58aad2f079fd00000000000000000000000000000006]
[1621/2211  0s] Csc Library/Bee/artifacts/1300b0aE.dag/Unity.PathTracing.Runtime.dll (+2 others)
[1499/2211  0s] Csc Library/Bee/artifacts/1300b0aE.dag/Unity.RenderPipelines.Core.Runtime.Shared.dll (+2 others) [CacheHit bd0d8f5401f059ab0bad9718d2fcf43500000000000000000000000000000006]
[1625/2211  0s] Csc Library/Bee/artifacts/1300b0aE.dag/Unity.RenderPipelines.Core.Runtime.Shared.dll (+2 others)
[1501/2211  0s] Csc Library/Bee/artifacts/1300b0aE.dag/Unity.RenderPipelines.GPUDriven.Runtime.dll (+2 others) [CacheHit 910941e599965d0d096e559a081a964700000000000000000000000000000006]
[1627/2211  0s] Csc Library/Bee/artifacts/1300b0aE.dag/Unity.RenderPipelines.GPUDriven.Runtime.dll (+2 others)
[1502/2211  0s] Csc Library/Bee/artifacts/1300b0aE.dag/Unity.VisualScripting.Flow.Editor.dll (+2 others) [CacheHit f078ef2c385ec18c943e07b93fa0fcd100000000000000000000000000000006]
[1629/2211  0s] Csc Library/Bee/artifacts/1300b0aE.dag/Unity.VisualScripting.Flow.Editor.dll (+2 others)
[1507/2211  0s] Csc Library/Bee/artifacts/1300b0aE.dag/Unity.RenderPipeline.Universal.ShaderLibrary.dll (+2 others) [CacheHit b8eb80f2f07d77afba4c2f265603a01e00000000000000000000000000000006]
[1635/2211  0s] Csc Library/Bee/artifacts/1300b0aE.dag/Unity.RenderPipeline.Universal.ShaderLibrary.dll (+2 others)
[1509/2211  0s] Csc Library/Bee/artifacts/1300b0aE.dag/Unity.RenderPipelines.Universal.Config.Runtime.dll (+2 others) [CacheHit 1e5b8b5a0c5f7b1f0dc5c2bda2ec8c6300000000000000000000000000000006]
[1638/2211  0s] Csc Library/Bee/artifacts/1300b0aE.dag/Unity.RenderPipelines.Universal.Config.Runtime.dll (+2 others)
[1515/2211  0s] Csc Library/Bee/artifacts/1300b0aE.dag/Unity.TextMeshPro.Editor.dll (+2 others) [CacheHit a8156e85778804fbc60d823755e3e8e700000000000000000000000000000006]
[1645/2211  0s] Csc Library/Bee/artifacts/1300b0aE.dag/Unity.TextMeshPro.Editor.dll (+2 others)
[1516/2211  0s] Csc Library/Bee/artifacts/1300b0aE.dag/Unity.AI.Generators.Sdk.dll (+2 others) [CacheHit b6c875471dc2aa69c36df5d46f31c0f500000000000000000000000000000006]
[1647/2211  0s] Csc Library/Bee/artifacts/1300b0aE.dag/Unity.AI.Generators.Sdk.dll (+2 others)
[1517/2211  0s] Csc Library/Bee/artifacts/1300b0aE.dag/Unity.InferenceEngine.iOSBLAS.dll (+2 others) [CacheHit 09267e4de62a95f202396f2e3fdbe90d00000000000000000000000000000006]
[1649/2211  0s] Csc Library/Bee/artifacts/1300b0aE.dag/Unity.InferenceEngine.iOSBLAS.dll (+2 others)
[1519/2211  0s] Csc Library/Bee/artifacts/1300b0aE.dag/Unity.InferenceEngine.MacBLAS.dll (+2 others) [CacheHit 343ae99cd6a6c1b4a153b617a51738af00000000000000000000000000000006]
[1653/2211  0s] Csc Library/Bee/artifacts/1300b0aE.dag/Unity.InferenceEngine.MacBLAS.dll (+2 others)
[1524/2211  0s] Csc Library/Bee/artifacts/1300b0aE.dag/Unity.AI.Generators.UI.dll (+2 others) [CacheHit 5560bbf731887631d6747362c8109c3000000000000000000000000000000006]
[1658/2211  0s] Csc Library/Bee/artifacts/1300b0aE.dag/Unity.AI.Generators.UI.dll (+2 others)
[1525/2211  0s] Csc Library/Bee/artifacts/1300b0aE.dag/Unity.CollabProxy.Editor.dll (+2 others) [CacheHit 694a8de4978606c48735bdd76697c62f00000000000000000000000000000006]
[1660/2211  0s] Csc Library/Bee/artifacts/1300b0aE.dag/Unity.CollabProxy.Editor.dll (+2 others)
[1526/2211  0s] Csc Library/Bee/artifacts/1300b0aE.dag/Unity.PlasticSCM.Editor.Entities.dll (+2 others) [CacheHit 982d7b083f5e2cc67e596ca01f0e082e00000000000000000000000000000006]
[1662/2211  0s] Csc Library/Bee/artifacts/1300b0aE.dag/Unity.PlasticSCM.Editor.Entities.dll (+2 others)
[1527/2211  0s] Csc Library/Bee/artifacts/1300b0aE.dag/Unity.PlasticSCM.Editor.Assistant.dll (+2 others) [CacheHit d9f5bdd8ffc08d31230d2cd1cec779a600000000000000000000000000000006]
[1664/2211  0s] Csc Library/Bee/artifacts/1300b0aE.dag/Unity.PlasticSCM.Editor.Assistant.dll (+2 others)
[1666/2211  0s] Csc Library/Bee/artifacts/1300b0aE.dag/Acuaria.Food.dll (+2 others)
[1529/2211  0s] Csc Library/Bee/artifacts/1300b0aE.dag/Unity.2D.SpriteShape.Editor.dll (+2 others) [CacheHit f82b2f8e29710f3fb0fa755be515f08a00000000000000000000000000000006]
[1667/2211  0s] Csc Library/Bee/artifacts/1300b0aE.dag/Unity.2D.SpriteShape.Editor.dll (+2 others)
[1531/2211  0s] Csc Library/Bee/artifacts/1300b0aE.dag/Unity.Purchasing.dll (+2 others) [CacheHit 16a365ac1dff771456ec8ac2c0d2dc8e00000000000000000000000000000006]
[1670/2211  0s] Csc Library/Bee/artifacts/1300b0aE.dag/Unity.Purchasing.dll (+2 others)
[1532/2211  0s] Csc Library/Bee/artifacts/1300b0aE.dag/Unity.Services.Core.Editor.dll (+2 others) [CacheHit 5a0e824a1503dd0e93f0f037e4aea3c300000000000000000000000000000006]
[1672/2211  0s] Csc Library/Bee/artifacts/1300b0aE.dag/Unity.Services.Core.Editor.dll (+2 others)
[1533/2211  0s] Csc Library/Bee/artifacts/1300b0aE.dag/Unity.SurfaceCache.Runtime.dll (+2 others) [CacheHit 3be221222c1ef5a444c5d66d60fcc49300000000000000000000000000000006]
[1674/2211  0s] Csc Library/Bee/artifacts/1300b0aE.dag/Unity.SurfaceCache.Runtime.dll (+2 others)
[1536/2211  0s] Csc Library/Bee/artifacts/1300b0aE.dag/Unity.PathTracing.Editor.dll (+2 others) [CacheHit 30d8c5da853364a86c206d8e5d61682a00000000000000000000000000000006]
[1678/2211  0s] Csc Library/Bee/artifacts/1300b0aE.dag/Unity.PathTracing.Editor.dll (+2 others)
[1539/2211  0s] Csc Library/Bee/artifacts/1300b0aE.dag/Unity.VisualScripting.State.Editor.dll (+2 others) [CacheHit 7095ccc0a8c510cc593c074bee4e205700000000000000000000000000000006]
[1682/2211  0s] Csc Library/Bee/artifacts/1300b0aE.dag/Unity.VisualScripting.State.Editor.dll (+2 others)
[1540/2211  0s] Csc Library/Bee/artifacts/1300b0aE.dag/Unity.VisualScripting.SettingsProvider.Editor.dll (+2 others) [CacheHit 80cd917c93e2977fd34485e067610a5000000000000000000000000000000006]
[1684/2211  0s] Csc Library/Bee/artifacts/1300b0aE.dag/Unity.VisualScripting.SettingsProvider.Editor.dll (+2 others)
[1541/2211  0s] Csc Library/Bee/artifacts/1300b0aE.dag/Unity.AI.Search.Editor.dll (+2 others) [CacheHit e49645dced9ea512ba17c83f0bf6b8cf00000000000000000000000000000006]
[1686/2211  0s] Csc Library/Bee/artifacts/1300b0aE.dag/Unity.AI.Search.Editor.dll (+2 others)
[1688/2211  0s] CopyFiles Library/ScriptAssemblies/Unity.Rider.Editor.dll
[1554/2211  0s] Csc Library/Bee/artifacts/1300b0aE.dag/Unity.AI.ModelSelector.dll (+2 others) [CacheHit fac0b9d5b7af49e600876755079a1d1100000000000000000000000000000006]
[1700/2211  0s] Csc Library/Bee/artifacts/1300b0aE.dag/Unity.AI.ModelSelector.dll (+2 others)
[1555/2211  0s] Csc Library/Bee/artifacts/1300b0aE.dag/Unity.RenderPipelines.Universal.Runtime.dll (+2 others) [CacheHit 2812bb10e0bd92e38d4a5a9229abc6be00000000000000000000000000000006]
[1702/2211  0s] Csc Library/Bee/artifacts/1300b0aE.dag/Unity.RenderPipelines.Universal.Runtime.dll (+2 others)
[1556/2211  0s] Csc Library/Bee/artifacts/1300b0aE.dag/Unity.Services.Core.Environments.Editor.dll (+2 others) [CacheHit c7a98f2d094ceac3472b50b6e584336800000000000000000000000000000006]
[1704/2211  0s] Csc Library/Bee/artifacts/1300b0aE.dag/Unity.Services.Core.Environments.Editor.dll (+2 others)
[1557/2211  0s] Csc Library/Bee/artifacts/1300b0aE.dag/Unity.Purchasing.AppleStub.dll (+2 others) [CacheHit 996679956c1ce91ae13fa0d5db43039100000000000000000000000000000006]
[1706/2211  0s] Csc Library/Bee/artifacts/1300b0aE.dag/Unity.Purchasing.AppleStub.dll (+2 others)
[1559/2211  0s] Csc Library/Bee/artifacts/1300b0aE.dag/Unity.Purchasing.AppleMacosStub.dll (+2 others) [CacheHit bc57b507c19e4b0da58725ae72a0211700000000000000000000000000000006]
[1709/2211  0s] Csc Library/Bee/artifacts/1300b0aE.dag/Unity.Purchasing.AppleMacosStub.dll (+2 others)
[1713/2211  0s] MovedFromExtractor Library/Bee/artifacts/mvdfrm/Unity.InferenceEngine.Editor.Visualizer.ref.dll_2217253EA82FA35E.mvfrm
[1563/2211  0s] Csc Library/Bee/artifacts/1300b0aE.dag/Unity.VisualScripting.Shared.Editor.dll (+2 others) [CacheHit 8f16292dfeea666cd6c64711433469fb00000000000000000000000000000006]
[1714/2211  0s] Csc Library/Bee/artifacts/1300b0aE.dag/Unity.VisualScripting.Shared.Editor.dll (+2 others)
[1564/2211  0s] Csc Library/Bee/artifacts/1300b0aE.dag/Unity.RenderPipelines.Core.Editor.dll (+2 others) [CacheHit 514ca6b9b3631a85beddac1be1c4f27c00000000000000000000000000000006]
[1716/2211  0s] Csc Library/Bee/artifacts/1300b0aE.dag/Unity.RenderPipelines.Core.Editor.dll (+2 others)
[1573/2211  0s] Csc Library/Bee/artifacts/1300b0aE.dag/Unity.AI.Assistant.Tools.Editor.dll (+2 others) [CacheHit 70eeef6b060fe9ae0497723a2fd6386300000000000000000000000000000006]
[1726/2211  0s] Csc Library/Bee/artifacts/1300b0aE.dag/Unity.AI.Assistant.Tools.Editor.dll (+2 others)
[1729/2211  0s] Csc Library/Bee/artifacts/1300b0aE.dag/Acuaria.Audio.dll (+2 others)
[1581/2211  0s] Csc Library/Bee/artifacts/1300b0aE.dag/Unity.Purchasing.Stores.dll (+2 others) [CacheHit 956d0d6784e60b2f38fa2116b874688300000000000000000000000000000006]
[1735/2211  0s] Csc Library/Bee/artifacts/1300b0aE.dag/Unity.Purchasing.Stores.dll (+2 others)
[1582/2211  0s] Csc Library/Bee/artifacts/1300b0aE.dag/Unity.AI.Mesh.dll (+2 others) [CacheHit bb808f1f67df024b222db6a4298a469600000000000000000000000000000006]
[1737/2211  0s] Csc Library/Bee/artifacts/1300b0aE.dag/Unity.AI.Mesh.dll (+2 others)
[1583/2211  0s] Csc Library/Bee/artifacts/1300b0aE.dag/Unity.AI.Sound.dll (+2 others) [CacheHit 590b6ba99390f13c86ebd0715ed62bf500000000000000000000000000000006]
[1739/2211  0s] Csc Library/Bee/artifacts/1300b0aE.dag/Unity.AI.Sound.dll (+2 others)
[1584/2211  0s] Csc Library/Bee/artifacts/1300b0aE.dag/Unity.2D.Animation.Runtime.dll (+2 others) [CacheHit 0df67fdacbef89f805ea6a6f326de6c600000000000000000000000000000006]
[1741/2211  0s] Csc Library/Bee/artifacts/1300b0aE.dag/Unity.2D.Animation.Runtime.dll (+2 others)
[1585/2211  0s] Csc Library/Bee/artifacts/1300b0aE.dag/Unity.AI.Pbr.dll (+2 others) [CacheHit d455645fd8d84b4d2602876746942dfa00000000000000000000000000000006]
[1743/2211  0s] Csc Library/Bee/artifacts/1300b0aE.dag/Unity.AI.Pbr.dll (+2 others)
[1586/2211  0s] Csc Library/Bee/artifacts/1300b0aE.dag/Unity.AI.Image.dll (+2 others) [CacheHit 5571eafb9724eea6db57456e578557af00000000000000000000000000000006]
[1745/2211  0s] Csc Library/Bee/artifacts/1300b0aE.dag/Unity.AI.Image.dll (+2 others)
[1587/2211  0s] Csc Library/Bee/artifacts/1300b0aE.dag/Unity.AI.Animate.dll (+2 others) [CacheHit f67c0b625999f6b5a59526e2d3944d3d00000000000000000000000000000006]
[1747/2211  0s] Csc Library/Bee/artifacts/1300b0aE.dag/Unity.AI.Animate.dll (+2 others)
[1591/2211  0s] Csc Library/Bee/artifacts/1300b0aE.dag/Unity.RenderPipelines.Core.Editor.Shared.dll (+2 others) [CacheHit 5bbb519bd60c9f961d57094814b1a39700000000000000000000000000000006]
[1752/2211  0s] Csc Library/Bee/artifacts/1300b0aE.dag/Unity.RenderPipelines.Core.Editor.Shared.dll (+2 others)
[1599/2211  0s] Csc Library/Bee/artifacts/1300b0aE.dag/Unity.AI.Assistant.UI.Editor.dll (+2 others) [CacheHit b994abccf07e177ba8d6e2ffc96aecf100000000000000000000000000000006]
[1761/2211  0s] Csc Library/Bee/artifacts/1300b0aE.dag/Unity.AI.Assistant.UI.Editor.dll (+2 others)
[1602/2211  0s] Csc Library/Bee/artifacts/1300b0aE.dag/Unity.ShaderGraph.Editor.dll (+2 others) [CacheHit 4f55e26c3f7ccaa9bf3eb368f3afaf4900000000000000000000000000000006]
[1765/2211  0s] Csc Library/Bee/artifacts/1300b0aE.dag/Unity.ShaderGraph.Editor.dll (+2 others)
[1604/2211  0s] Csc Library/Bee/artifacts/1300b0aE.dag/Unity.Purchasing.Codeless.dll (+2 others) [CacheHit b5b97f51bd498840a4b9308f742a5e9100000000000000000000000000000006]
[1768/2211  0s] Csc Library/Bee/artifacts/1300b0aE.dag/Unity.Purchasing.Codeless.dll (+2 others)
[1607/2211  0s] Csc Library/Bee/artifacts/1300b0aE.dag/Unity.2D.IK.Runtime.dll (+2 others) [CacheHit da018ce73c1727803a5d20b716907b8300000000000000000000000000000006]
[1772/2211  0s] Csc Library/Bee/artifacts/1300b0aE.dag/Unity.2D.IK.Runtime.dll (+2 others)
[1608/2211  0s] Csc Library/Bee/artifacts/1300b0aE.dag/Unity.RenderPipelines.Universal.2D.Runtime.dll (+2 others) [CacheHit b369ad1a674eaab16afb28f3fb4cb46800000000000000000000000000000006]
[1774/2211  0s] Csc Library/Bee/artifacts/1300b0aE.dag/Unity.RenderPipelines.Universal.2D.Runtime.dll (+2 others)
[1776/2211  0s] MovedFromExtractor-Combine Library/Bee/artifacts/1300b0aE.dag/Unity.InferenceEngine.Editor.dll.mvfrm
[1610/2211  0s] Csc Library/Bee/artifacts/1300b0aE.dag/Unity.2D.Animation.Editor.dll (+2 others) [CacheHit 6283101af1207d918b643e07dfb602ba00000000000000000000000000000006]
[1777/2211  0s] Csc Library/Bee/artifacts/1300b0aE.dag/Unity.2D.Animation.Editor.dll (+2 others)
[1779/2211  0s] Csc Library/Bee/artifacts/1300b0aE.dag/Acuaria.Simulation.dll (+2 others)
[1613/2211  0s] Csc Library/Bee/artifacts/1300b0aE.dag/Unity.AI.Generators.Tools.dll (+2 others) [CacheHit 13f4fbb10c5ab6b35a28de56f42ad02b00000000000000000000000000000006]
[1781/2211  0s] Csc Library/Bee/artifacts/1300b0aE.dag/Unity.AI.Generators.Tools.dll (+2 others)
[1627/2211  0s] Csc Library/Bee/artifacts/1300b0aE.dag/Unity.AI.Assistant.API.Editor.dll (+2 others) [CacheHit 87f7a088055caa0685b95b4dac1e470300000000000000000000000000000006]
[1796/2211  0s] Csc Library/Bee/artifacts/1300b0aE.dag/Unity.AI.Assistant.API.Editor.dll (+2 others)
[1628/2211  0s] Csc Library/Bee/artifacts/1300b0aE.dag/Unity.InferenceEngine.Editor.dll (+2 others) [CacheHit b5aa4dfd957b2eb2268a7386532f93a000000000000000000000000000000006]
[1798/2211  0s] Csc Library/Bee/artifacts/1300b0aE.dag/Unity.InferenceEngine.Editor.dll (+2 others)
[1629/2211  0s] Csc Library/Bee/artifacts/1300b0aE.dag/UnityEditor.Purchasing.dll (+2 others) [CacheHit 7ccc4a31a7599046e1a6665ab3517d5700000000000000000000000000000006]
[1800/2211  0s] Csc Library/Bee/artifacts/1300b0aE.dag/UnityEditor.Purchasing.dll (+2 others)
[1632/2211  0s] Csc Library/Bee/artifacts/1300b0aE.dag/Unity.RenderPipelines.Universal.2D.Editor.Overrides.dll (+2 others) [CacheHit f9ca1ff55cfad0e86ba1eb22c5106c2a00000000000000000000000000000006]
[1804/2211  0s] Csc Library/Bee/artifacts/1300b0aE.dag/Unity.RenderPipelines.Universal.2D.Editor.Overrides.dll (+2 others)
[1633/2211  0s] Csc Library/Bee/artifacts/1300b0aE.dag/Unity.2D.Aseprite.Editor.dll (+2 others) [CacheHit 56676f77e32d1f079eadec474c9731e500000000000000000000000000000006]
[1806/2211  0s] Csc Library/Bee/artifacts/1300b0aE.dag/Unity.2D.Aseprite.Editor.dll (+2 others)
[1634/2211  0s] Csc Library/Bee/artifacts/1300b0aE.dag/Unity.2D.IK.Editor.dll (+2 others) [CacheHit 88b72c649959a203c8a8c2039211b1ab00000000000000000000000000000006]
[1808/2211  0s] Csc Library/Bee/artifacts/1300b0aE.dag/Unity.2D.IK.Editor.dll (+2 others)
[1635/2211  0s] Csc Library/Bee/artifacts/1300b0aE.dag/Unity.RenderPipelines.Universal.Editor.dll (+2 others) [CacheHit 804df32a901c6b75bee71585135b25ab00000000000000000000000000000006]
[1810/2211  0s] Csc Library/Bee/artifacts/1300b0aE.dag/Unity.RenderPipelines.Universal.Editor.dll (+2 others)
[1636/2211  0s] Csc Library/Bee/artifacts/1300b0aE.dag/Unity.AI.Assistant.AssetGenerators.Editor.dll (+2 others) [CacheHit 4203615ad94e2f081d02219d34cfaee700000000000000000000000000000006]
[1812/2211  0s] Csc Library/Bee/artifacts/1300b0aE.dag/Unity.AI.Assistant.AssetGenerators.Editor.dll (+2 others)
[1639/2211  0s] Csc Library/Bee/artifacts/1300b0aE.dag/Unity.AI.Assistant.Integrations.Profiler.Editor.dll (+2 others) [CacheHit 17ff9d02450553b77532d608581c081300000000000000000000000000000006]
[1816/2211  0s] Csc Library/Bee/artifacts/1300b0aE.dag/Unity.AI.Assistant.Integrations.Profiler.Editor.dll (+2 others)
[1640/2211  0s] Csc Library/Bee/artifacts/1300b0aE.dag/Unity.2D.Psdimporter.Editor.dll (+2 others) [CacheHit e2a3e28e3a9fafa0b0ca1f8b9664e53f00000000000000000000000000000006]
[1818/2211  0s] Csc Library/Bee/artifacts/1300b0aE.dag/Unity.2D.Psdimporter.Editor.dll (+2 others)
[1641/2211  0s] Csc Library/Bee/artifacts/1300b0aE.dag/Unity.AI.MCP.Editor.dll (+2 others) [CacheHit 6b40279a6baa39c0ba5c850eaf5c230900000000000000000000000000000006]
[1820/2211  0s] Csc Library/Bee/artifacts/1300b0aE.dag/Unity.AI.MCP.Editor.dll (+2 others)
[1822/2211  0s] Csc Library/Bee/artifacts/1300b0aE.dag/Acuaria.Fish.dll (+2 others)
[1823/2211  0s] Csc Library/Bee/artifacts/1300b0aE.dag/Acuaria.Feeding.EditModeTests.dll (+2 others)
[1824/2211  0s] Csc Library/Bee/artifacts/1300b0aE.dag/Acuaria.Fish.EditModeTests.dll (+2 others)
[1825/2211  0s] Csc Library/Bee/artifacts/1300b0aE.dag/Acuaria.Aquarium.dll (+2 others)
[1826/2211  0s] Csc Library/Bee/artifacts/1300b0aE.dag/Acuaria.UI.dll (+2 others)
Assets\_Acuaria\Scripts\UI\Aquarium\AquariumContextBinder.cs(46,19): warning CS0618: 'Object.FindFirstObjectByType<T>(FindObjectsInactive)' is obsolete: 'FindFirstObjectByType has been deprecated because it relies on instance ID ordering. Use FindAnyObjectByType instead, which does not depend on ordering.'

Assets\_Acuaria\Scripts\UI\Aquarium\AquariumContextBinder.cs(47,26): warning CS0618: 'Object.FindFirstObjectByType<T>(FindObjectsInactive)' is obsolete: 'FindFirstObjectByType has been deprecated because it relies on instance ID ordering. Use FindAnyObjectByType instead, which does not depend on ordering.'

Assets\_Acuaria\Scripts\UI\Aquarium\AquariumContextBinder.cs(48,27): warning CS0618: 'Object.FindFirstObjectByType<T>(FindObjectsInactive)' is obsolete: 'FindFirstObjectByType has been deprecated because it relies on instance ID ordering. Use FindAnyObjectByType instead, which does not depend on ordering.'

Assets\_Acuaria\Scripts\UI\Aquarium\AquariumContextBinder.cs(49,23): warning CS0618: 'Object.FindFirstObjectByType<T>(FindObjectsInactive)' is obsolete: 'FindFirstObjectByType has been deprecated because it relies on instance ID ordering. Use FindAnyObjectByType instead, which does not depend on ordering.'

Assets\_Acuaria\Scripts\UI\Aquarium\AquariumContextBinder.cs(50,23): warning CS0618: 'Object.FindFirstObjectByType<T>(FindObjectsInactive)' is obsolete: 'FindFirstObjectByType has been deprecated because it relies on instance ID ordering. Use FindAnyObjectByType instead, which does not depend on ordering.'

Assets\_Acuaria\Scripts\UI\Aquarium\AquariumContextBinder.cs(51,23): warning CS0618: 'Object.FindFirstObjectByType<T>(FindObjectsInactive)' is obsolete: 'FindFirstObjectByType has been deprecated because it relies on instance ID ordering. Use FindAnyObjectByType instead, which does not depend on ordering.'

Assets\_Acuaria\Scripts\UI\Aquarium\AquariumContextBinder.cs(54,46): warning CS0618: 'Object.FindFirstObjectByType<T>()' is obsolete: 'FindFirstObjectByType has been deprecated because it relies on instance ID ordering. Use FindAnyObjectByType instead, which does not depend on ordering.'
[1827/2211  0s] Csc Library/Bee/artifacts/1300b0aE.dag/Acuaria.Room.dll (+2 others)
[1828/2211  0s] Csc Library/Bee/artifacts/1300b0aE.dag/Acuaria.Aquarium.EditModeTests.dll (+2 others)
[1829/2211  0s] Csc Library/Bee/artifacts/1300b0aE.dag/Acuaria.Room.EditModeTests.dll (+2 others)
[1830/2211  0s] ILPP-Configuration Library/ilpp-configuration.nevergeneratedoutput
[1831/2211  0s] Csc Library/Bee/artifacts/1300b0aE.dag/Acuaria.Editor.dll (+2 others)
Assets\_Acuaria\Editor\MultiAquariumSetup.cs(99,21): warning CS0618: 'Object.FindFirstObjectByType<T>(FindObjectsInactive)' is obsolete: 'FindFirstObjectByType has been deprecated because it relies on instance ID ordering. Use FindAnyObjectByType instead, which does not depend on ordering.'

Assets\_Acuaria\Editor\MultiAquariumSetup.cs(100,28): warning CS0618: 'Object.FindFirstObjectByType<T>(FindObjectsInactive)' is obsolete: 'FindFirstObjectByType has been deprecated because it relies on instance ID ordering. Use FindAnyObjectByType instead, which does not depend on ordering.'

Assets\_Acuaria\Editor\MultiAquariumSetup.cs(101,29): warning CS0618: 'Object.FindFirstObjectByType<T>(FindObjectsInactive)' is obsolete: 'FindFirstObjectByType has been deprecated because it relies on instance ID ordering. Use FindAnyObjectByType instead, which does not depend on ordering.'

Assets\_Acuaria\Editor\MultiAquariumSetup.cs(102,25): warning CS0618: 'Object.FindFirstObjectByType<T>(FindObjectsInactive)' is obsolete: 'FindFirstObjectByType has been deprecated because it relies on instance ID ordering. Use FindAnyObjectByType instead, which does not depend on ordering.'

Assets\_Acuaria\Editor\MultiAquariumSetup.cs(103,25): warning CS0618: 'Object.FindFirstObjectByType<T>(FindObjectsInactive)' is obsolete: 'FindFirstObjectByType has been deprecated because it relies on instance ID ordering. Use FindAnyObjectByType instead, which does not depend on ordering.'

Assets\_Acuaria\Editor\MultiAquariumSetup.cs(108,41): warning CS0618: 'Object.FindFirstObjectByType<T>(FindObjectsInactive)' is obsolete: 'FindFirstObjectByType has been deprecated because it relies on instance ID ordering. Use FindAnyObjectByType instead, which does not depend on ordering.'

Assets\_Acuaria\Editor\MultiAquariumSetup.cs(111,40): warning CS0618: 'Object.FindFirstObjectByType<T>()' is obsolete: 'FindFirstObjectByType has been deprecated because it relies on instance ID ordering. Use FindAnyObjectByType instead, which does not depend on ordering.'

Assets\_Acuaria\Editor\MultiAquariumSetup.cs(114,26): warning CS0618: 'Object.FindFirstObjectByType<T>(FindObjectsInactive)' is obsolete: 'FindFirstObjectByType has been deprecated because it relies on instance ID ordering. Use FindAnyObjectByType instead, which does not depend on ordering.'
[1832/2211  0s] ILPostProcess Library/Bee/artifacts/1300b0aE.dag/post-processed/Acuaria.Audio.dll (+pdb)
Processing assembly Library/Bee/artifacts/1300b0aE.dag/Acuaria.Audio.dll, with 152 defines and 304 references

processors: Unity.Jobs.CodeGen.JobsILPostProcessor, zzzUnity.Burst.CodeGen.BurstILPostProcessor

running Unity.Jobs.CodeGen.JobsILPostProcessor

running zzzUnity.Burst.CodeGen.BurstILPostProcessor
[1833/2211  0s] ILPostProcess Library/Bee/artifacts/1300b0aE.dag/post-processed/Unity.Purchasing.SecurityCore.dll (+pdb)
Processing assembly Library/Bee/artifacts/1300b0aE.dag/Unity.Purchasing.SecurityCore.dll, with 152 defines and 303 references

processors: Unity.Jobs.CodeGen.JobsILPostProcessor, zzzUnity.Burst.CodeGen.BurstILPostProcessor

running Unity.Jobs.CodeGen.JobsILPostProcessor

running zzzUnity.Burst.CodeGen.BurstILPostProcessor
[1834/2211  0s] ILPostProcess Library/Bee/artifacts/1300b0aE.dag/post-processed/Acuaria.Simulation.dll (+pdb)
Processing assembly Library/Bee/artifacts/1300b0aE.dag/Acuaria.Simulation.dll, with 152 defines and 304 references

processors: Unity.Jobs.CodeGen.JobsILPostProcessor, zzzUnity.Burst.CodeGen.BurstILPostProcessor

running Unity.Jobs.CodeGen.JobsILPostProcessor

running zzzUnity.Burst.CodeGen.BurstILPostProcessor
[1835/2211  0s] ILPostProcess Library/Bee/artifacts/1300b0aE.dag/post-processed/Unity.RenderPipelines.Core.ShaderLibrary.dll (+pdb)
Processing assembly Library/Bee/artifacts/1300b0aE.dag/Unity.RenderPipelines.Core.ShaderLibrary.dll, with 152 defines and 303 references

processors: Unity.Jobs.CodeGen.JobsILPostProcessor, zzzUnity.Burst.CodeGen.BurstILPostProcessor

running Unity.Jobs.CodeGen.JobsILPostProcessor

running zzzUnity.Burst.CodeGen.BurstILPostProcessor
[1836/2211  0s] ILPostProcess Library/Bee/artifacts/1300b0aE.dag/post-processed/Unity.Purchasing.Utilities.dll (+pdb)
Processing assembly Library/Bee/artifacts/1300b0aE.dag/Unity.Purchasing.Utilities.dll, with 152 defines and 303 references

processors: Unity.Jobs.CodeGen.JobsILPostProcessor, zzzUnity.Burst.CodeGen.BurstILPostProcessor

running Unity.Jobs.CodeGen.JobsILPostProcessor

running zzzUnity.Burst.CodeGen.BurstILPostProcessor
[1837/2211  0s] ILPostProcess Library/Bee/artifacts/1300b0aE.dag/post-processed/Unity.InferenceEngine.MacBLAS.dll (+pdb)
Processing assembly Library/Bee/artifacts/1300b0aE.dag/Unity.InferenceEngine.MacBLAS.dll, with 152 defines and 304 references

processors: Unity.Jobs.CodeGen.JobsILPostProcessor, zzzUnity.Burst.CodeGen.BurstILPostProcessor

running Unity.Jobs.CodeGen.JobsILPostProcessor

running zzzUnity.Burst.CodeGen.BurstILPostProcessor
[1838/2211  0s] ILPostProcess Library/Bee/artifacts/1300b0aE.dag/post-processed/Unity.Services.Core.Threading.dll (+pdb)
Processing assembly Library/Bee/artifacts/1300b0aE.dag/Unity.Services.Core.Threading.dll, with 152 defines and 305 references

processors: Unity.Jobs.CodeGen.JobsILPostProcessor, zzzUnity.Burst.CodeGen.BurstILPostProcessor

running Unity.Jobs.CodeGen.JobsILPostProcessor

running zzzUnity.Burst.CodeGen.BurstILPostProcessor
[1839/2211  0s] ILPostProcess Library/Bee/artifacts/1300b0aE.dag/post-processed/Unity.AI.MCP.Runtime.dll (+pdb)
Processing assembly Library/Bee/artifacts/1300b0aE.dag/Unity.AI.MCP.Runtime.dll, with 152 defines and 303 references

processors: Unity.Jobs.CodeGen.JobsILPostProcessor, zzzUnity.Burst.CodeGen.BurstILPostProcessor

running Unity.Jobs.CodeGen.JobsILPostProcessor

running zzzUnity.Burst.CodeGen.BurstILPostProcessor
[1840/2211  0s] ILPostProcess Library/Bee/artifacts/1300b0aE.dag/post-processed/Unity.Purchasing.SecurityStub.dll (+pdb)
Processing assembly Library/Bee/artifacts/1300b0aE.dag/Unity.Purchasing.SecurityStub.dll, with 152 defines and 304 references

processors: Unity.Jobs.CodeGen.JobsILPostProcessor, zzzUnity.Burst.CodeGen.BurstILPostProcessor

running Unity.Jobs.CodeGen.JobsILPostProcessor

running zzzUnity.Burst.CodeGen.BurstILPostProcessor
[1841/2211  0s] ILPostProcess Library/Bee/artifacts/1300b0aE.dag/post-processed/Acuaria.Fish.dll (+pdb)
Processing assembly Library/Bee/artifacts/1300b0aE.dag/Acuaria.Fish.dll, with 152 defines and 305 references

processors: Unity.Jobs.CodeGen.JobsILPostProcessor, zzzUnity.Burst.CodeGen.BurstILPostProcessor

running Unity.Jobs.CodeGen.JobsILPostProcessor

running zzzUnity.Burst.CodeGen.BurstILPostProcessor
[1842/2211  0s] ILPostProcess Library/Bee/artifacts/1300b0aE.dag/post-processed/Unity.Services.Core.Environments.Internal.dll (+pdb)
Processing assembly Library/Bee/artifacts/1300b0aE.dag/Unity.Services.Core.Environments.Internal.dll, with 152 defines and 304 references

processors: Unity.Jobs.CodeGen.JobsILPostProcessor, zzzUnity.Burst.CodeGen.BurstILPostProcessor

running Unity.Jobs.CodeGen.JobsILPostProcessor

running zzzUnity.Burst.CodeGen.BurstILPostProcessor
[1843/2211  0s] ILPostProcess Library/Bee/artifacts/1300b0aE.dag/post-processed/Unity.InferenceEngine.iOSBLAS.dll (+pdb)
Processing assembly Library/Bee/artifacts/1300b0aE.dag/Unity.InferenceEngine.iOSBLAS.dll, with 152 defines and 304 references

processors: Unity.Jobs.CodeGen.JobsILPostProcessor, zzzUnity.Burst.CodeGen.BurstILPostProcessor

running Unity.Jobs.CodeGen.JobsILPostProcessor

running zzzUnity.Burst.CodeGen.BurstILPostProcessor
[1844/2211  0s] ILPostProcess Library/Bee/artifacts/1300b0aE.dag/post-processed/Unity.VisualScripting.Core.dll (+pdb)
Processing assembly Library/Bee/artifacts/1300b0aE.dag/Unity.VisualScripting.Core.dll, with 157 defines and 304 references

processors: Unity.Jobs.CodeGen.JobsILPostProcessor, zzzUnity.Burst.CodeGen.BurstILPostProcessor

running Unity.Jobs.CodeGen.JobsILPostProcessor

running zzzUnity.Burst.CodeGen.BurstILPostProcessor
[1845/2211  0s] ILPostProcess Library/Bee/artifacts/1300b0aE.dag/post-processed/Unity.Microsoft.GDK.Tools.dll (+pdb)
Processing assembly Library/Bee/artifacts/1300b0aE.dag/Unity.Microsoft.GDK.Tools.dll, with 152 defines and 303 references

processors: Unity.Jobs.CodeGen.JobsILPostProcessor, zzzUnity.Burst.CodeGen.BurstILPostProcessor

running Unity.Jobs.CodeGen.JobsILPostProcessor

running zzzUnity.Burst.CodeGen.BurstILPostProcessor
[1846/2211  0s] ILPostProcess Library/Bee/artifacts/1300b0aE.dag/post-processed/Unity.Purchasing.WebshopService.dll (+pdb)
Processing assembly Library/Bee/artifacts/1300b0aE.dag/Unity.Purchasing.WebshopService.dll, with 152 defines and 307 references

processors: Unity.Jobs.CodeGen.JobsILPostProcessor, zzzUnity.Burst.CodeGen.BurstILPostProcessor

running Unity.Jobs.CodeGen.JobsILPostProcessor

running zzzUnity.Burst.CodeGen.BurstILPostProcessor
[1847/2211  0s] ILPostProcess Library/Bee/artifacts/1300b0aE.dag/post-processed/Unity.Services.Core.Device.dll (+pdb)
Processing assembly Library/Bee/artifacts/1300b0aE.dag/Unity.Services.Core.Device.dll, with 152 defines and 304 references

processors: Unity.Jobs.CodeGen.JobsILPostProcessor, zzzUnity.Burst.CodeGen.BurstILPostProcessor

running Unity.Jobs.CodeGen.JobsILPostProcessor

running zzzUnity.Burst.CodeGen.BurstILPostProcessor
[1848/2211  0s] ILPostProcess Library/Bee/artifacts/1300b0aE.dag/post-processed/Unity.Services.Core.Components.dll (+pdb)
Processing assembly Library/Bee/artifacts/1300b0aE.dag/Unity.Services.Core.Components.dll, with 152 defines and 306 references

processors: Unity.Jobs.CodeGen.JobsILPostProcessor, zzzUnity.Burst.CodeGen.BurstILPostProcessor

running Unity.Jobs.CodeGen.JobsILPostProcessor

running zzzUnity.Burst.CodeGen.BurstILPostProcessor
[1849/2211  0s] ILPostProcess Library/Bee/artifacts/1300b0aE.dag/post-processed/Unity.PerformanceTesting.dll (+pdb)
Processing assembly Library/Bee/artifacts/1300b0aE.dag/Unity.PerformanceTesting.dll, with 153 defines and 283 references

processors: Unity.Jobs.CodeGen.JobsILPostProcessor, zzzUnity.Burst.CodeGen.BurstILPostProcessor

running Unity.Jobs.CodeGen.JobsILPostProcessor

running zzzUnity.Burst.CodeGen.BurstILPostProcessor
[1850/2211  0s] ILPostProcess Library/Bee/artifacts/1300b0aE.dag/post-processed/Acuaria.Food.dll (+pdb)
Processing assembly Library/Bee/artifacts/1300b0aE.dag/Acuaria.Food.dll, with 152 defines and 304 references

processors: Unity.Jobs.CodeGen.JobsILPostProcessor, zzzUnity.Burst.CodeGen.BurstILPostProcessor

running Unity.Jobs.CodeGen.JobsILPostProcessor

running zzzUnity.Burst.CodeGen.BurstILPostProcessor
[1851/2211  0s] ILPostProcess Library/Bee/artifacts/1300b0aE.dag/post-processed/Acuaria.Core.dll (+pdb)
Processing assembly Library/Bee/artifacts/1300b0aE.dag/Acuaria.Core.dll, with 152 defines and 303 references

processors: Unity.Jobs.CodeGen.JobsILPostProcessor, zzzUnity.Burst.CodeGen.BurstILPostProcessor

running Unity.Jobs.CodeGen.JobsILPostProcessor

running zzzUnity.Burst.CodeGen.BurstILPostProcessor
[1852/2211  0s] ILPostProcess Library/Bee/artifacts/1300b0aE.dag/post-processed/Unity.Services.Core.Analytics.dll (+pdb)
Processing assembly Library/Bee/artifacts/1300b0aE.dag/Unity.Services.Core.Analytics.dll, with 152 defines and 304 references

processors: Unity.Jobs.CodeGen.JobsILPostProcessor, zzzUnity.Burst.CodeGen.BurstILPostProcessor

running Unity.Jobs.CodeGen.JobsILPostProcessor

running zzzUnity.Burst.CodeGen.BurstILPostProcessor
[1853/2211  0s] ILPostProcess Library/Bee/artifacts/1300b0aE.dag/post-processed/Unity.AI.Tracing.dll (+pdb)
Processing assembly Library/Bee/artifacts/1300b0aE.dag/Unity.AI.Tracing.dll, with 152 defines and 287 references

processors: Unity.Jobs.CodeGen.JobsILPostProcessor, zzzUnity.Burst.CodeGen.BurstILPostProcessor

running Unity.Jobs.CodeGen.JobsILPostProcessor

running zzzUnity.Burst.CodeGen.BurstILPostProcessor
[1854/2211  0s] ILPostProcess Library/Bee/artifacts/1300b0aE.dag/post-processed/Unity.Mathematics.dll (+pdb)
Processing assembly Library/Bee/artifacts/1300b0aE.dag/Unity.Mathematics.dll, with 152 defines and 303 references

processors: Unity.Jobs.CodeGen.JobsILPostProcessor, zzzUnity.Burst.CodeGen.BurstILPostProcessor

running Unity.Jobs.CodeGen.JobsILPostProcessor

running zzzUnity.Burst.CodeGen.BurstILPostProcessor
[1855/2211  0s] ILPostProcess Library/Bee/artifacts/1300b0aE.dag/post-processed/Unity.Services.Core.Networking.dll (+pdb)
Processing assembly Library/Bee/artifacts/1300b0aE.dag/Unity.Services.Core.Networking.dll, with 152 defines and 305 references

processors: Unity.Jobs.CodeGen.JobsILPostProcessor, zzzUnity.Burst.CodeGen.BurstILPostProcessor

running Unity.Jobs.CodeGen.JobsILPostProcessor

running zzzUnity.Burst.CodeGen.BurstILPostProcessor
[1856/2211  0s] ILPostProcess Library/Bee/artifacts/1300b0aE.dag/post-processed/UnityEngine.UI.dll (+pdb)
Processing assembly Library/Bee/artifacts/1300b0aE.dag/UnityEngine.UI.dll, with 158 defines and 301 references

processors: Unity.Jobs.CodeGen.JobsILPostProcessor, zzzUnity.Burst.CodeGen.BurstILPostProcessor

running Unity.Jobs.CodeGen.JobsILPostProcessor

running zzzUnity.Burst.CodeGen.BurstILPostProcessor
[1857/2211  0s] ILPostProcess Library/Bee/artifacts/1300b0aE.dag/post-processed/Unity.VisualScripting.State.dll (+pdb)
Processing assembly Library/Bee/artifacts/1300b0aE.dag/Unity.VisualScripting.State.dll, with 152 defines and 305 references

processors: Unity.Jobs.CodeGen.JobsILPostProcessor, zzzUnity.Burst.CodeGen.BurstILPostProcessor

running Unity.Jobs.CodeGen.JobsILPostProcessor

running zzzUnity.Burst.CodeGen.BurstILPostProcessor
[1858/2211  0s] ILPostProcess Library/Bee/artifacts/1300b0aE.dag/post-processed/Unity.Microsoft.GDK.dll (+pdb)
Processing assembly Library/Bee/artifacts/1300b0aE.dag/Unity.Microsoft.GDK.dll, with 152 defines and 303 references

processors: Unity.Jobs.CodeGen.JobsILPostProcessor, zzzUnity.Burst.CodeGen.BurstILPostProcessor

running Unity.Jobs.CodeGen.JobsILPostProcessor

running zzzUnity.Burst.CodeGen.BurstILPostProcessor
[1859/2211  0s] ILPostProcess Library/Bee/artifacts/1300b0aE.dag/post-processed/Unity.Purchasing.Stores.XboxCloudServices.dll (+pdb)
Processing assembly Library/Bee/artifacts/1300b0aE.dag/Unity.Purchasing.Stores.XboxCloudServices.dll, with 153 defines and 305 references

processors: Unity.Jobs.CodeGen.JobsILPostProcessor, zzzUnity.Burst.CodeGen.BurstILPostProcessor

running Unity.Jobs.CodeGen.JobsILPostProcessor

running zzzUnity.Burst.CodeGen.BurstILPostProcessor
[1860/2211  0s] ILPostProcess Library/Bee/artifacts/1300b0aE.dag/post-processed/Unity.RenderPipeline.Universal.ShaderLibrary.dll (+pdb)
Processing assembly Library/Bee/artifacts/1300b0aE.dag/Unity.RenderPipeline.Universal.ShaderLibrary.dll, with 152 defines and 304 references

processors: Unity.Jobs.CodeGen.JobsILPostProcessor, zzzUnity.Burst.CodeGen.BurstILPostProcessor

running Unity.Jobs.CodeGen.JobsILPostProcessor

running zzzUnity.Burst.CodeGen.BurstILPostProcessor
[1861/2211  0s] ILPostProcess Library/Bee/artifacts/1300b0aE.dag/post-processed/Unity.SurfaceCache.Runtime.dll (+pdb)
Processing assembly Library/Bee/artifacts/1300b0aE.dag/Unity.SurfaceCache.Runtime.dll, with 152 defines and 307 references

processors: Unity.Jobs.CodeGen.JobsILPostProcessor, zzzUnity.Burst.CodeGen.BurstILPostProcessor

running Unity.Jobs.CodeGen.JobsILPostProcessor

running zzzUnity.Burst.CodeGen.BurstILPostProcessor
[1862/2211  0s] ILPostProcess Library/Bee/artifacts/1300b0aE.dag/post-processed/Unity.Services.Core.Configuration.dll (+pdb)
Processing assembly Library/Bee/artifacts/1300b0aE.dag/Unity.Services.Core.Configuration.dll, with 152 defines and 305 references

processors: Unity.Jobs.CodeGen.JobsILPostProcessor, zzzUnity.Burst.CodeGen.BurstILPostProcessor

running Unity.Jobs.CodeGen.JobsILPostProcessor

running zzzUnity.Burst.CodeGen.BurstILPostProcessor
[1863/2211  0s] ILPostProcess Library/Bee/artifacts/1300b0aE.dag/post-processed/Unity.InternalAPIEngineBridge.001.dll (+pdb)
Processing assembly Library/Bee/artifacts/1300b0aE.dag/Unity.InternalAPIEngineBridge.001.dll, with 152 defines and 303 references

processors: Unity.Jobs.CodeGen.JobsILPostProcessor, zzzUnity.Burst.CodeGen.BurstILPostProcessor

running Unity.Jobs.CodeGen.JobsILPostProcessor

running zzzUnity.Burst.CodeGen.BurstILPostProcessor
[1864/2211  0s] ILPostProcess Library/Bee/artifacts/1300b0aE.dag/post-processed/Unity.InternalAPIEngineBridge.004.dll (+pdb)
Processing assembly Library/Bee/artifacts/1300b0aE.dag/Unity.InternalAPIEngineBridge.004.dll, with 152 defines and 303 references

processors: Unity.Jobs.CodeGen.JobsILPostProcessor, zzzUnity.Burst.CodeGen.BurstILPostProcessor

running Unity.Jobs.CodeGen.JobsILPostProcessor

running zzzUnity.Burst.CodeGen.BurstILPostProcessor
[1865/2211  0s] ILPostProcess Library/Bee/artifacts/1300b0aE.dag/post-processed/Unity.Purchasing.LiveContentAdapterService.dll (+pdb)
Processing assembly Library/Bee/artifacts/1300b0aE.dag/Unity.Purchasing.LiveContentAdapterService.dll, with 152 defines and 307 references

processors: Unity.Jobs.CodeGen.JobsILPostProcessor, zzzUnity.Burst.CodeGen.BurstILPostProcessor

running Unity.Jobs.CodeGen.JobsILPostProcessor

running zzzUnity.Burst.CodeGen.BurstILPostProcessor
[1866/2211  0s] ILPostProcess Library/Bee/artifacts/1300b0aE.dag/post-processed/Unity.Services.Core.dll (+pdb)
Processing assembly Library/Bee/artifacts/1300b0aE.dag/Unity.Services.Core.dll, with 152 defines and 303 references

processors: Unity.Jobs.CodeGen.JobsILPostProcessor, zzzUnity.Burst.CodeGen.BurstILPostProcessor

running Unity.Jobs.CodeGen.JobsILPostProcessor

running zzzUnity.Burst.CodeGen.BurstILPostProcessor
[1867/2211  0s] ILPostProcess Library/Bee/artifacts/1300b0aE.dag/post-processed/Unity.InputSystem.dll (+pdb)
Processing assembly Library/Bee/artifacts/1300b0aE.dag/Unity.InputSystem.dll, with 164 defines and 303 references

processors: Unity.Jobs.CodeGen.JobsILPostProcessor, zzzUnity.Burst.CodeGen.BurstILPostProcessor

running Unity.Jobs.CodeGen.JobsILPostProcessor

running zzzUnity.Burst.CodeGen.BurstILPostProcessor
[1868/2211  0s] ILPostProcess Library/Bee/artifacts/1300b0aE.dag/post-processed/Unity.InferenceEngine.Tokenization.dll (+pdb)
Processing assembly Library/Bee/artifacts/1300b0aE.dag/Unity.InferenceEngine.Tokenization.dll, with 152 defines and 287 references

processors: Unity.Jobs.CodeGen.JobsILPostProcessor, zzzUnity.Burst.CodeGen.BurstILPostProcessor

running Unity.Jobs.CodeGen.JobsILPostProcessor

running zzzUnity.Burst.CodeGen.BurstILPostProcessor
[1869/2211  0s] ILPostProcess Library/Bee/artifacts/1300b0aE.dag/post-processed/Unity.InternalAPIEngineBridge.RenderPipelines.Core.Runtime.Shared.dll (+pdb)
Processing assembly Library/Bee/artifacts/1300b0aE.dag/Unity.InternalAPIEngineBridge.RenderPipelines.Core.Runtime.Shared.dll, with 152 defines and 303 references

processors: Unity.Jobs.CodeGen.JobsILPostProcessor, zzzUnity.Burst.CodeGen.BurstILPostProcessor

running Unity.Jobs.CodeGen.JobsILPostProcessor

running zzzUnity.Burst.CodeGen.BurstILPostProcessor
[1870/2211  0s] ILPostProcess Library/Bee/artifacts/1300b0aE.dag/post-processed/Unity.VisualScripting.DocCodeExamples.dll (+pdb)
Processing assembly Library/Bee/artifacts/1300b0aE.dag/Unity.VisualScripting.DocCodeExamples.dll, with 152 defines and 288 references

processors: Unity.Jobs.CodeGen.JobsILPostProcessor, zzzUnity.Burst.CodeGen.BurstILPostProcessor

running Unity.Jobs.CodeGen.JobsILPostProcessor

running zzzUnity.Burst.CodeGen.BurstILPostProcessor
[1871/2211  0s] ILPostProcess Library/Bee/artifacts/1300b0aE.dag/post-processed/Unity.RenderPipelines.Universal.Config.Runtime.dll (+pdb)
Processing assembly Library/Bee/artifacts/1300b0aE.dag/Unity.RenderPipelines.Universal.Config.Runtime.dll, with 152 defines and 304 references

processors: Unity.Jobs.CodeGen.JobsILPostProcessor, zzzUnity.Burst.CodeGen.BurstILPostProcessor

running Unity.Jobs.CodeGen.JobsILPostProcessor

running zzzUnity.Burst.CodeGen.BurstILPostProcessor
[1872/2211  0s] ILPostProcess Library/Bee/artifacts/1300b0aE.dag/post-processed/Unity.Purchasing.AppleMacosStub.dll (+pdb)
Processing assembly Library/Bee/artifacts/1300b0aE.dag/Unity.Purchasing.AppleMacosStub.dll, with 152 defines and 304 references

processors: Unity.Jobs.CodeGen.JobsILPostProcessor, zzzUnity.Burst.CodeGen.BurstILPostProcessor

running Unity.Jobs.CodeGen.JobsILPostProcessor

running zzzUnity.Burst.CodeGen.BurstILPostProcessor
[1873/2211  0s] ILPostProcess Library/Bee/artifacts/1300b0aE.dag/post-processed/Unity.AppUI.Undo.dll (+pdb)
Processing assembly Library/Bee/artifacts/1300b0aE.dag/Unity.AppUI.Undo.dll, with 152 defines and 287 references

processors: Unity.Jobs.CodeGen.JobsILPostProcessor, zzzUnity.Burst.CodeGen.BurstILPostProcessor

running Unity.Jobs.CodeGen.JobsILPostProcessor

running zzzUnity.Burst.CodeGen.BurstILPostProcessor
[1874/2211  0s] ILPostProcess Library/Bee/artifacts/1300b0aE.dag/post-processed/Unity.AppUI.InternalAPIBridge.dll (+pdb)
Processing assembly Library/Bee/artifacts/1300b0aE.dag/Unity.AppUI.InternalAPIBridge.dll, with 153 defines and 287 references

processors: Unity.Jobs.CodeGen.JobsILPostProcessor, zzzUnity.Burst.CodeGen.BurstILPostProcessor

running Unity.Jobs.CodeGen.JobsILPostProcessor

running zzzUnity.Burst.CodeGen.BurstILPostProcessor
[1875/2211  0s] ILPostProcess Library/Bee/artifacts/1300b0aE.dag/post-processed/Unity.Purchasing.Codeless.dll (+pdb)
Processing assembly Library/Bee/artifacts/1300b0aE.dag/Unity.Purchasing.Codeless.dll, with 152 defines and 307 references

processors: Unity.Jobs.CodeGen.JobsILPostProcessor, zzzUnity.Burst.CodeGen.BurstILPostProcessor

running Unity.Jobs.CodeGen.JobsILPostProcessor

running zzzUnity.Burst.CodeGen.BurstILPostProcessor
[1876/2211  0s] ILPostProcess Library/Bee/artifacts/1300b0aE.dag/post-processed/Unity.RenderPipelines.Universal.Shaders.dll (+pdb)
Processing assembly Library/Bee/artifacts/1300b0aE.dag/Unity.RenderPipelines.Universal.Shaders.dll, with 152 defines and 303 references

processors: Unity.Jobs.CodeGen.JobsILPostProcessor, zzzUnity.Burst.CodeGen.BurstILPostProcessor

running Unity.Jobs.CodeGen.JobsILPostProcessor

running zzzUnity.Burst.CodeGen.BurstILPostProcessor
[1877/2211  0s] ILPostProcess Library/Bee/artifacts/1300b0aE.dag/post-processed/Unity.Purchasing.AppleStub.dll (+pdb)
Processing assembly Library/Bee/artifacts/1300b0aE.dag/Unity.Purchasing.AppleStub.dll, with 152 defines and 305 references

processors: Unity.Jobs.CodeGen.JobsILPostProcessor, zzzUnity.Burst.CodeGen.BurstILPostProcessor

running Unity.Jobs.CodeGen.JobsILPostProcessor

running zzzUnity.Burst.CodeGen.BurstILPostProcessor
[1878/2211  0s] ILPostProcess Library/Bee/artifacts/1300b0aE.dag/post-processed/Unity.RenderPipelines.ShaderGraph.ShaderGraphLibrary.dll (+pdb)
Processing assembly Library/Bee/artifacts/1300b0aE.dag/Unity.RenderPipelines.ShaderGraph.ShaderGraphLibrary.dll, with 152 defines and 303 references

processors: Unity.Jobs.CodeGen.JobsILPostProcessor, zzzUnity.Burst.CodeGen.BurstILPostProcessor

running Unity.Jobs.CodeGen.JobsILPostProcessor

running zzzUnity.Burst.CodeGen.BurstILPostProcessor
[1879/2211  0s] ILPostProcess Library/Bee/artifacts/1300b0aE.dag/post-processed/Unity.Purchasing.PaymentProviderService.dll (+pdb)
Processing assembly Library/Bee/artifacts/1300b0aE.dag/Unity.Purchasing.PaymentProviderService.dll, with 152 defines and 307 references

processors: Unity.Jobs.CodeGen.JobsILPostProcessor, zzzUnity.Burst.CodeGen.BurstILPostProcessor

running Unity.Jobs.CodeGen.JobsILPostProcessor

running zzzUnity.Burst.CodeGen.BurstILPostProcessor
[1880/2211  0s] ILPostProcess Library/Bee/artifacts/1300b0aE.dag/post-processed/Unity.VisualScripting.Flow.dll (+pdb)
Processing assembly Library/Bee/artifacts/1300b0aE.dag/Unity.VisualScripting.Flow.dll, with 160 defines and 305 references

processors: Unity.Jobs.CodeGen.JobsILPostProcessor, zzzUnity.Burst.CodeGen.BurstILPostProcessor

running Unity.Jobs.CodeGen.JobsILPostProcessor

running zzzUnity.Burst.CodeGen.BurstILPostProcessor
[1881/2211  0s] ILPostProcess Library/Bee/artifacts/1300b0aE.dag/post-processed/Unity.Purchasing.dll (+pdb)
Processing assembly Library/Bee/artifacts/1300b0aE.dag/Unity.Purchasing.dll, with 154 defines and 313 references

processors: Unity.Jobs.CodeGen.JobsILPostProcessor, zzzUnity.Burst.CodeGen.BurstILPostProcessor

running Unity.Jobs.CodeGen.JobsILPostProcessor

running zzzUnity.Burst.CodeGen.BurstILPostProcessor
[1882/2211  0s] ILPostProcess Library/Bee/artifacts/1300b0aE.dag/post-processed/Unity.AppUI.MVVM.dll (+pdb)
Processing assembly Library/Bee/artifacts/1300b0aE.dag/Unity.AppUI.MVVM.dll, with 153 defines and 289 references

processors: Unity.Jobs.CodeGen.JobsILPostProcessor, zzzUnity.Burst.CodeGen.BurstILPostProcessor

running Unity.Jobs.CodeGen.JobsILPostProcessor

running zzzUnity.Burst.CodeGen.BurstILPostProcessor
[1883/2211  0s] ILPostProcess Library/Bee/artifacts/1300b0aE.dag/post-processed/Unity.Multiplayer.Center.Common.dll (+pdb)
Processing assembly Library/Bee/artifacts/1300b0aE.dag/Unity.Multiplayer.Center.Common.dll, with 152 defines and 303 references

processors: Unity.Jobs.CodeGen.JobsILPostProcessor, zzzUnity.Burst.CodeGen.BurstILPostProcessor

running Unity.Jobs.CodeGen.JobsILPostProcessor

running zzzUnity.Burst.CodeGen.BurstILPostProcessor
[1884/2211  0s] ILPostProcess Library/Bee/artifacts/1300b0aE.dag/post-processed/Unity.AppUI.Redux.dll (+pdb)
Processing assembly Library/Bee/artifacts/1300b0aE.dag/Unity.AppUI.Redux.dll, with 152 defines and 289 references

processors: Unity.Jobs.CodeGen.JobsILPostProcessor, zzzUnity.Burst.CodeGen.BurstILPostProcessor

running Unity.Jobs.CodeGen.JobsILPostProcessor

running zzzUnity.Burst.CodeGen.BurstILPostProcessor
[1885/2211  0s] ILPostProcess Library/Bee/artifacts/1300b0aE.dag/post-processed/Unity.AppUI.Navigation.dll (+pdb)
Processing assembly Library/Bee/artifacts/1300b0aE.dag/Unity.AppUI.Navigation.dll, with 154 defines and 289 references

processors: Unity.Jobs.CodeGen.JobsILPostProcessor, zzzUnity.Burst.CodeGen.BurstILPostProcessor

running Unity.Jobs.CodeGen.JobsILPostProcessor

running zzzUnity.Burst.CodeGen.BurstILPostProcessor
[1886/2211  0s] ILPostProcess Library/Bee/artifacts/1300b0aE.dag/post-processed/Unity.Purchasing.Stores.dll (+pdb)
Processing assembly Library/Bee/artifacts/1300b0aE.dag/Unity.Purchasing.Stores.dll, with 153 defines and 299 references

processors: Unity.Jobs.CodeGen.JobsILPostProcessor, zzzUnity.Burst.CodeGen.BurstILPostProcessor

running Unity.Jobs.CodeGen.JobsILPostProcessor

running zzzUnity.Burst.CodeGen.BurstILPostProcessor
[1887/2211  0s] ILPostProcess Library/Bee/artifacts/1300b0aE.dag/post-processed/Unity.InputSystem.ForUI.dll (+pdb)
Processing assembly Library/Bee/artifacts/1300b0aE.dag/Unity.InputSystem.ForUI.dll, with 152 defines and 304 references

processors: Unity.Jobs.CodeGen.JobsILPostProcessor, zzzUnity.Burst.CodeGen.BurstILPostProcessor

running Unity.Jobs.CodeGen.JobsILPostProcessor

running zzzUnity.Burst.CodeGen.BurstILPostProcessor
[1888/2211  0s] ILPostProcess Library/Bee/artifacts/1300b0aE.dag/post-processed/Unity.Services.Core.Internal.dll (+pdb)
Processing assembly Library/Bee/artifacts/1300b0aE.dag/Unity.Services.Core.Internal.dll, with 152 defines and 304 references

processors: Unity.Jobs.CodeGen.JobsILPostProcessor, zzzUnity.Burst.CodeGen.BurstILPostProcessor

running Unity.Jobs.CodeGen.JobsILPostProcessor

running zzzUnity.Burst.CodeGen.BurstILPostProcessor
[1889/2211  0s] ILPostProcess Library/Bee/artifacts/1300b0aE.dag/post-processed/Unity.Services.Core.Registration.dll (+pdb)
Processing assembly Library/Bee/artifacts/1300b0aE.dag/Unity.Services.Core.Registration.dll, with 152 defines and 312 references

processors: Unity.Jobs.CodeGen.JobsILPostProcessor, zzzUnity.Burst.CodeGen.BurstILPostProcessor

running Unity.Jobs.CodeGen.JobsILPostProcessor

running zzzUnity.Burst.CodeGen.BurstILPostProcessor
[1890/2211  0s] ILPostProcess Library/Bee/artifacts/1300b0aE.dag/post-processed/Acuaria.Aquarium.dll (+pdb)
Processing assembly Library/Bee/artifacts/1300b0aE.dag/Acuaria.Aquarium.dll, with 152 defines and 306 references

processors: Unity.Jobs.CodeGen.JobsILPostProcessor, zzzUnity.Burst.CodeGen.BurstILPostProcessor

running Unity.Jobs.CodeGen.JobsILPostProcessor

running zzzUnity.Burst.CodeGen.BurstILPostProcessor
[1891/2211  0s] ILPostProcess Library/Bee/artifacts/1300b0aE.dag/post-processed/Unity.Services.Core.Telemetry.dll (+pdb)
Processing assembly Library/Bee/artifacts/1300b0aE.dag/Unity.Services.Core.Telemetry.dll, with 152 defines and 305 references

processors: Unity.Jobs.CodeGen.JobsILPostProcessor, zzzUnity.Burst.CodeGen.BurstILPostProcessor

running Unity.Jobs.CodeGen.JobsILPostProcessor

running zzzUnity.Burst.CodeGen.BurstILPostProcessor
[1892/2211  0s] ILPostProcess Library/Bee/artifacts/1300b0aE.dag/post-processed/Unity.Services.Core.Scheduler.dll (+pdb)
Processing assembly Library/Bee/artifacts/1300b0aE.dag/Unity.Services.Core.Scheduler.dll, with 152 defines and 305 references

processors: Unity.Jobs.CodeGen.JobsILPostProcessor, zzzUnity.Burst.CodeGen.BurstILPostProcessor

running Unity.Jobs.CodeGen.JobsILPostProcessor

running zzzUnity.Burst.CodeGen.BurstILPostProcessor
[1893/2211  0s] ILPostProcess Library/Bee/artifacts/1300b0aE.dag/post-processed/Unity.AppUI.dll (+pdb)
Processing assembly Library/Bee/artifacts/1300b0aE.dag/Unity.AppUI.dll, with 161 defines and 289 references

processors: Unity.Jobs.CodeGen.JobsILPostProcessor, zzzUnity.Burst.CodeGen.BurstILPostProcessor

running Unity.Jobs.CodeGen.JobsILPostProcessor

running zzzUnity.Burst.CodeGen.BurstILPostProcessor
[1894/2211  0s] ILPostProcess Library/Bee/artifacts/1300b0aE.dag/post-processed/Unity.InputSystem.TestFramework.dll (+pdb)
Processing assembly Library/Bee/artifacts/1300b0aE.dag/Unity.InputSystem.TestFramework.dll, with 153 defines and 285 references

processors: Unity.Jobs.CodeGen.JobsILPostProcessor, zzzUnity.Burst.CodeGen.BurstILPostProcessor

running Unity.Jobs.CodeGen.JobsILPostProcessor

running zzzUnity.Burst.CodeGen.BurstILPostProcessor
[1895/2211  0s] ILPostProcess Library/Bee/artifacts/1300b0aE.dag/post-processed/Unity.Services.Core.Environments.dll (+pdb)
Processing assembly Library/Bee/artifacts/1300b0aE.dag/Unity.Services.Core.Environments.dll, with 152 defines and 305 references

processors: Unity.Jobs.CodeGen.JobsILPostProcessor, zzzUnity.Burst.CodeGen.BurstILPostProcessor

running Unity.Jobs.CodeGen.JobsILPostProcessor

running zzzUnity.Burst.CodeGen.BurstILPostProcessor
[1896/2211  0s] ILPostProcess Library/Bee/artifacts/1300b0aE.dag/post-processed/Unity.InternalAPIEngineBridge.RenderPipelines.Core.Editor.dll (+pdb)
Processing assembly Library/Bee/artifacts/1300b0aE.dag/Unity.InternalAPIEngineBridge.RenderPipelines.Core.Editor.dll, with 150 defines and 315 references

processors: Unity.Jobs.CodeGen.JobsILPostProcessor, zzzUnity.Burst.CodeGen.BurstILPostProcessor

running Unity.Jobs.CodeGen.JobsILPostProcessor

running zzzUnity.Burst.CodeGen.BurstILPostProcessor
[1897/2211  0s] ILPostProcess Library/Bee/artifacts/1300b0aE.dag/post-processed/Unity.2D.Common.Runtime.dll (+pdb)
Processing assembly Library/Bee/artifacts/1300b0aE.dag/Unity.2D.Common.Runtime.dll, with 152 defines and 306 references

processors: Unity.Jobs.CodeGen.JobsILPostProcessor, zzzUnity.Burst.CodeGen.BurstILPostProcessor

running Unity.Jobs.CodeGen.JobsILPostProcessor

running zzzUnity.Burst.CodeGen.BurstILPostProcessor
[1898/2211  0s] ILPostProcess Library/Bee/artifacts/1300b0aE.dag/post-processed/Unity.AI.Animate.Motion.Runtime.dll (+pdb)
Processing assembly Library/Bee/artifacts/1300b0aE.dag/Unity.AI.Animate.Motion.Runtime.dll, with 152 defines and 287 references

processors: Unity.Jobs.CodeGen.JobsILPostProcessor, zzzUnity.Burst.CodeGen.BurstILPostProcessor

running Unity.Jobs.CodeGen.JobsILPostProcessor

running zzzUnity.Burst.CodeGen.BurstILPostProcessor
[1899/2211  0s] ILPostProcess Library/Bee/artifacts/1300b0aE.dag/post-processed/Unity.InferenceEngine.ONNX.Editor.dll (+pdb)
Processing assembly Library/Bee/artifacts/1300b0aE.dag/Unity.InferenceEngine.ONNX.Editor.dll, with 150 defines and 299 references

processors: Unity.Jobs.CodeGen.JobsILPostProcessor, zzzUnity.Burst.CodeGen.BurstILPostProcessor

running Unity.Jobs.CodeGen.JobsILPostProcessor

running zzzUnity.Burst.CodeGen.BurstILPostProcessor
[1900/2211  0s] ILPostProcess Library/Bee/artifacts/1300b0aE.dag/post-processed/Unity.Timeline.dll (+pdb)
Processing assembly Library/Bee/artifacts/1300b0aE.dag/Unity.Timeline.dll, with 153 defines and 303 references

processors: Unity.Jobs.CodeGen.JobsILPostProcessor, zzzUnity.Burst.CodeGen.BurstILPostProcessor

running Unity.Jobs.CodeGen.JobsILPostProcessor

running zzzUnity.Burst.CodeGen.BurstILPostProcessor
[1901/2211  1s] ILPostProcess Library/Bee/artifacts/1300b0aE.dag/post-processed/Unity.RenderPipelines.Core.Runtime.dll (+pdb)
Processing assembly Library/Bee/artifacts/1300b0aE.dag/Unity.RenderPipelines.Core.Runtime.dll, with 156 defines and 307 references

processors: Unity.Jobs.CodeGen.JobsILPostProcessor, zzzUnity.Burst.CodeGen.BurstILPostProcessor

running Unity.Jobs.CodeGen.JobsILPostProcessor

running zzzUnity.Burst.CodeGen.BurstILPostProcessor
[1902/2211  0s] ILPostProcess Library/Bee/artifacts/1300b0aE.dag/post-processed/Unity.AI.Assistant.Runtime.dll (+pdb)
Processing assembly Library/Bee/artifacts/1300b0aE.dag/Unity.AI.Assistant.Runtime.dll, with 152 defines and 283 references

processors: Unity.Jobs.CodeGen.JobsILPostProcessor, zzzUnity.Burst.CodeGen.BurstILPostProcessor

running Unity.Jobs.CodeGen.JobsILPostProcessor

running zzzUnity.Burst.CodeGen.BurstILPostProcessor
[1903/2211  0s] ILPostProcess Library/Bee/artifacts/1300b0aE.dag/post-processed/Unity.AI.Toolkit.Compliance.dll (+pdb)
Processing assembly Library/Bee/artifacts/1300b0aE.dag/Unity.AI.Toolkit.Compliance.dll, with 150 defines and 315 references

processors: Unity.Jobs.CodeGen.JobsILPostProcessor, zzzUnity.Burst.CodeGen.BurstILPostProcessor

running Unity.Jobs.CodeGen.JobsILPostProcessor

running zzzUnity.Burst.CodeGen.BurstILPostProcessor
[1904/2211  1s] ILPostProcess Library/Bee/artifacts/1300b0aE.dag/post-processed/Unity.2D.SpriteShape.Runtime.dll (+pdb)
Processing assembly Library/Bee/artifacts/1300b0aE.dag/Unity.2D.SpriteShape.Runtime.dll, with 153 defines and 307 references

processors: Unity.Jobs.CodeGen.JobsILPostProcessor, zzzUnity.Burst.CodeGen.BurstILPostProcessor

running Unity.Jobs.CodeGen.JobsILPostProcessor

running zzzUnity.Burst.CodeGen.BurstILPostProcessor
[1905/2211  0s] ILPostProcess Library/Bee/artifacts/1300b0aE.dag/post-processed/Unity.Burst.dll (+pdb)
Processing assembly Library/Bee/artifacts/1300b0aE.dag/Unity.Burst.dll, with 152 defines and 287 references

processors: Unity.Jobs.CodeGen.JobsILPostProcessor, zzzUnity.Burst.CodeGen.BurstILPostProcessor

running Unity.Jobs.CodeGen.JobsILPostProcessor

running zzzUnity.Burst.CodeGen.BurstILPostProcessor
[1906/2211  0s] ILPostProcess Library/Bee/artifacts/1300b0aE.dag/post-processed/Unity.Services.Core.Configuration.Editor.dll (+pdb)
Processing assembly Library/Bee/artifacts/1300b0aE.dag/Unity.Services.Core.Configuration.Editor.dll, with 150 defines and 318 references

processors: Unity.Jobs.CodeGen.JobsILPostProcessor, zzzUnity.Burst.CodeGen.BurstILPostProcessor

running Unity.Jobs.CodeGen.JobsILPostProcessor

running zzzUnity.Burst.CodeGen.BurstILPostProcessor
[1907/2211  0s] ILPostProcess Library/Bee/artifacts/1300b0aE.dag/post-processed/Acuaria.UI.dll (+pdb)
Processing assembly Library/Bee/artifacts/1300b0aE.dag/Acuaria.UI.dll, with 152 defines and 309 references

processors: Unity.Jobs.CodeGen.JobsILPostProcessor, zzzUnity.Burst.CodeGen.BurstILPostProcessor

running Unity.Jobs.CodeGen.JobsILPostProcessor

running zzzUnity.Burst.CodeGen.BurstILPostProcessor
[1908/2211  1s] ILPostProcess Library/Bee/artifacts/1300b0aE.dag/post-processed/Unity.PathTracing.Runtime.dll (+pdb)
Processing assembly Library/Bee/artifacts/1300b0aE.dag/Unity.PathTracing.Runtime.dll, with 153 defines and 307 references

processors: Unity.Jobs.CodeGen.JobsILPostProcessor, zzzUnity.Burst.CodeGen.BurstILPostProcessor

running Unity.Jobs.CodeGen.JobsILPostProcessor

running zzzUnity.Burst.CodeGen.BurstILPostProcessor
[1909/2211  0s] ILPostProcess Library/Bee/artifacts/1300b0aE.dag/post-processed/Acuaria.Room.dll (+pdb)
Processing assembly Library/Bee/artifacts/1300b0aE.dag/Acuaria.Room.dll, with 152 defines and 309 references

processors: Unity.Jobs.CodeGen.JobsILPostProcessor, zzzUnity.Burst.CodeGen.BurstILPostProcessor

running Unity.Jobs.CodeGen.JobsILPostProcessor

running zzzUnity.Burst.CodeGen.BurstILPostProcessor
[1910/2211  1s] ILPostProcess Library/Bee/artifacts/1300b0aE.dag/post-processed/Unity.UnifiedRayTracing.Runtime.dll (+pdb)
Processing assembly Library/Bee/artifacts/1300b0aE.dag/Unity.UnifiedRayTracing.Runtime.dll, with 153 defines and 306 references

processors: Unity.Jobs.CodeGen.JobsILPostProcessor, zzzUnity.Burst.CodeGen.BurstILPostProcessor

running Unity.Jobs.CodeGen.JobsILPostProcessor

running zzzUnity.Burst.CodeGen.BurstILPostProcessor
[1911/2211  0s] ILPostProcess Library/Bee/artifacts/1300b0aE.dag/post-processed/Unity.TextMeshPro.dll (+pdb)
Processing assembly Library/Bee/artifacts/1300b0aE.dag/Unity.TextMeshPro.dll, with 153 defines and 304 references

processors: Unity.Jobs.CodeGen.JobsILPostProcessor, zzzUnity.Burst.CodeGen.BurstILPostProcessor

running Unity.Jobs.CodeGen.JobsILPostProcessor

running zzzUnity.Burst.CodeGen.BurstILPostProcessor
[1912/2211  0s] ILPostProcess Library/Bee/artifacts/1300b0aE.dag/post-processed/Unity.RenderPipelines.Core.Runtime.Shared.dll (+pdb)
Processing assembly Library/Bee/artifacts/1300b0aE.dag/Unity.RenderPipelines.Core.Runtime.Shared.dll, with 152 defines and 306 references

processors: Unity.Jobs.CodeGen.JobsILPostProcessor, zzzUnity.Burst.CodeGen.BurstILPostProcessor

running Unity.Jobs.CodeGen.JobsILPostProcessor

running zzzUnity.Burst.CodeGen.BurstILPostProcessor
[1913/2211  0s] ILPostProcess Library/Bee/artifacts/1300b0aE.dag/post-processed/Unity.2D.Common.Path.Editor.dll (+pdb)
Processing assembly Library/Bee/artifacts/1300b0aE.dag/Unity.2D.Common.Path.Editor.dll, with 150 defines and 315 references

processors: Unity.Jobs.CodeGen.JobsILPostProcessor, zzzUnity.Burst.CodeGen.BurstILPostProcessor

running Unity.Jobs.CodeGen.JobsILPostProcessor

running zzzUnity.Burst.CodeGen.BurstILPostProcessor
[1914/2211  0s] ILPostProcess Library/Bee/artifacts/1300b0aE.dag/post-processed/Unity.2D.IK.Runtime.dll (+pdb)
Processing assembly Library/Bee/artifacts/1300b0aE.dag/Unity.2D.IK.Runtime.dll, with 152 defines and 307 references

processors: Unity.Jobs.CodeGen.JobsILPostProcessor, zzzUnity.Burst.CodeGen.BurstILPostProcessor

running Unity.Jobs.CodeGen.JobsILPostProcessor

running zzzUnity.Burst.CodeGen.BurstILPostProcessor
[1915/2211  0s] ILPostProcess Library/Bee/artifacts/1300b0aE.dag/post-processed/Unity.RenderPipelines.Universal.Runtime.dll (+pdb)
Processing assembly Library/Bee/artifacts/1300b0aE.dag/Unity.RenderPipelines.Universal.Runtime.dll, with 159 defines and 313 references

processors: Unity.Jobs.CodeGen.JobsILPostProcessor, zzzUnity.Burst.CodeGen.BurstILPostProcessor

running Unity.Jobs.CodeGen.JobsILPostProcessor

running zzzUnity.Burst.CodeGen.BurstILPostProcessor
[1916/2211  0s] ILPostProcess Library/Bee/artifacts/1300b0aE.dag/post-processed/Unity.AI.Toolkit.Asset.dll (+pdb)
Processing assembly Library/Bee/artifacts/1300b0aE.dag/Unity.AI.Toolkit.Asset.dll, with 150 defines and 316 references

processors: Unity.Jobs.CodeGen.JobsILPostProcessor, zzzUnity.Burst.CodeGen.BurstILPostProcessor

running Unity.Jobs.CodeGen.JobsILPostProcessor

running zzzUnity.Burst.CodeGen.BurstILPostProcessor
[1917/2211  0s] ILPostProcess Library/Bee/artifacts/1300b0aE.dag/post-processed/HFDownloader.dll (+pdb)
Processing assembly Library/Bee/artifacts/1300b0aE.dag/HFDownloader.dll, with 150 defines and 299 references

processors: Unity.Jobs.CodeGen.JobsILPostProcessor, zzzUnity.Burst.CodeGen.BurstILPostProcessor

running Unity.Jobs.CodeGen.JobsILPostProcessor

running zzzUnity.Burst.CodeGen.BurstILPostProcessor
[1918/2211  0s] ILPostProcess Library/Bee/artifacts/1300b0aE.dag/post-processed/Unity.Timeline.Editor.dll (+pdb)
Processing assembly Library/Bee/artifacts/1300b0aE.dag/Unity.Timeline.Editor.dll, with 151 defines and 316 references

processors: Unity.Jobs.CodeGen.JobsILPostProcessor, zzzUnity.Burst.CodeGen.BurstILPostProcessor

running Unity.Jobs.CodeGen.JobsILPostProcessor

running zzzUnity.Burst.CodeGen.BurstILPostProcessor
[1919/2211  0s] ILPostProcess Library/Bee/artifacts/1300b0aE.dag/post-processed/Unity.RenderPipelines.Universal.2D.Runtime.dll (+pdb)
Processing assembly Library/Bee/artifacts/1300b0aE.dag/Unity.RenderPipelines.Universal.2D.Runtime.dll, with 158 defines and 311 references

processors: Unity.Jobs.CodeGen.JobsILPostProcessor, zzzUnity.Burst.CodeGen.BurstILPostProcessor

running Unity.Jobs.CodeGen.JobsILPostProcessor

running zzzUnity.Burst.CodeGen.BurstILPostProcessor
[1920/2211  0s] ILPostProcess Library/Bee/artifacts/1300b0aE.dag/post-processed/Unity.2D.Animation.Runtime.dll (+pdb)
Processing assembly Library/Bee/artifacts/1300b0aE.dag/Unity.2D.Animation.Runtime.dll, with 154 defines and 309 references

processors: Unity.Jobs.CodeGen.JobsILPostProcessor, zzzUnity.Burst.CodeGen.BurstILPostProcessor

running Unity.Jobs.CodeGen.JobsILPostProcessor

running zzzUnity.Burst.CodeGen.BurstILPostProcessor
[1921/2211  0s] ILPostProcess Library/Bee/artifacts/1300b0aE.dag/post-processed/Unity.PlasticSCM.Editor.Assistant.dll (+pdb)
Processing assembly Library/Bee/artifacts/1300b0aE.dag/Unity.PlasticSCM.Editor.Assistant.dll, with 151 defines and 317 references

processors: Unity.Jobs.CodeGen.JobsILPostProcessor, zzzUnity.Burst.CodeGen.BurstILPostProcessor

running Unity.Jobs.CodeGen.JobsILPostProcessor

running zzzUnity.Burst.CodeGen.BurstILPostProcessor
[1922/2211  0s] ILPostProcess Library/Bee/artifacts/1300b0aE.dag/post-processed/Unity.PathTracing.Editor.dll (+pdb)
Processing assembly Library/Bee/artifacts/1300b0aE.dag/Unity.PathTracing.Editor.dll, with 151 defines and 319 references

processors: Unity.Jobs.CodeGen.JobsILPostProcessor, zzzUnity.Burst.CodeGen.BurstILPostProcessor

running Unity.Jobs.CodeGen.JobsILPostProcessor

running zzzUnity.Burst.CodeGen.BurstILPostProcessor
[1923/2211  0s] ILPostProcess Library/Bee/artifacts/1300b0aE.dag/post-processed/Unity.2D.Tilemap.Editor.dll (+pdb)
Processing assembly Library/Bee/artifacts/1300b0aE.dag/Unity.2D.Tilemap.Editor.dll, with 150 defines and 315 references

processors: Unity.Jobs.CodeGen.JobsILPostProcessor, zzzUnity.Burst.CodeGen.BurstILPostProcessor

running Unity.Jobs.CodeGen.JobsILPostProcessor

running zzzUnity.Burst.CodeGen.BurstILPostProcessor
[1924/2211  0s] ILPostProcess Library/Bee/artifacts/1300b0aE.dag/post-processed/Unity.AI.Toolkit.Accounts.dll (+pdb)
Processing assembly Library/Bee/artifacts/1300b0aE.dag/Unity.AI.Toolkit.Accounts.dll, with 150 defines and 317 references

processors: Unity.Jobs.CodeGen.JobsILPostProcessor, zzzUnity.Burst.CodeGen.BurstILPostProcessor

running Unity.Jobs.CodeGen.JobsILPostProcessor

running zzzUnity.Burst.CodeGen.BurstILPostProcessor
[1925/2211  1s] ILPostProcess Library/Bee/artifacts/1300b0aE.dag/post-processed/Unity.RenderPipelines.GPUDriven.Runtime.dll (+pdb)
Processing assembly Library/Bee/artifacts/1300b0aE.dag/Unity.RenderPipelines.GPUDriven.Runtime.dll, with 152 defines and 307 references

processors: Unity.Jobs.CodeGen.JobsILPostProcessor, zzzUnity.Burst.CodeGen.BurstILPostProcessor

running Unity.Jobs.CodeGen.JobsILPostProcessor

running zzzUnity.Burst.CodeGen.BurstILPostProcessor
[1926/2211  0s] ILPostProcess Library/Bee/artifacts/1300b0aE.dag/post-processed/Unity.AI.Generators.UI.AIDropdownIntegrations.dll (+pdb)
Processing assembly Library/Bee/artifacts/1300b0aE.dag/Unity.AI.Generators.UI.AIDropdownIntegrations.dll, with 150 defines and 318 references

processors: Unity.Jobs.CodeGen.JobsILPostProcessor, zzzUnity.Burst.CodeGen.BurstILPostProcessor

running Unity.Jobs.CodeGen.JobsILPostProcessor

running zzzUnity.Burst.CodeGen.BurstILPostProcessor
[1927/2211  0s] ILPostProcess Library/Bee/artifacts/1300b0aE.dag/post-processed/Unity.2D.Tilemap.Extras.dll (+pdb)
Processing assembly Library/Bee/artifacts/1300b0aE.dag/Unity.2D.Tilemap.Extras.dll, with 152 defines and 304 references

processors: Unity.Jobs.CodeGen.JobsILPostProcessor, zzzUnity.Burst.CodeGen.BurstILPostProcessor

running Unity.Jobs.CodeGen.JobsILPostProcessor

running zzzUnity.Burst.CodeGen.BurstILPostProcessor
[1928/2211  0s] ILPostProcess Library/Bee/artifacts/1300b0aE.dag/post-processed/Unity.Rendering.LightTransport.Editor.dll (+pdb)
Processing assembly Library/Bee/artifacts/1300b0aE.dag/Unity.Rendering.LightTransport.Editor.dll, with 150 defines and 315 references

processors: Unity.Jobs.CodeGen.JobsILPostProcessor, zzzUnity.Burst.CodeGen.BurstILPostProcessor

running Unity.Jobs.CodeGen.JobsILPostProcessor

running zzzUnity.Burst.CodeGen.BurstILPostProcessor
[1929/2211  0s] ILPostProcess Library/Bee/artifacts/1300b0aE.dag/post-processed/UnityEditor.UI.Analytics.dll (+pdb)
Processing assembly Library/Bee/artifacts/1300b0aE.dag/UnityEditor.UI.Analytics.dll, with 150 defines and 316 references

processors: Unity.Jobs.CodeGen.JobsILPostProcessor, zzzUnity.Burst.CodeGen.BurstILPostProcessor

running Unity.Jobs.CodeGen.JobsILPostProcessor

running zzzUnity.Burst.CodeGen.BurstILPostProcessor
[1930/2211  0s] ILPostProcess Library/Bee/artifacts/1300b0aE.dag/post-processed/Unity.AI.Assistant.Agent.Dynamic.Extension.Editor.dll (+pdb)
Processing assembly Library/Bee/artifacts/1300b0aE.dag/Unity.AI.Assistant.Agent.Dynamic.Extension.Editor.dll, with 150 defines and 315 references

processors: Unity.Jobs.CodeGen.JobsILPostProcessor, zzzUnity.Burst.CodeGen.BurstILPostProcessor

running Unity.Jobs.CodeGen.JobsILPostProcessor

running zzzUnity.Burst.CodeGen.BurstILPostProcessor
[1931/2211  0s] ILPostProcess Library/Bee/artifacts/1300b0aE.dag/post-processed/Unity.2D.Sprite.Editor.dll (+pdb)
Processing assembly Library/Bee/artifacts/1300b0aE.dag/Unity.2D.Sprite.Editor.dll, with 150 defines and 315 references

processors: Unity.Jobs.CodeGen.JobsILPostProcessor, zzzUnity.Burst.CodeGen.BurstILPostProcessor

running Unity.Jobs.CodeGen.JobsILPostProcessor

running zzzUnity.Burst.CodeGen.BurstILPostProcessor
[1932/2211  0s] ILPostProcess Library/Bee/artifacts/1300b0aE.dag/post-processed/Unity.AI.Assistant.Annotations.Editor.dll (+pdb)
Processing assembly Library/Bee/artifacts/1300b0aE.dag/Unity.AI.Assistant.Annotations.Editor.dll, with 150 defines and 315 references

processors: Unity.Jobs.CodeGen.JobsILPostProcessor, zzzUnity.Burst.CodeGen.BurstILPostProcessor

running Unity.Jobs.CodeGen.JobsILPostProcessor

running zzzUnity.Burst.CodeGen.BurstILPostProcessor
[1933/2211  0s] ILPostProcess Library/Bee/artifacts/1300b0aE.dag/post-processed/Unity.AI.Generators.UI.dll (+pdb)
Processing assembly Library/Bee/artifacts/1300b0aE.dag/Unity.AI.Generators.UI.dll, with 150 defines and 310 references

processors: Unity.Jobs.CodeGen.JobsILPostProcessor, zzzUnity.Burst.CodeGen.BurstILPostProcessor

running Unity.Jobs.CodeGen.JobsILPostProcessor

running zzzUnity.Burst.CodeGen.BurstILPostProcessor
[1934/2211  2s] ILPostProcess Library/Bee/artifacts/1300b0aE.dag/post-processed/Unity.Collections.dll (+pdb)
Processing assembly Library/Bee/artifacts/1300b0aE.dag/Unity.Collections.dll, with 154 defines and 305 references

processors: Unity.Jobs.CodeGen.JobsILPostProcessor, zzzUnity.Burst.CodeGen.BurstILPostProcessor

running Unity.Jobs.CodeGen.JobsILPostProcessor

running zzzUnity.Burst.CodeGen.BurstILPostProcessor
[1935/2211  0s] ILPostProcess Library/Bee/artifacts/1300b0aE.dag/post-processed/Unity.ShaderGraph.Editor.dll (+pdb)
Processing assembly Library/Bee/artifacts/1300b0aE.dag/Unity.ShaderGraph.Editor.dll, with 150 defines and 320 references

processors: Unity.Jobs.CodeGen.JobsILPostProcessor, zzzUnity.Burst.CodeGen.BurstILPostProcessor

running Unity.Jobs.CodeGen.JobsILPostProcessor

running zzzUnity.Burst.CodeGen.BurstILPostProcessor
[1936/2211  0s] ILPostProcess Library/Bee/artifacts/1300b0aE.dag/post-processed/Unity.AI.Generators.Asset.dll (+pdb)
Processing assembly Library/Bee/artifacts/1300b0aE.dag/Unity.AI.Generators.Asset.dll, with 150 defines and 320 references

processors: Unity.Jobs.CodeGen.JobsILPostProcessor, zzzUnity.Burst.CodeGen.BurstILPostProcessor

running Unity.Jobs.CodeGen.JobsILPostProcessor

running zzzUnity.Burst.CodeGen.BurstILPostProcessor
[1937/2211  0s] ILPostProcess Library/Bee/artifacts/1300b0aE.dag/post-processed/IAPResolver.dll (+pdb)
Processing assembly Library/Bee/artifacts/1300b0aE.dag/IAPResolver.dll, with 150 defines and 315 references

processors: Unity.Jobs.CodeGen.JobsILPostProcessor, zzzUnity.Burst.CodeGen.BurstILPostProcessor

running Unity.Jobs.CodeGen.JobsILPostProcessor

running zzzUnity.Burst.CodeGen.BurstILPostProcessor
[1938/2211  0s] ILPostProcess Library/Bee/artifacts/1300b0aE.dag/post-processed/Unity.AI.Generators.IO.dll (+pdb)
Processing assembly Library/Bee/artifacts/1300b0aE.dag/Unity.AI.Generators.IO.dll, with 150 defines and 320 references

processors: Unity.Jobs.CodeGen.JobsILPostProcessor, zzzUnity.Burst.CodeGen.BurstILPostProcessor

running Unity.Jobs.CodeGen.JobsILPostProcessor

running zzzUnity.Burst.CodeGen.BurstILPostProcessor
[1939/2211  0s] ILPostProcess Library/Bee/artifacts/1300b0aE.dag/post-processed/Unity.AI.ModelSelector.dll (+pdb)
Processing assembly Library/Bee/artifacts/1300b0aE.dag/Unity.AI.ModelSelector.dll, with 150 defines and 324 references

processors: Unity.Jobs.CodeGen.JobsILPostProcessor, zzzUnity.Burst.CodeGen.BurstILPostProcessor

running Unity.Jobs.CodeGen.JobsILPostProcessor

running zzzUnity.Burst.CodeGen.BurstILPostProcessor
[1940/2211  0s] ILPostProcess Library/Bee/artifacts/1300b0aE.dag/post-processed/Unity.InferenceEngine.Editor.Visualizer.dll (+pdb)
Processing assembly Library/Bee/artifacts/1300b0aE.dag/Unity.InferenceEngine.Editor.Visualizer.dll, with 150 defines and 322 references

processors: Unity.Jobs.CodeGen.JobsILPostProcessor, zzzUnity.Burst.CodeGen.BurstILPostProcessor

running Unity.Jobs.CodeGen.JobsILPostProcessor

running zzzUnity.Burst.CodeGen.BurstILPostProcessor
[1941/2211  0s] ILPostProcess Library/Bee/artifacts/1300b0aE.dag/post-processed/Acuaria.Fish.EditModeTests.dll (+pdb)
Processing assembly Library/Bee/artifacts/1300b0aE.dag/Acuaria.Fish.EditModeTests.dll, with 150 defines and 300 references

processors: Unity.Jobs.CodeGen.JobsILPostProcessor, zzzUnity.Burst.CodeGen.BurstILPostProcessor

running Unity.Jobs.CodeGen.JobsILPostProcessor

running zzzUnity.Burst.CodeGen.BurstILPostProcessor
[1942/2211  0s] ILPostProcess Library/Bee/artifacts/1300b0aE.dag/post-processed/Unity.Searcher.Editor.dll (+pdb)
Processing assembly Library/Bee/artifacts/1300b0aE.dag/Unity.Searcher.Editor.dll, with 150 defines and 315 references

processors: Unity.Jobs.CodeGen.JobsILPostProcessor, zzzUnity.Burst.CodeGen.BurstILPostProcessor

running Unity.Jobs.CodeGen.JobsILPostProcessor

running zzzUnity.Burst.CodeGen.BurstILPostProcessor
[1943/2211  0s] ILPostProcess Library/Bee/artifacts/1300b0aE.dag/post-processed/Unity.Collections.Editor.dll (+pdb)
Processing assembly Library/Bee/artifacts/1300b0aE.dag/Unity.Collections.Editor.dll, with 151 defines and 316 references

processors: Unity.Jobs.CodeGen.JobsILPostProcessor, zzzUnity.Burst.CodeGen.BurstILPostProcessor

running Unity.Jobs.CodeGen.JobsILPostProcessor

running zzzUnity.Burst.CodeGen.BurstILPostProcessor
[1944/2211  0s] ILPostProcess Library/Bee/artifacts/1300b0aE.dag/post-processed/Unity.InternalAPIEditorBridge.001.dll (+pdb)
Processing assembly Library/Bee/artifacts/1300b0aE.dag/Unity.InternalAPIEditorBridge.001.dll, with 151 defines and 316 references

processors: Unity.Jobs.CodeGen.JobsILPostProcessor, zzzUnity.Burst.CodeGen.BurstILPostProcessor

running Unity.Jobs.CodeGen.JobsILPostProcessor

running zzzUnity.Burst.CodeGen.BurstILPostProcessor
[1945/2211  0s] ILPostProcess Library/Bee/artifacts/1300b0aE.dag/post-processed/Unity.AI.Toolkit.Utility.dll (+pdb)
Processing assembly Library/Bee/artifacts/1300b0aE.dag/Unity.AI.Toolkit.Utility.dll, with 150 defines and 315 references

processors: Unity.Jobs.CodeGen.JobsILPostProcessor, zzzUnity.Burst.CodeGen.BurstILPostProcessor

running Unity.Jobs.CodeGen.JobsILPostProcessor

running zzzUnity.Burst.CodeGen.BurstILPostProcessor
[1946/2211  0s] ILPostProcess Library/Bee/artifacts/1300b0aE.dag/post-processed/Unity.2D.Tilemap.Extras.Editor.dll (+pdb)
Processing assembly Library/Bee/artifacts/1300b0aE.dag/Unity.2D.Tilemap.Extras.Editor.dll, with 150 defines and 317 references

processors: Unity.Jobs.CodeGen.JobsILPostProcessor, zzzUnity.Burst.CodeGen.BurstILPostProcessor

running Unity.Jobs.CodeGen.JobsILPostProcessor

running zzzUnity.Burst.CodeGen.BurstILPostProcessor
[1947/2211  0s] ILPostProcess Library/Bee/artifacts/1300b0aE.dag/post-processed/Unity.AI.Generators.Redux.dll (+pdb)
Processing assembly Library/Bee/artifacts/1300b0aE.dag/Unity.AI.Generators.Redux.dll, with 150 defines and 318 references

processors: Unity.Jobs.CodeGen.JobsILPostProcessor, zzzUnity.Burst.CodeGen.BurstILPostProcessor

running Unity.Jobs.CodeGen.JobsILPostProcessor

running zzzUnity.Burst.CodeGen.BurstILPostProcessor
[1948/2211  1s] ILPostProcess Library/Bee/artifacts/1300b0aE.dag/post-processed/Unity.PlasticSCM.Editor.dll (+pdb)
Processing assembly Library/Bee/artifacts/1300b0aE.dag/Unity.PlasticSCM.Editor.dll, with 151 defines and 304 references

processors: Unity.Jobs.CodeGen.JobsILPostProcessor, zzzUnity.Burst.CodeGen.BurstILPostProcessor

running Unity.Jobs.CodeGen.JobsILPostProcessor

running zzzUnity.Burst.CodeGen.BurstILPostProcessor
[1949/2211  0s] ILPostProcess Library/Bee/artifacts/1300b0aE.dag/post-processed/Unity.InternalAPIEditorBridge.ShaderGraph.Editor.dll (+pdb)
Processing assembly Library/Bee/artifacts/1300b0aE.dag/Unity.InternalAPIEditorBridge.ShaderGraph.Editor.dll, with 150 defines and 315 references

processors: Unity.Jobs.CodeGen.JobsILPostProcessor, zzzUnity.Burst.CodeGen.BurstILPostProcessor

running Unity.Jobs.CodeGen.JobsILPostProcessor

running zzzUnity.Burst.CodeGen.BurstILPostProcessor
[1950/2211  0s] ILPostProcess Library/Bee/artifacts/1300b0aE.dag/post-processed/Unity.Multiplayer.Center.Editor.dll (+pdb)
Processing assembly Library/Bee/artifacts/1300b0aE.dag/Unity.Multiplayer.Center.Editor.dll, with 150 defines and 316 references

processors: Unity.Jobs.CodeGen.JobsILPostProcessor, zzzUnity.Burst.CodeGen.BurstILPostProcessor

running Unity.Jobs.CodeGen.JobsILPostProcessor

running zzzUnity.Burst.CodeGen.BurstILPostProcessor
[1951/2211  0s] ILPostProcess Library/Bee/artifacts/1300b0aE.dag/post-processed/Unity.2D.Aseprite.Common.dll (+pdb)
Processing assembly Library/Bee/artifacts/1300b0aE.dag/Unity.2D.Aseprite.Common.dll, with 150 defines and 318 references

processors: Unity.Jobs.CodeGen.JobsILPostProcessor, zzzUnity.Burst.CodeGen.BurstILPostProcessor

running Unity.Jobs.CodeGen.JobsILPostProcessor

running zzzUnity.Burst.CodeGen.BurstILPostProcessor
[1952/2211  0s] ILPostProcess Library/Bee/artifacts/1300b0aE.dag/post-processed/Unity.Burst.Editor.dll (+pdb)
Processing assembly Library/Bee/artifacts/1300b0aE.dag/Unity.Burst.Editor.dll, with 150 defines and 316 references

processors: Unity.Jobs.CodeGen.JobsILPostProcessor, zzzUnity.Burst.CodeGen.BurstILPostProcessor

running Unity.Jobs.CodeGen.JobsILPostProcessor

running zzzUnity.Burst.CodeGen.BurstILPostProcessor
[1953/2211  0s] ILPostProcess Library/Bee/artifacts/1300b0aE.dag/post-processed/Unity.RenderPipelines.Core.Editor.dll (+pdb)
Processing assembly Library/Bee/artifacts/1300b0aE.dag/Unity.RenderPipelines.Core.Editor.dll, with 153 defines and 324 references

processors: Unity.Jobs.CodeGen.JobsILPostProcessor, zzzUnity.Burst.CodeGen.BurstILPostProcessor

running Unity.Jobs.CodeGen.JobsILPostProcessor

running zzzUnity.Burst.CodeGen.BurstILPostProcessor
[1954/2211  3s] ILPostProcess Library/Bee/artifacts/1300b0aE.dag/post-processed/Unity.InferenceEngine.dll (+pdb)
Processing assembly Library/Bee/artifacts/1300b0aE.dag/Unity.InferenceEngine.dll, with 152 defines and 306 references

processors: Unity.Jobs.CodeGen.JobsILPostProcessor, zzzUnity.Burst.CodeGen.BurstILPostProcessor

running Unity.Jobs.CodeGen.JobsILPostProcessor

running zzzUnity.Burst.CodeGen.BurstILPostProcessor
[1955/2211  0s] ILPostProcess Library/Bee/artifacts/1300b0aE.dag/post-processed/Acuaria.Aquarium.EditModeTests.dll (+pdb)
Processing assembly Library/Bee/artifacts/1300b0aE.dag/Acuaria.Aquarium.EditModeTests.dll, with 150 defines and 304 references

processors: Unity.Jobs.CodeGen.JobsILPostProcessor, zzzUnity.Burst.CodeGen.BurstILPostProcessor

running Unity.Jobs.CodeGen.JobsILPostProcessor

running zzzUnity.Burst.CodeGen.BurstILPostProcessor
[1956/2211  0s] ILPostProcess Library/Bee/artifacts/1300b0aE.dag/post-processed/Acuaria.Feeding.EditModeTests.dll (+pdb)
Processing assembly Library/Bee/artifacts/1300b0aE.dag/Acuaria.Feeding.EditModeTests.dll, with 150 defines and 300 references

processors: Unity.Jobs.CodeGen.JobsILPostProcessor, zzzUnity.Burst.CodeGen.BurstILPostProcessor

running Unity.Jobs.CodeGen.JobsILPostProcessor

running zzzUnity.Burst.CodeGen.BurstILPostProcessor
[1957/2211  0s] ILPostProcess Library/Bee/artifacts/1300b0aE.dag/post-processed/Unity.Services.Core.Editor.dll (+pdb)
Processing assembly Library/Bee/artifacts/1300b0aE.dag/Unity.Services.Core.Editor.dll, with 150 defines and 325 references

processors: Unity.Jobs.CodeGen.JobsILPostProcessor, zzzUnity.Burst.CodeGen.BurstILPostProcessor

running Unity.Jobs.CodeGen.JobsILPostProcessor

running zzzUnity.Burst.CodeGen.BurstILPostProcessor
[1958/2211  0s] ILPostProcess Library/Bee/artifacts/1300b0aE.dag/post-processed/Unity.AI.Toolkit.GenerationObjectPicker.dll (+pdb)
Processing assembly Library/Bee/artifacts/1300b0aE.dag/Unity.AI.Toolkit.GenerationObjectPicker.dll, with 151 defines and 318 references

processors: Unity.Jobs.CodeGen.JobsILPostProcessor, zzzUnity.Burst.CodeGen.BurstILPostProcessor

running Unity.Jobs.CodeGen.JobsILPostProcessor

running zzzUnity.Burst.CodeGen.BurstILPostProcessor
[1959/2211  0s] ILPostProcess Library/Bee/artifacts/1300b0aE.dag/post-processed/Unity.AI.Generators.IO.Srp.dll (+pdb)
Processing assembly Library/Bee/artifacts/1300b0aE.dag/Unity.AI.Generators.IO.Srp.dll, with 150 defines and 315 references

processors: Unity.Jobs.CodeGen.JobsILPostProcessor, zzzUnity.Burst.CodeGen.BurstILPostProcessor

running Unity.Jobs.CodeGen.JobsILPostProcessor

running zzzUnity.Burst.CodeGen.BurstILPostProcessor
[1960/2211  0s] ILPostProcess Library/Bee/artifacts/1300b0aE.dag/post-processed/Unity.AppUI.Navigation.Editor.dll (+pdb)
Processing assembly Library/Bee/artifacts/1300b0aE.dag/Unity.AppUI.Navigation.Editor.dll, with 151 defines and 319 references

processors: Unity.Jobs.CodeGen.JobsILPostProcessor, zzzUnity.Burst.CodeGen.BurstILPostProcessor

running Unity.Jobs.CodeGen.JobsILPostProcessor

running zzzUnity.Burst.CodeGen.BurstILPostProcessor
[1961/2211  0s] ILPostProcess Library/Bee/artifacts/1300b0aE.dag/post-processed/Unity.ShaderGraph.Utilities.dll (+pdb)
Processing assembly Library/Bee/artifacts/1300b0aE.dag/Unity.ShaderGraph.Utilities.dll, with 150 defines and 315 references

processors: Unity.Jobs.CodeGen.JobsILPostProcessor, zzzUnity.Burst.CodeGen.BurstILPostProcessor

running Unity.Jobs.CodeGen.JobsILPostProcessor

running zzzUnity.Burst.CodeGen.BurstILPostProcessor
[1962/2211  0s] ILPostProcess Library/Bee/artifacts/1300b0aE.dag/post-processed/Unity.Services.Core.Environments.Editor.dll (+pdb)
Processing assembly Library/Bee/artifacts/1300b0aE.dag/Unity.Services.Core.Environments.Editor.dll, with 150 defines and 320 references

processors: Unity.Jobs.CodeGen.JobsILPostProcessor, zzzUnity.Burst.CodeGen.BurstILPostProcessor

running Unity.Jobs.CodeGen.JobsILPostProcessor

running zzzUnity.Burst.CodeGen.BurstILPostProcessor
[1963/2211  0s] ILPostProcess Library/Bee/artifacts/1300b0aE.dag/post-processed/Unity.AI.Toolkit.GenerationContextMenu.dll (+pdb)
Processing assembly Library/Bee/artifacts/1300b0aE.dag/Unity.AI.Toolkit.GenerationContextMenu.dll, with 150 defines and 316 references

processors: Unity.Jobs.CodeGen.JobsILPostProcessor, zzzUnity.Burst.CodeGen.BurstILPostProcessor

running Unity.Jobs.CodeGen.JobsILPostProcessor

running zzzUnity.Burst.CodeGen.BurstILPostProcessor
[1964/2211  0s] ILPostProcess Library/Bee/artifacts/1300b0aE.dag/post-processed/Unity.AppUI.Redux.Editor.dll (+pdb)
Processing assembly Library/Bee/artifacts/1300b0aE.dag/Unity.AppUI.Redux.Editor.dll, with 154 defines and 303 references

processors: Unity.Jobs.CodeGen.JobsILPostProcessor, zzzUnity.Burst.CodeGen.BurstILPostProcessor

running Unity.Jobs.CodeGen.JobsILPostProcessor

running zzzUnity.Burst.CodeGen.BurstILPostProcessor
[1965/2211  0s] ILPostProcess Library/Bee/artifacts/1300b0aE.dag/post-processed/Unity.InferenceEngine.Microsoft.Msagl.dll (+pdb)
Processing assembly Library/Bee/artifacts/1300b0aE.dag/Unity.InferenceEngine.Microsoft.Msagl.dll, with 150 defines and 315 references

processors: Unity.Jobs.CodeGen.JobsILPostProcessor, zzzUnity.Burst.CodeGen.BurstILPostProcessor

running Unity.Jobs.CodeGen.JobsILPostProcessor

running zzzUnity.Burst.CodeGen.BurstILPostProcessor
[1966/2211  0s] ILPostProcess Library/Bee/artifacts/1300b0aE.dag/post-processed/Unity.AppUI.Editor.dll (+pdb)
Processing assembly Library/Bee/artifacts/1300b0aE.dag/Unity.AppUI.Editor.dll, with 153 defines and 317 references

processors: Unity.Jobs.CodeGen.JobsILPostProcessor, zzzUnity.Burst.CodeGen.BurstILPostProcessor

running Unity.Jobs.CodeGen.JobsILPostProcessor

running zzzUnity.Burst.CodeGen.BurstILPostProcessor
[1967/2211  0s] ILPostProcess Library/Bee/artifacts/1300b0aE.dag/post-processed/Acuaria.Room.EditModeTests.dll (+pdb)
Processing assembly Library/Bee/artifacts/1300b0aE.dag/Acuaria.Room.EditModeTests.dll, with 150 defines and 301 references

processors: Unity.Jobs.CodeGen.JobsILPostProcessor, zzzUnity.Burst.CodeGen.BurstILPostProcessor

running Unity.Jobs.CodeGen.JobsILPostProcessor

running zzzUnity.Burst.CodeGen.BurstILPostProcessor
[1968/2211  0s] ILPostProcess Library/Bee/artifacts/1300b0aE.dag/post-processed/Unity.CollabProxy.Editor.dll (+pdb)
Processing assembly Library/Bee/artifacts/1300b0aE.dag/Unity.CollabProxy.Editor.dll, with 150 defines and 316 references

processors: Unity.Jobs.CodeGen.JobsILPostProcessor, zzzUnity.Burst.CodeGen.BurstILPostProcessor

running Unity.Jobs.CodeGen.JobsILPostProcessor

running zzzUnity.Burst.CodeGen.BurstILPostProcessor
[1969/2211  0s] ILPostProcess Library/Bee/artifacts/1300b0aE.dag/post-processed/Unity.PlasticSCM.Editor.Entities.dll (+pdb)
Processing assembly Library/Bee/artifacts/1300b0aE.dag/Unity.PlasticSCM.Editor.Entities.dll, with 150 defines and 316 references

processors: Unity.Jobs.CodeGen.JobsILPostProcessor, zzzUnity.Burst.CodeGen.BurstILPostProcessor

running Unity.Jobs.CodeGen.JobsILPostProcessor

running zzzUnity.Burst.CodeGen.BurstILPostProcessor
[1970/2211  0s] ILPostProcess Library/Bee/artifacts/1300b0aE.dag/post-processed/Unity.AI.Generators.Sdk.dll (+pdb)
Processing assembly Library/Bee/artifacts/1300b0aE.dag/Unity.AI.Generators.Sdk.dll, with 150 defines and 319 references

processors: Unity.Jobs.CodeGen.JobsILPostProcessor, zzzUnity.Burst.CodeGen.BurstILPostProcessor

running Unity.Jobs.CodeGen.JobsILPostProcessor

running zzzUnity.Burst.CodeGen.BurstILPostProcessor
[1971/2211  0s] ILPostProcess Library/Bee/artifacts/1300b0aE.dag/post-processed/Unity.AI.Toolkit.Async.dll (+pdb)
Processing assembly Library/Bee/artifacts/1300b0aE.dag/Unity.AI.Toolkit.Async.dll, with 150 defines and 315 references

processors: Unity.Jobs.CodeGen.JobsILPostProcessor, zzzUnity.Burst.CodeGen.BurstILPostProcessor

running Unity.Jobs.CodeGen.JobsILPostProcessor

running zzzUnity.Burst.CodeGen.BurstILPostProcessor
[1972/2211  0s] ILPostProcess Library/Bee/artifacts/1300b0aE.dag/post-processed/UnityEditor.Purchasing.dll (+pdb)
Processing assembly Library/Bee/artifacts/1300b0aE.dag/UnityEditor.Purchasing.dll, with 152 defines and 307 references

processors: Unity.Jobs.CodeGen.JobsILPostProcessor, zzzUnity.Burst.CodeGen.BurstILPostProcessor

running Unity.Jobs.CodeGen.JobsILPostProcessor

running zzzUnity.Burst.CodeGen.BurstILPostProcessor
[1973/2211  0s] ILPostProcess Library/Bee/artifacts/1300b0aE.dag/post-processed/Unity.Microsoft.GDK.Discovery.dll (+pdb)
Processing assembly Library/Bee/artifacts/1300b0aE.dag/Unity.Microsoft.GDK.Discovery.dll, with 150 defines and 315 references

processors: Unity.Jobs.CodeGen.JobsILPostProcessor, zzzUnity.Burst.CodeGen.BurstILPostProcessor

running Unity.Jobs.CodeGen.JobsILPostProcessor

running zzzUnity.Burst.CodeGen.BurstILPostProcessor
[1974/2211  0s] ILPostProcess Library/Bee/artifacts/1300b0aE.dag/post-processed/ScriptablePacker.dll (+pdb)
Processing assembly Library/Bee/artifacts/1300b0aE.dag/ScriptablePacker.dll, with 150 defines and 302 references

processors: Unity.Jobs.CodeGen.JobsILPostProcessor, zzzUnity.Burst.CodeGen.BurstILPostProcessor

running Unity.Jobs.CodeGen.JobsILPostProcessor

running zzzUnity.Burst.CodeGen.BurstILPostProcessor
[1975/2211  0s] ILPostProcess Library/Bee/artifacts/1300b0aE.dag/post-processed/Unity.2D.Tooling.Editor.dll (+pdb)
Processing assembly Library/Bee/artifacts/1300b0aE.dag/Unity.2D.Tooling.Editor.dll, with 150 defines and 318 references

processors: Unity.Jobs.CodeGen.JobsILPostProcessor, zzzUnity.Burst.CodeGen.BurstILPostProcessor

running Unity.Jobs.CodeGen.JobsILPostProcessor

running zzzUnity.Burst.CodeGen.BurstILPostProcessor
[1976/2211  0s] ILPostProcess Library/Bee/artifacts/1300b0aE.dag/post-processed/Unity.2D.SpriteShape.Editor.dll (+pdb)
Processing assembly Library/Bee/artifacts/1300b0aE.dag/Unity.2D.SpriteShape.Editor.dll, with 151 defines and 320 references

processors: Unity.Jobs.CodeGen.JobsILPostProcessor, zzzUnity.Burst.CodeGen.BurstILPostProcessor

running Unity.Jobs.CodeGen.JobsILPostProcessor

running zzzUnity.Burst.CodeGen.BurstILPostProcessor
[1977/2211  0s] ILPostProcess Library/Bee/artifacts/1300b0aE.dag/post-processed/Unity.Microsoft.GDK.Editor.dll (+pdb)
Processing assembly Library/Bee/artifacts/1300b0aE.dag/Unity.Microsoft.GDK.Editor.dll, with 150 defines and 317 references

processors: Unity.Jobs.CodeGen.JobsILPostProcessor, zzzUnity.Burst.CodeGen.BurstILPostProcessor

running Unity.Jobs.CodeGen.JobsILPostProcessor

running zzzUnity.Burst.CodeGen.BurstILPostProcessor
[1978/2211  0s] ILPostProcess Library/Bee/artifacts/1300b0aE.dag/post-processed/Unity.TextMeshPro.Editor.dll (+pdb)
Processing assembly Library/Bee/artifacts/1300b0aE.dag/Unity.TextMeshPro.Editor.dll, with 150 defines and 317 references

processors: Unity.Jobs.CodeGen.JobsILPostProcessor, zzzUnity.Burst.CodeGen.BurstILPostProcessor

running Unity.Jobs.CodeGen.JobsILPostProcessor

running zzzUnity.Burst.CodeGen.BurstILPostProcessor
[1979/2211  0s] ILPostProcess Library/Bee/artifacts/1300b0aE.dag/post-processed/PsdPlugin.dll (+pdb)
Processing assembly Library/Bee/artifacts/1300b0aE.dag/PsdPlugin.dll, with 150 defines and 316 references

processors: Unity.Jobs.CodeGen.JobsILPostProcessor, zzzUnity.Burst.CodeGen.BurstILPostProcessor

running Unity.Jobs.CodeGen.JobsILPostProcessor

running zzzUnity.Burst.CodeGen.BurstILPostProcessor
[1980/2211  0s] ILPostProcess Library/Bee/artifacts/1300b0aE.dag/post-processed/Unity.2D.Common.Editor.dll (+pdb)
Processing assembly Library/Bee/artifacts/1300b0aE.dag/Unity.2D.Common.Editor.dll, with 150 defines and 319 references

processors: Unity.Jobs.CodeGen.JobsILPostProcessor, zzzUnity.Burst.CodeGen.BurstILPostProcessor

running Unity.Jobs.CodeGen.JobsILPostProcessor

running zzzUnity.Burst.CodeGen.BurstILPostProcessor
[1981/2211  0s] ILPostProcess Library/Bee/artifacts/1300b0aE.dag/post-processed/Acuaria.Editor.dll (+pdb)
Processing assembly Library/Bee/artifacts/1300b0aE.dag/Acuaria.Editor.dll, with 150 defines and 327 references

processors: Unity.Jobs.CodeGen.JobsILPostProcessor, zzzUnity.Burst.CodeGen.BurstILPostProcessor

running Unity.Jobs.CodeGen.JobsILPostProcessor

running zzzUnity.Burst.CodeGen.BurstILPostProcessor
[1982/2211  0s] ILPostProcess Library/Bee/artifacts/1300b0aE.dag/post-processed/Unity.InferenceEngine.Editor.dll (+pdb)
Processing assembly Library/Bee/artifacts/1300b0aE.dag/Unity.InferenceEngine.Editor.dll, with 150 defines and 305 references

processors: Unity.Jobs.CodeGen.JobsILPostProcessor, zzzUnity.Burst.CodeGen.BurstILPostProcessor

running Unity.Jobs.CodeGen.JobsILPostProcessor

running zzzUnity.Burst.CodeGen.BurstILPostProcessor
[1983/2211  0s] ILPostProcess Library/Bee/artifacts/1300b0aE.dag/post-processed/Unity.PerformanceTesting.Editor.dll (+pdb)
Processing assembly Library/Bee/artifacts/1300b0aE.dag/Unity.PerformanceTesting.Editor.dll, with 151 defines and 299 references

processors: Unity.Jobs.CodeGen.JobsILPostProcessor, zzzUnity.Burst.CodeGen.BurstILPostProcessor

running Unity.Jobs.CodeGen.JobsILPostProcessor

running zzzUnity.Burst.CodeGen.BurstILPostProcessor
[1984/2211  0s] ILPostProcess Library/Bee/artifacts/1300b0aE.dag/post-processed/Unity.AI.Generators.Contexts.dll (+pdb)
Processing assembly Library/Bee/artifacts/1300b0aE.dag/Unity.AI.Generators.Contexts.dll, with 150 defines and 315 references

processors: Unity.Jobs.CodeGen.JobsILPostProcessor, zzzUnity.Burst.CodeGen.BurstILPostProcessor

running Unity.Jobs.CodeGen.JobsILPostProcessor

running zzzUnity.Burst.CodeGen.BurstILPostProcessor
[1985/2211  0s] ILPostProcess Library/Bee/artifacts/1300b0aE.dag/post-processed/Unity.AI.Pbr.dll (+pdb)
Processing assembly Library/Bee/artifacts/1300b0aE.dag/Unity.AI.Pbr.dll, with 150 defines and 331 references

processors: Unity.Jobs.CodeGen.JobsILPostProcessor, zzzUnity.Burst.CodeGen.BurstILPostProcessor

running Unity.Jobs.CodeGen.JobsILPostProcessor

running zzzUnity.Burst.CodeGen.BurstILPostProcessor
[1986/2211  0s] ILPostProcess Library/Bee/artifacts/1300b0aE.dag/post-processed/Unity.AI.Image.dll (+pdb)
Processing assembly Library/Bee/artifacts/1300b0aE.dag/Unity.AI.Image.dll, with 150 defines and 332 references

processors: Unity.Jobs.CodeGen.JobsILPostProcessor, zzzUnity.Burst.CodeGen.BurstILPostProcessor

running Unity.Jobs.CodeGen.JobsILPostProcessor

running zzzUnity.Burst.CodeGen.BurstILPostProcessor
[1987/2211  0s] ILPostProcess Library/Bee/artifacts/1300b0aE.dag/post-processed/Unity.AI.Assistant.Tools.Editor.dll (+pdb)
Processing assembly Library/Bee/artifacts/1300b0aE.dag/Unity.AI.Assistant.Tools.Editor.dll, with 150 defines and 308 references

processors: Unity.Jobs.CodeGen.JobsILPostProcessor, zzzUnity.Burst.CodeGen.BurstILPostProcessor

running Unity.Jobs.CodeGen.JobsILPostProcessor

running zzzUnity.Burst.CodeGen.BurstILPostProcessor
[1988/2211  0s] ILPostProcess Library/Bee/artifacts/1300b0aE.dag/post-processed/Unity.AI.Search.Editor.dll (+pdb)
Processing assembly Library/Bee/artifacts/1300b0aE.dag/Unity.AI.Search.Editor.dll, with 151 defines and 307 references

processors: Unity.Jobs.CodeGen.JobsILPostProcessor, zzzUnity.Burst.CodeGen.BurstILPostProcessor

running Unity.Jobs.CodeGen.JobsILPostProcessor

running zzzUnity.Burst.CodeGen.BurstILPostProcessor
[1989/2211  0s] ILPostProcess Library/Bee/artifacts/1300b0aE.dag/post-processed/Unity.AI.Sound.dll (+pdb)
Processing assembly Library/Bee/artifacts/1300b0aE.dag/Unity.AI.Sound.dll, with 150 defines and 331 references

processors: Unity.Jobs.CodeGen.JobsILPostProcessor, zzzUnity.Burst.CodeGen.BurstILPostProcessor

running Unity.Jobs.CodeGen.JobsILPostProcessor

running zzzUnity.Burst.CodeGen.BurstILPostProcessor
[1990/2211  0s] CopyFiles Library/ScriptAssemblies/Unity.Multiplayer.Center.Common.dll
[1991/2211  0s] CopyFiles Library/ScriptAssemblies/Unity.InferenceEngine.Tokenization.dll
[1992/2211  0s] CopyFiles Library/ScriptAssemblies/Unity.RenderPipelines.Core.Runtime.Shared.dll
[1993/2211  0s] CopyFiles Library/ScriptAssemblies/Unity.Microsoft.GDK.dll
[1994/2211  0s] CopyFiles Library/ScriptAssemblies/Unity.2D.SpriteShape.Runtime.dll
[1995/2211  0s] CopyFiles Library/ScriptAssemblies/Unity.Burst.dll
[1996/2211  0s] CopyFiles Library/ScriptAssemblies/Unity.Purchasing.AppleStub.dll
[1997/2211  0s] CopyFiles Library/ScriptAssemblies/Acuaria.Simulation.dll
[1998/2211  0s] CopyFiles Library/ScriptAssemblies/Unity.Services.Core.Components.dll
[1999/2211  0s] CopyFiles Library/ScriptAssemblies/Unity.Services.Core.Networking.dll
[2000/2211  0s] CopyFiles Library/ScriptAssemblies/Unity.AppUI.MVVM.dll
[2001/2211  0s] CopyFiles Library/ScriptAssemblies/Unity.Purchasing.Stores.dll
[2002/2211  0s] CopyFiles Library/ScriptAssemblies/Unity.AppUI.Undo.dll
[2003/2211  0s] CopyFiles Library/ScriptAssemblies/Unity.Purchasing.Utilities.dll
[2004/2211  0s] CopyFiles Library/ScriptAssemblies/Unity.AppUI.Navigation.dll
[2005/2211  0s] CopyFiles Library/ScriptAssemblies/Unity.AI.Tracing.dll
[2006/2211  0s] CopyFiles Library/ScriptAssemblies/Unity.Services.Core.Device.dll
[2007/2211  0s] CopyFiles Library/ScriptAssemblies/Unity.Microsoft.GDK.Tools.dll
[2008/2211  0s] CopyFiles Library/ScriptAssemblies/Unity.Collections.dll
[2009/2211  0s] CopyFiles Library/ScriptAssemblies/Unity.Purchasing.dll
[2010/2211  0s] CopyFiles Library/ScriptAssemblies/Unity.RenderPipelines.ShaderGraph.ShaderGraphLibrary.dll
[2011/2211  0s] CopyFiles Library/ScriptAssemblies/Unity.Purchasing.WebshopService.dll
[2012/2211  0s] CopyFiles Library/ScriptAssemblies/Unity.TextMeshPro.dll
[2013/2211  0s] CopyFiles Library/ScriptAssemblies/Unity.RenderPipelines.Universal.Config.Runtime.dll
[2014/2211  0s] CopyFiles Library/ScriptAssemblies/Acuaria.Room.dll
[2015/2211  0s] CopyFiles Library/ScriptAssemblies/Unity.Purchasing.AppleMacosStub.dll
[2016/2211  0s] CopyFiles Library/ScriptAssemblies/Unity.Services.Core.Threading.dll
[2017/2211  0s] ILPostProcess Library/Bee/artifacts/1300b0aE.dag/post-processed/Unity.AI.Animate.dll (+pdb)
Processing assembly Library/Bee/artifacts/1300b0aE.dag/Unity.AI.Animate.dll, with 150 defines and 332 references

processors: Unity.Jobs.CodeGen.JobsILPostProcessor, zzzUnity.Burst.CodeGen.BurstILPostProcessor

running Unity.Jobs.CodeGen.JobsILPostProcessor

running zzzUnity.Burst.CodeGen.BurstILPostProcessor
[2018/2211  0s] CopyFiles Library/ScriptAssemblies/Acuaria.Fish.dll
[2019/2211  0s] CopyFiles Library/ScriptAssemblies/Unity.2D.Animation.Runtime.dll
[2020/2211  0s] CopyFiles Library/ScriptAssemblies/Unity.AI.MCP.Runtime.dll
[2021/2211  0s] CopyFiles Library/ScriptAssemblies/Unity.Purchasing.SecurityCore.dll
[2022/2211  0s] CopyFiles Library/ScriptAssemblies/Unity.InferenceEngine.MacBLAS.dll
[2023/2211  0s] CopyFiles Library/ScriptAssemblies/Unity.RenderPipelines.Universal.Shaders.dll
[2024/2211  0s] CopyFiles Library/ScriptAssemblies/Unity.Services.Core.Environments.dll
[2025/2211  0s] ILPostProcess Library/Bee/artifacts/1300b0aE.dag/post-processed/Unity.AI.Assistant.Bridge.Editor.dll (+pdb)
Processing assembly Library/Bee/artifacts/1300b0aE.dag/Unity.AI.Assistant.Bridge.Editor.dll, with 151 defines and 315 references

processors: Unity.Jobs.CodeGen.JobsILPostProcessor, zzzUnity.Burst.CodeGen.BurstILPostProcessor

running Unity.Jobs.CodeGen.JobsILPostProcessor

running zzzUnity.Burst.CodeGen.BurstILPostProcessor
[2026/2211  0s] CopyFiles Library/ScriptAssemblies/Unity.Services.Core.Registration.dll
[2027/2211  0s] CopyFiles Library/ScriptAssemblies/Unity.2D.IK.Runtime.dll
[2028/2211  0s] CopyFiles Library/ScriptAssemblies/Unity.Services.Core.Telemetry.dll
[2029/2211  0s] CopyFiles Library/ScriptAssemblies/Unity.AppUI.dll
[2030/2211  0s] CopyFiles Library/ScriptAssemblies/Unity.Purchasing.Codeless.dll
[2031/2211  0s] CopyFiles Library/ScriptAssemblies/Unity.InputSystem.ForUI.dll
[2032/2211  0s] CopyFiles Library/ScriptAssemblies/Unity.2D.Tilemap.Extras.dll
[2033/2211  0s] CopyFiles Library/ScriptAssemblies/Unity.Services.Core.Analytics.dll
[2034/2211  0s] CopyFiles Library/ScriptAssemblies/Unity.VisualScripting.Flow.dll
[2035/2211  0s] CopyFiles Library/ScriptAssemblies/Unity.VisualScripting.DocCodeExamples.dll
[2036/2211  0s] CopyFiles Library/ScriptAssemblies/Unity.InternalAPIEngineBridge.001.dll
[2037/2211  0s] CopyFiles Library/ScriptAssemblies/Acuaria.Food.dll
[2038/2211  0s] CopyFiles Library/ScriptAssemblies/Unity.InternalAPIEngineBridge.004.dll
[2039/2211  0s] CopyFiles Library/ScriptAssemblies/Unity.VisualScripting.Core.dll
[2040/2211  0s] CopyFiles Library/ScriptAssemblies/Unity.InternalAPIEngineBridge.RenderPipelines.Core.Runtime.Shared.dll
[2041/2211  0s] CopyFiles Library/ScriptAssemblies/Unity.InputSystem.dll
[2042/2211  0s] CopyFiles Library/ScriptAssemblies/Unity.RenderPipelines.Core.ShaderLibrary.dll
[2043/2211  0s] CopyFiles Library/ScriptAssemblies/Unity.Services.Core.Environments.Internal.dll
[2044/2211  0s] CopyFiles Library/ScriptAssemblies/Unity.AI.Assistant.Runtime.dll
[2045/2211  0s] CopyFiles Library/ScriptAssemblies/Unity.Services.Core.Configuration.dll
[2046/2211  0s] CopyFiles Library/ScriptAssemblies/Unity.Services.Core.Scheduler.dll
[2047/2211  0s] CopyFiles Library/ScriptAssemblies/Unity.Timeline.dll
[2048/2211  0s] CopyFiles Library/ScriptAssemblies/Unity.SurfaceCache.Runtime.dll
[2049/2211  0s] CopyFiles Library/ScriptAssemblies/Unity.Mathematics.dll
[2050/2211  0s] CopyFiles Library/ScriptAssemblies/UnityEngine.UI.dll
[2051/2211  0s] CopyFiles Library/ScriptAssemblies/Unity.AI.Animate.Motion.Runtime.dll
[2052/2211  0s] ILPostProcess Library/Bee/artifacts/1300b0aE.dag/post-processed/Unity.InputSystem.DocCodeSamples.dll (+pdb)
Processing assembly Library/Bee/artifacts/1300b0aE.dag/Unity.InputSystem.DocCodeSamples.dll, with 150 defines and 299 references

processors: Unity.Jobs.CodeGen.JobsILPostProcessor, zzzUnity.Burst.CodeGen.BurstILPostProcessor

running Unity.Jobs.CodeGen.JobsILPostProcessor

running zzzUnity.Burst.CodeGen.BurstILPostProcessor
[2053/2211  0s] CopyFiles Library/ScriptAssemblies/Acuaria.UI.dll
[2054/2211  0s] ILPostProcess Library/Bee/artifacts/1300b0aE.dag/post-processed/Unity.AI.Assistant.UI.Editor.dll (+pdb)
Processing assembly Library/Bee/artifacts/1300b0aE.dag/Unity.AI.Assistant.UI.Editor.dll, with 150 defines and 312 references

processors: Unity.Jobs.CodeGen.JobsILPostProcessor, zzzUnity.Burst.CodeGen.BurstILPostProcessor

running Unity.Jobs.CodeGen.JobsILPostProcessor

running zzzUnity.Burst.CodeGen.BurstILPostProcessor
[2055/2211  0s] CopyFiles Library/ScriptAssemblies/Acuaria.Core.dll
[2056/2211  0s] CopyFiles Library/ScriptAssemblies/Unity.PerformanceTesting.dll
[2057/2211  0s] CopyFiles Library/ScriptAssemblies/Acuaria.Audio.dll
[2058/2211  0s] CopyFiles Library/ScriptAssemblies/Unity.2D.Common.Runtime.dll
[2059/2211  0s] ILPostProcess Library/Bee/artifacts/1300b0aE.dag/post-processed/Unity.AI.Pbr.Srp.dll (+pdb)
Processing assembly Library/Bee/artifacts/1300b0aE.dag/Unity.AI.Pbr.Srp.dll, with 150 defines and 316 references

processors: Unity.Jobs.CodeGen.JobsILPostProcessor, zzzUnity.Burst.CodeGen.BurstILPostProcessor

running Unity.Jobs.CodeGen.JobsILPostProcessor

running zzzUnity.Burst.CodeGen.BurstILPostProcessor
[2060/2211  0s] CopyFiles Library/ScriptAssemblies/Unity.AppUI.Redux.dll
[2061/2211  0s] CopyFiles Library/ScriptAssemblies/Unity.VisualScripting.State.dll
[2062/2211  0s] CopyFiles Library/ScriptAssemblies/Acuaria.Aquarium.dll
[2063/2211  0s] ILPostProcess Library/Bee/artifacts/1300b0aE.dag/post-processed/Unity.VisualScripting.Flow.Editor.dll (+pdb)
Processing assembly Library/Bee/artifacts/1300b0aE.dag/Unity.VisualScripting.Flow.Editor.dll, with 152 defines and 319 references

processors: Unity.Jobs.CodeGen.JobsILPostProcessor, zzzUnity.Burst.CodeGen.BurstILPostProcessor

running Unity.Jobs.CodeGen.JobsILPostProcessor

running zzzUnity.Burst.CodeGen.BurstILPostProcessor
[2064/2211  0s] CopyFiles Library/ScriptAssemblies/Unity.InferenceEngine.iOSBLAS.dll
[2065/2211  0s] CopyFiles Library/ScriptAssemblies/Unity.Purchasing.SecurityStub.dll
[2066/2211  0s] CopyFiles Library/ScriptAssemblies/Unity.InputSystem.TestFramework.dll
[2067/2211  0s] ILPostProcess Library/Bee/artifacts/1300b0aE.dag/post-processed/Unity.VisualScripting.Shared.Editor.dll (+pdb)
Processing assembly Library/Bee/artifacts/1300b0aE.dag/Unity.VisualScripting.Shared.Editor.dll, with 150 defines and 321 references

processors: Unity.Jobs.CodeGen.JobsILPostProcessor, zzzUnity.Burst.CodeGen.BurstILPostProcessor

running Unity.Jobs.CodeGen.JobsILPostProcessor

running zzzUnity.Burst.CodeGen.BurstILPostProcessor
[2068/2211  0s] CopyFiles Library/ScriptAssemblies/Unity.Services.Core.dll
[2069/2211  0s] CopyFiles Library/ScriptAssemblies/Unity.RenderPipeline.Universal.ShaderLibrary.dll
[2070/2211  0s] ILPostProcess Library/Bee/artifacts/1300b0aE.dag/post-processed/Unity.VisualScripting.State.Editor.dll (+pdb)
Processing assembly Library/Bee/artifacts/1300b0aE.dag/Unity.VisualScripting.State.Editor.dll, with 150 defines and 320 references

processors: Unity.Jobs.CodeGen.JobsILPostProcessor, zzzUnity.Burst.CodeGen.BurstILPostProcessor

running Unity.Jobs.CodeGen.JobsILPostProcessor

running zzzUnity.Burst.CodeGen.BurstILPostProcessor
[2071/2211  0s] ILPostProcess Library/Bee/artifacts/1300b0aE.dag/post-processed/Unity.AI.Assistant.Editor.dll (+pdb)
Processing assembly Library/Bee/artifacts/1300b0aE.dag/Unity.AI.Assistant.Editor.dll, with 150 defines and 309 references

processors: Unity.Jobs.CodeGen.JobsILPostProcessor, zzzUnity.Burst.CodeGen.BurstILPostProcessor

running Unity.Jobs.CodeGen.JobsILPostProcessor

running zzzUnity.Burst.CodeGen.BurstILPostProcessor
[2072/2211  0s] CopyFiles Library/ScriptAssemblies/Unity.Services.Core.Internal.dll
[2073/2211  0s] CopyFiles Library/ScriptAssemblies/Unity.Purchasing.LiveContentAdapterService.dll
[2074/2211  0s] CopyFiles Library/ScriptAssemblies/Unity.Purchasing.Stores.XboxCloudServices.dll
[2075/2211  0s] CopyFiles Library/ScriptAssemblies/Unity.AppUI.InternalAPIBridge.dll
[2076/2211  0s] ILPostProcess Library/Bee/artifacts/1300b0aE.dag/post-processed/Unity.AI.Assistant.API.Editor.dll (+pdb)
Processing assembly Library/Bee/artifacts/1300b0aE.dag/Unity.AI.Assistant.API.Editor.dll, with 150 defines and 319 references

processors: Unity.Jobs.CodeGen.JobsILPostProcessor, zzzUnity.Burst.CodeGen.BurstILPostProcessor

running Unity.Jobs.CodeGen.JobsILPostProcessor

running zzzUnity.Burst.CodeGen.BurstILPostProcessor
[2077/2211  0s] CopyFiles Library/ScriptAssemblies/Unity.VisualScripting.State.Editor.pdb
[2078/2211  0s] ILPostProcess Library/Bee/artifacts/1300b0aE.dag/post-processed/Unity.VisualScripting.SettingsProvider.Editor.dll (+pdb)
Processing assembly Library/Bee/artifacts/1300b0aE.dag/Unity.VisualScripting.SettingsProvider.Editor.dll, with 150 defines and 320 references

processors: Unity.Jobs.CodeGen.JobsILPostProcessor, zzzUnity.Burst.CodeGen.BurstILPostProcessor

running Unity.Jobs.CodeGen.JobsILPostProcessor

running zzzUnity.Burst.CodeGen.BurstILPostProcessor
[2079/2211  0s] ILPostProcess Library/Bee/artifacts/1300b0aE.dag/post-processed/Unity.2D.Triangulation.Runtime.dll (+pdb)
Processing assembly Library/Bee/artifacts/1300b0aE.dag/Unity.2D.Triangulation.Runtime.dll, with 150 defines and 302 references

processors: Unity.Jobs.CodeGen.JobsILPostProcessor, zzzUnity.Burst.CodeGen.BurstILPostProcessor

running Unity.Jobs.CodeGen.JobsILPostProcessor

running zzzUnity.Burst.CodeGen.BurstILPostProcessor
[2080/2211  0s] CopyFiles Library/ScriptAssemblies/Unity.VisualScripting.Shared.Editor.pdb
[2081/2211  0s] CopyFiles Library/ScriptAssemblies/Unity.AI.Pbr.Srp.dll
[2082/2211  0s] CopyFiles Library/ScriptAssemblies/Unity.AI.Assistant.API.Editor.pdb
[2083/2211  0s] CopyFiles Library/ScriptAssemblies/Unity.2D.Triangulation.Runtime.pdb
[2084/2211  0s] CopyFiles Library/ScriptAssemblies/Unity.AI.Assistant.Editor.pdb
[2085/2211  0s] ILPostProcess Library/Bee/artifacts/1300b0aE.dag/post-processed/Unity.VisualScripting.Core.Editor.dll (+pdb)
Processing assembly Library/Bee/artifacts/1300b0aE.dag/Unity.VisualScripting.Core.Editor.dll, with 150 defines and 316 references

processors: Unity.Jobs.CodeGen.JobsILPostProcessor, zzzUnity.Burst.CodeGen.BurstILPostProcessor

running Unity.Jobs.CodeGen.JobsILPostProcessor

running zzzUnity.Burst.CodeGen.BurstILPostProcessor
[2086/2211  0s] CopyFiles Library/ScriptAssemblies/Unity.2D.Triangulation.Runtime.dll
[2087/2211  0s] CopyFiles Library/ScriptAssemblies/Unity.VisualScripting.SettingsProvider.Editor.pdb
[2088/2211  0s] CopyFiles Library/ScriptAssemblies/Unity.AI.Assistant.API.Editor.dll
[2089/2211  0s] CopyFiles Library/ScriptAssemblies/Unity.VisualScripting.Flow.Editor.pdb
[2090/2211  0s] CopyFiles Library/ScriptAssemblies/Unity.AI.Pbr.Srp.pdb
[2091/2211  0s] CopyFiles Library/ScriptAssemblies/Unity.AI.Assistant.UI.Editor.pdb
[2092/2211  0s] CopyFiles Library/ScriptAssemblies/Unity.InputSystem.DocCodeSamples.pdb
[2093/2211  0s] CopyFiles Library/ScriptAssemblies/Unity.InputSystem.DocCodeSamples.dll
[2094/2211  0s] CopyFiles Library/ScriptAssemblies/Unity.Purchasing.PaymentProviderService.dll
[2095/2211  0s] CopyFiles Library/ScriptAssemblies/Unity.VisualScripting.SettingsProvider.Editor.dll
[2096/2211  0s] CopyFiles Library/ScriptAssemblies/Unity.RenderPipelines.Universal.Runtime.dll
[2097/2211  0s] CopyFiles Library/ScriptAssemblies/Unity.AI.Animate.pdb
[2098/2211  0s] CopyFiles Library/ScriptAssemblies/Unity.VisualScripting.Core.Editor.pdb
[2099/2211  0s] CopyFiles Library/ScriptAssemblies/Unity.AI.Sound.pdb
[2100/2211  0s] CopyFiles Library/ScriptAssemblies/Unity.AI.Assistant.Bridge.Editor.pdb
[2101/2211  0s] CopyFiles Library/ScriptAssemblies/Unity.AI.Assistant.Tools.Editor.pdb
[2102/2211  0s] CopyFiles Library/ScriptAssemblies/Unity.AI.Search.Editor.pdb
[2103/2211  0s] CopyFiles Library/ScriptAssemblies/Unity.RenderPipelines.Core.Runtime.dll
[2104/2211  0s] CopyFiles Library/ScriptAssemblies/Unity.VisualScripting.Shared.Editor.dll
[2105/2211  0s] CopyFiles Library/ScriptAssemblies/Unity.AI.Image.pdb
[2106/2211  0s] CopyFiles Library/ScriptAssemblies/Unity.AI.Pbr.pdb
[2107/2211  0s] CopyFiles Library/ScriptAssemblies/Unity.VisualScripting.Core.Editor.dll
[2108/2211  0s] ILPostProcess Library/Bee/artifacts/1300b0aE.dag/post-processed/UnityEditor.UI.dll (+pdb)
Processing assembly Library/Bee/artifacts/1300b0aE.dag/UnityEditor.UI.dll, with 153 defines and 314 references

processors: Unity.Jobs.CodeGen.JobsILPostProcessor, zzzUnity.Burst.CodeGen.BurstILPostProcessor

running Unity.Jobs.CodeGen.JobsILPostProcessor

running zzzUnity.Burst.CodeGen.BurstILPostProcessor
[2109/2211  0s] ILPostProcess Library/Bee/artifacts/1300b0aE.dag/post-processed/Unity.AI.Generators.Tools.dll (+pdb)
Processing assembly Library/Bee/artifacts/1300b0aE.dag/Unity.AI.Generators.Tools.dll, with 150 defines and 328 references

processors: Unity.Jobs.CodeGen.JobsILPostProcessor, zzzUnity.Burst.CodeGen.BurstILPostProcessor

running Unity.Jobs.CodeGen.JobsILPostProcessor

running zzzUnity.Burst.CodeGen.BurstILPostProcessor
[2110/2211  0s] ILPostProcess Library/Bee/artifacts/1300b0aE.dag/post-processed/Unity.AI.MCP.Editor.dll (+pdb)
Processing assembly Library/Bee/artifacts/1300b0aE.dag/Unity.AI.MCP.Editor.dll, with 150 defines and 307 references

processors: Unity.Jobs.CodeGen.JobsILPostProcessor, zzzUnity.Burst.CodeGen.BurstILPostProcessor

running Unity.Jobs.CodeGen.JobsILPostProcessor

running zzzUnity.Burst.CodeGen.BurstILPostProcessor
[2111/2211  0s] ILPostProcess Library/Bee/artifacts/1300b0aE.dag/post-processed/Unity.Purchasing.Editor.Shared.dll (+pdb)
Processing assembly Library/Bee/artifacts/1300b0aE.dag/Unity.Purchasing.Editor.Shared.dll, with 150 defines and 315 references

processors: Unity.Jobs.CodeGen.JobsILPostProcessor, zzzUnity.Burst.CodeGen.BurstILPostProcessor

running Unity.Jobs.CodeGen.JobsILPostProcessor

running zzzUnity.Burst.CodeGen.BurstILPostProcessor
[2112/2211  0s] ILPostProcess Library/Bee/artifacts/1300b0aE.dag/post-processed/Unity.AI.Mesh.dll (+pdb)
Processing assembly Library/Bee/artifacts/1300b0aE.dag/Unity.AI.Mesh.dll, with 150 defines and 329 references

processors: Unity.Jobs.CodeGen.JobsILPostProcessor, zzzUnity.Burst.CodeGen.BurstILPostProcessor

running Unity.Jobs.CodeGen.JobsILPostProcessor

running zzzUnity.Burst.CodeGen.BurstILPostProcessor
[2113/2211  0s] ILPostProcess Library/Bee/artifacts/1300b0aE.dag/post-processed/Unity.2D.IK.Editor.dll (+pdb)
Processing assembly Library/Bee/artifacts/1300b0aE.dag/Unity.2D.IK.Editor.dll, with 150 defines and 322 references

processors: Unity.Jobs.CodeGen.JobsILPostProcessor, zzzUnity.Burst.CodeGen.BurstILPostProcessor

running Unity.Jobs.CodeGen.JobsILPostProcessor

running zzzUnity.Burst.CodeGen.BurstILPostProcessor
[2114/2211  0s] ILPostProcess Library/Bee/artifacts/1300b0aE.dag/post-processed/Unity.AI.Assistant.AssetGenerators.Editor.dll (+pdb)
Processing assembly Library/Bee/artifacts/1300b0aE.dag/Unity.AI.Assistant.AssetGenerators.Editor.dll, with 150 defines and 304 references

processors: Unity.Jobs.CodeGen.JobsILPostProcessor, zzzUnity.Burst.CodeGen.BurstILPostProcessor

running Unity.Jobs.CodeGen.JobsILPostProcessor

running zzzUnity.Burst.CodeGen.BurstILPostProcessor
[2115/2211  0s] CopyFiles Library/ScriptAssemblies/UnityEditor.UI.pdb
[2116/2211  0s] ILPostProcess Library/Bee/artifacts/1300b0aE.dag/post-processed/Unity.2D.Psdimporter.Editor.dll (+pdb)
Processing assembly Library/Bee/artifacts/1300b0aE.dag/Unity.2D.Psdimporter.Editor.dll, with 152 defines and 325 references

processors: Unity.Jobs.CodeGen.JobsILPostProcessor, zzzUnity.Burst.CodeGen.BurstILPostProcessor

running Unity.Jobs.CodeGen.JobsILPostProcessor

running zzzUnity.Burst.CodeGen.BurstILPostProcessor
[2117/2211  0s] CopyFiles Library/ScriptAssemblies/Unity.AI.Generators.Contexts.dll
[2118/2211  0s] CopyFiles Library/ScriptAssemblies/Unity.AI.Generators.Contexts.pdb
[2119/2211  0s] CopyFiles Library/ScriptAssemblies/Unity.Purchasing.Editor.Shared.pdb
[2120/2211  0s] CopyFiles Library/ScriptAssemblies/Unity.2D.IK.Editor.pdb
[2121/2211  0s] CopyFiles Library/ScriptAssemblies/Unity.AI.Mesh.pdb
[2122/2211  0s] CopyFiles Library/ScriptAssemblies/Unity.AI.Assistant.AssetGenerators.Editor.pdb
[2123/2211  0s] CopyFiles Library/ScriptAssemblies/Unity.AI.MCP.Editor.pdb
[2124/2211  0s] CopyFiles Library/ScriptAssemblies/Unity.AI.Generators.Tools.pdb
[2125/2211  0s] ILPostProcess Library/Bee/artifacts/1300b0aE.dag/post-processed/Unity.2D.Aseprite.Editor.dll (+pdb)
Processing assembly Library/Bee/artifacts/1300b0aE.dag/Unity.2D.Aseprite.Editor.dll, with 152 defines and 325 references

processors: Unity.Jobs.CodeGen.JobsILPostProcessor, zzzUnity.Burst.CodeGen.BurstILPostProcessor

running Unity.Jobs.CodeGen.JobsILPostProcessor

running zzzUnity.Burst.CodeGen.BurstILPostProcessor
[2126/2211  0s] ILPostProcess Library/Bee/artifacts/1300b0aE.dag/post-processed/Unity.AI.Assistant.Integrations.Profiler.Editor.dll (+pdb)
Processing assembly Library/Bee/artifacts/1300b0aE.dag/Unity.AI.Assistant.Integrations.Profiler.Editor.dll, with 150 defines and 320 references

processors: Unity.Jobs.CodeGen.JobsILPostProcessor, zzzUnity.Burst.CodeGen.BurstILPostProcessor

running Unity.Jobs.CodeGen.JobsILPostProcessor

running zzzUnity.Burst.CodeGen.BurstILPostProcessor
[2127/2211  0s] CopyFiles Library/ScriptAssemblies/Unity.2D.Aseprite.Editor.pdb
[2128/2211  0s] CopyFiles Library/ScriptAssemblies/Unity.AI.Assistant.Integrations.Profiler.Editor.pdb
[2129/2211  0s] CopyFiles Library/ScriptAssemblies/Unity.AI.Assistant.Bridge.Editor.dll
[2130/2211  0s] CopyFiles Library/ScriptAssemblies/Unity.2D.Psdimporter.Editor.pdb
[2131/2211  0s] CopyFiles Library/ScriptAssemblies/Unity.PerformanceTesting.Editor.pdb
[2132/2211  0s] CopyFiles Library/ScriptAssemblies/Unity.InferenceEngine.Editor.dll
[2133/2211  0s] CopyFiles Library/ScriptAssemblies/Unity.InferenceEngine.Editor.pdb
[2134/2211  0s] ILPostProcess Library/Bee/artifacts/1300b0aE.dag/post-processed/Unity.Microsoft.GDK.Tools.Editor.dll (+pdb)
Processing assembly Library/Bee/artifacts/1300b0aE.dag/Unity.Microsoft.GDK.Tools.Editor.dll, with 150 defines and 317 references

processors: Unity.Jobs.CodeGen.JobsILPostProcessor, zzzUnity.Burst.CodeGen.BurstILPostProcessor

running Unity.Jobs.CodeGen.JobsILPostProcessor

running zzzUnity.Burst.CodeGen.BurstILPostProcessor
[2135/2211  0s] CopyFiles Library/ScriptAssemblies/Unity.Microsoft.GDK.Tools.Editor.pdb
[2136/2211  0s] CopyFiles Library/ScriptAssemblies/Unity.2D.IK.Editor.dll
[2137/2211  0s] CopyFiles Library/ScriptAssemblies/Acuaria.Editor.pdb
[2138/2211  0s] CopyFiles Library/ScriptAssemblies/Unity.Purchasing.Editor.Shared.dll
[2139/2211  0s] CopyFiles Library/ScriptAssemblies/Unity.2D.Common.Editor.pdb
[2140/2211  0s] CopyFiles Library/ScriptAssemblies/PsdPlugin.pdb
[2141/2211  0s] CopyFiles Library/ScriptAssemblies/Unity.AI.MCP.Editor.dll
[2142/2211  0s] CopyFiles Library/ScriptAssemblies/Unity.TextMeshPro.Editor.pdb
[2143/2211  0s] ILPostProcess Library/Bee/artifacts/1300b0aE.dag/post-processed/Unity.2D.Animation.Editor.dll (+pdb)
Processing assembly Library/Bee/artifacts/1300b0aE.dag/Unity.2D.Animation.Editor.dll, with 152 defines and 325 references

processors: Unity.Jobs.CodeGen.JobsILPostProcessor, zzzUnity.Burst.CodeGen.BurstILPostProcessor

running Unity.Jobs.CodeGen.JobsILPostProcessor

running zzzUnity.Burst.CodeGen.BurstILPostProcessor
[2144/2211  0s] CopyFiles Library/ScriptAssemblies/Unity.UnifiedRayTracing.Runtime.dll
[2145/2211  0s] CopyFiles Library/ScriptAssemblies/Unity.2D.Animation.Editor.pdb
[2146/2211  0s] CopyFiles Library/ScriptAssemblies/Unity.2D.SpriteShape.Editor.pdb
[2147/2211  0s] CopyFiles Library/ScriptAssemblies/Unity.RenderPipelines.Universal.2D.Runtime.dll
[2148/2211  0s] CopyFiles Library/ScriptAssemblies/Unity.Microsoft.GDK.Editor.dll
[2149/2211  0s] CopyFiles Library/ScriptAssemblies/Unity.Microsoft.GDK.Editor.pdb
[2150/2211  0s] CopyFiles Library/ScriptAssemblies/Unity.2D.Tooling.Editor.pdb
[2151/2211  0s] CopyFiles Library/ScriptAssemblies/Unity.2D.Tooling.Editor.dll
[2152/2211  0s] CopyFiles Library/ScriptAssemblies/ScriptablePacker.dll
[2153/2211  0s] CopyFiles Library/ScriptAssemblies/ScriptablePacker.pdb
[2154/2211  0s] CopyFiles Library/ScriptAssemblies/Unity.Microsoft.GDK.Discovery.dll
[2155/2211  0s] CopyFiles Library/ScriptAssemblies/Unity.Microsoft.GDK.Discovery.pdb
[2156/2211  0s] CopyFiles Library/ScriptAssemblies/Unity.VisualScripting.State.Editor.dll
[2157/2211  0s] CopyFiles Library/ScriptAssemblies/UnityEditor.Purchasing.pdb
[2158/2211  0s] CopyFiles Library/ScriptAssemblies/Unity.AI.Sound.dll
[2159/2211  0s] CopyFiles Library/ScriptAssemblies/Unity.AI.Toolkit.Async.pdb
[2160/2211  0s] CopyFiles Library/ScriptAssemblies/Unity.AI.Toolkit.Async.dll
[2161/2211  0s] CopyFiles Library/ScriptAssemblies/Unity.AI.Generators.Sdk.dll
[2162/2211  0s] CopyFiles Library/ScriptAssemblies/Unity.AI.Generators.Sdk.pdb
[2163/2211  0s] CopyFiles Library/ScriptAssemblies/Unity.PlasticSCM.Editor.Entities.dll
[2164/2211  0s] CopyFiles Library/ScriptAssemblies/Unity.PlasticSCM.Editor.Entities.pdb
[2165/2211  0s] CopyFiles Library/ScriptAssemblies/Unity.CollabProxy.Editor.dll
[2166/2211  0s] CopyFiles Library/ScriptAssemblies/Unity.CollabProxy.Editor.pdb
[2167/2211  0s] CopyFiles Library/ScriptAssemblies/Acuaria.Room.EditModeTests.dll
[2168/2211  0s] CopyFiles Library/ScriptAssemblies/Acuaria.Room.EditModeTests.pdb
[2169/2211  0s] CopyFiles Library/ScriptAssemblies/Unity.AppUI.Editor.pdb
[2170/2211  0s] CopyFiles Library/ScriptAssemblies/Unity.InferenceEngine.Microsoft.Msagl.pdb
[2171/2211  0s] CopyFiles Library/ScriptAssemblies/Unity.InferenceEngine.Microsoft.Msagl.dll
[2172/2211  0s] CopyFiles Library/ScriptAssemblies/Unity.AppUI.Redux.Editor.dll
[2173/2211  0s] CopyFiles Library/ScriptAssemblies/Unity.AppUI.Redux.Editor.pdb
[2174/2211  0s] CopyFiles Library/ScriptAssemblies/Unity.AI.Toolkit.GenerationContextMenu.pdb
[2175/2211  0s] CopyFiles Library/ScriptAssemblies/Unity.AI.Toolkit.GenerationContextMenu.dll
[2176/2211  0s] CopyFiles Library/ScriptAssemblies/Unity.Services.Core.Environments.Editor.dll
[2177/2211  0s] CopyFiles Library/ScriptAssemblies/Unity.Services.Core.Environments.Editor.pdb
[2178/2211  0s] CopyFiles Library/ScriptAssemblies/Unity.AI.Generators.IO.Srp.dll
[2179/2211  0s] CopyFiles Library/ScriptAssemblies/Unity.AI.Generators.IO.Srp.pdb
[2180/2211  0s] CopyFiles Library/ScriptAssemblies/Unity.AI.Animate.dll
[2181/2211  0s] CopyFiles Library/ScriptAssemblies/Unity.AppUI.Navigation.Editor.pdb
[2182/2211  0s] CopyFiles Library/ScriptAssemblies/Unity.AI.Toolkit.GenerationObjectPicker.dll
[2183/2211  0s] CopyFiles Library/ScriptAssemblies/Unity.AI.Toolkit.GenerationObjectPicker.pdb
[2184/2211  0s] CopyFiles Library/ScriptAssemblies/Unity.RenderPipelines.GPUDriven.Runtime.dll
[2185/2211  0s] CopyFiles Library/ScriptAssemblies/Unity.ShaderGraph.Utilities.pdb
[2186/2211  0s] CopyFiles Library/ScriptAssemblies/Unity.ShaderGraph.Utilities.dll
[2187/2211  0s] CopyFiles Library/ScriptAssemblies/Unity.Services.Core.Editor.pdb
[2188/2211  0s] CopyFiles Library/ScriptAssemblies/Unity.Services.Core.Editor.dll
[2189/2211  0s] CopyFiles Library/ScriptAssemblies/Unity.2D.Aseprite.Editor.dll
[2190/2211  0s] CopyFiles Library/ScriptAssemblies/Acuaria.Feeding.EditModeTests.dll
[2191/2211  0s] CopyFiles Library/ScriptAssemblies/Acuaria.Feeding.EditModeTests.pdb
[2192/2211  0s] CopyFiles Library/ScriptAssemblies/Acuaria.Aquarium.EditModeTests.dll
[2193/2211  0s] CopyFiles Library/ScriptAssemblies/Acuaria.Aquarium.EditModeTests.pdb
[2194/2211  0s] CopyFiles Library/ScriptAssemblies/Unity.RenderPipelines.Core.Editor.pdb
[2195/2211  0s] CopyFiles Library/ScriptAssemblies/Unity.InferenceEngine.pdb
[2196/2211  0s] CopyFiles Library/ScriptAssemblies/Unity.Burst.Editor.pdb
[2197/2211  0s] CopyFiles Library/ScriptAssemblies/Unity.2D.Aseprite.Common.dll
[2198/2211  0s] CopyFiles Library/ScriptAssemblies/Unity.Burst.Editor.dll
[2199/2211  0s] CopyFiles Library/ScriptAssemblies/Unity.2D.Aseprite.Common.pdb
[2200/2211  0s] CopyFiles Library/ScriptAssemblies/Unity.Multiplayer.Center.Editor.pdb
[2201/2211  0s] CopyFiles Library/ScriptAssemblies/Unity.InternalAPIEditorBridge.ShaderGraph.Editor.pdb
[2202/2211  0s] CopyFiles Library/ScriptAssemblies/Unity.InternalAPIEditorBridge.ShaderGraph.Editor.dll
[2203/2211  0s] CopyFiles Library/ScriptAssemblies/Unity.AI.Toolkit.Utility.pdb
[2204/2211  0s] CopyFiles Library/ScriptAssemblies/Unity.AI.Toolkit.Utility.dll
[2205/2211  0s] CopyFiles Library/ScriptAssemblies/Unity.AppUI.Navigation.Editor.dll
[2206/2211  0s] CopyFiles Library/ScriptAssemblies/Unity.PlasticSCM.Editor.pdb
[2207/2211  0s] CopyFiles Library/ScriptAssemblies/Unity.PlasticSCM.Editor.dll
[2208/2211  0s] CopyFiles Library/ScriptAssemblies/Unity.2D.Tilemap.Extras.Editor.pdb
[2209/2211  0s] CopyFiles Library/ScriptAssemblies/Unity.AI.Generators.Redux.dll
[2210/2211  0s] CopyFiles Library/ScriptAssemblies/Unity.AI.Generators.Redux.pdb
[2211/2211  0s] CopyFiles Library/ScriptAssemblies/Unity.InternalAPIEditorBridge.001.pdb
[2212/2211  0s] CopyFiles Library/ScriptAssemblies/Unity.InternalAPIEditorBridge.001.dll
[2213/2211  0s] CopyFiles Library/ScriptAssemblies/Unity.Collections.Editor.pdb
[2214/2211  0s] CopyFiles Library/ScriptAssemblies/Unity.Collections.Editor.dll
[2215/2211  0s] CopyFiles Library/ScriptAssemblies/Unity.Searcher.Editor.pdb
[2216/2211  0s] CopyFiles Library/ScriptAssemblies/Unity.Searcher.Editor.dll
[2217/2211  0s] CopyFiles Library/ScriptAssemblies/Unity.2D.Common.Editor.dll
[2218/2211  0s] CopyFiles Library/ScriptAssemblies/Acuaria.Fish.EditModeTests.dll
[2219/2211  0s] CopyFiles Library/ScriptAssemblies/Acuaria.Fish.EditModeTests.pdb
[2220/2211  0s] CopyFiles Library/ScriptAssemblies/Unity.InferenceEngine.Editor.Visualizer.dll
[2221/2211  0s] CopyFiles Library/ScriptAssemblies/Unity.InferenceEngine.Editor.Visualizer.pdb
[2222/2211  0s] CopyFiles Library/ScriptAssemblies/Unity.AI.ModelSelector.pdb
[2223/2211  0s] CopyFiles Library/ScriptAssemblies/Unity.AI.Generators.Asset.dll
[2224/2211  0s] CopyFiles Library/ScriptAssemblies/Unity.AI.Generators.Asset.pdb
[2225/2211  0s] CopyFiles Library/ScriptAssemblies/Unity.AI.Generators.IO.dll
[2226/2211  0s] CopyFiles Library/ScriptAssemblies/Unity.AI.Generators.IO.pdb
[2227/2211  0s] CopyFiles Library/ScriptAssemblies/Unity.AI.Assistant.Tools.Editor.dll
[2228/2211  0s] CopyFiles Library/ScriptAssemblies/Unity.ShaderGraph.Editor.pdb
[2229/2211  0s] CopyFiles Library/ScriptAssemblies/IAPResolver.pdb
[2230/2211  0s] CopyFiles Library/ScriptAssemblies/IAPResolver.dll
[2231/2211  0s] CopyFiles Library/ScriptAssemblies/Unity.AI.Generators.UI.pdb
[2232/2211  0s] CopyFiles Library/ScriptAssemblies/Unity.AI.Generators.UI.dll
[2233/2211  0s] CopyFiles Library/ScriptAssemblies/Unity.Collections.pdb
[2234/2211  0s] CopyFiles Library/ScriptAssemblies/Unity.AI.Assistant.Annotations.Editor.pdb
[2235/2211  0s] CopyFiles Library/ScriptAssemblies/Unity.AI.Assistant.Annotations.Editor.dll
[2236/2211  0s] CopyFiles Library/ScriptAssemblies/Unity.2D.Sprite.Editor.dll
[2237/2211  0s] CopyFiles Library/ScriptAssemblies/Unity.2D.Sprite.Editor.pdb
[2238/2211  0s] CopyFiles Library/ScriptAssemblies/Unity.AI.Assistant.Agent.Dynamic.Extension.Editor.dll
[2239/2211  0s] CopyFiles Library/ScriptAssemblies/Unity.AI.Assistant.Agent.Dynamic.Extension.Editor.pdb
[2240/2211  0s] CopyFiles Library/ScriptAssemblies/UnityEditor.UI.Analytics.dll
[2241/2211  0s] CopyFiles Library/ScriptAssemblies/UnityEditor.UI.Analytics.pdb
[2242/2211  0s] CopyFiles Library/ScriptAssemblies/Unity.Rendering.LightTransport.Editor.pdb
[2243/2211  0s] CopyFiles Library/ScriptAssemblies/Unity.Rendering.LightTransport.Editor.dll
[2244/2211  0s] CopyFiles Library/ScriptAssemblies/Unity.2D.Tilemap.Extras.pdb
[2245/2211  0s] CopyFiles Library/ScriptAssemblies/Unity.RenderPipelines.GPUDriven.Runtime.pdb
[2246/2211  0s] CopyFiles Library/ScriptAssemblies/Unity.AI.Assistant.AssetGenerators.Editor.dll
[2247/2211  0s] CopyFiles Library/ScriptAssemblies/Unity.AI.Toolkit.Accounts.pdb
[2248/2211  0s] CopyFiles Library/ScriptAssemblies/Unity.2D.Tilemap.Editor.pdb
[2249/2211  0s] CopyFiles Library/ScriptAssemblies/Unity.2D.Tilemap.Editor.dll
[2250/2211  0s] CopyFiles Library/ScriptAssemblies/Unity.AI.Generators.UI.AIDropdownIntegrations.dll
[2251/2211  0s] CopyFiles Library/ScriptAssemblies/Unity.AI.Generators.UI.AIDropdownIntegrations.pdb
[2252/2211  0s] CopyFiles Library/ScriptAssemblies/Unity.PathTracing.Editor.pdb
[2253/2211  0s] CopyFiles Library/ScriptAssemblies/Unity.AI.Toolkit.Accounts.dll
[2254/2211  0s] CopyFiles Library/ScriptAssemblies/Unity.PlasticSCM.Editor.Assistant.dll
[2255/2211  0s] CopyFiles Library/ScriptAssemblies/Unity.PlasticSCM.Editor.Assistant.pdb
[2256/2211  0s] CopyFiles Library/ScriptAssemblies/Unity.2D.Animation.Runtime.pdb
[2257/2211  0s] CopyFiles Library/ScriptAssemblies/Unity.RenderPipelines.Universal.2D.Runtime.pdb
[2258/2211  0s] CopyFiles Library/ScriptAssemblies/Unity.Timeline.Editor.pdb
[2259/2211  0s] CopyFiles Library/ScriptAssemblies/Unity.Timeline.Editor.dll
[2260/2211  0s] CopyFiles Library/ScriptAssemblies/HFDownloader.pdb
[2261/2211  0s] CopyFiles Library/ScriptAssemblies/HFDownloader.dll
[2262/2211  0s] CopyFiles Library/ScriptAssemblies/Unity.AI.Toolkit.Asset.dll
[2263/2211  0s] CopyFiles Library/ScriptAssemblies/Unity.AI.Toolkit.Asset.pdb
[2264/2211  0s] CopyFiles Library/ScriptAssemblies/Unity.RenderPipelines.Universal.Runtime.pdb
[2265/2211  0s] CopyFiles Library/ScriptAssemblies/Unity.2D.IK.Runtime.pdb
[2266/2211  0s] CopyFiles Library/ScriptAssemblies/Unity.RenderPipelines.Core.Runtime.Shared.pdb
[2267/2211  0s] CopyFiles Library/ScriptAssemblies/Unity.2D.Common.Path.Editor.pdb
[2268/2211  0s] CopyFiles Library/ScriptAssemblies/Unity.2D.Common.Path.Editor.dll
[2269/2211  0s] CopyFiles Library/ScriptAssemblies/Unity.TextMeshPro.pdb
[2270/2211  0s] CopyFiles Library/ScriptAssemblies/Unity.UnifiedRayTracing.Runtime.pdb
[2271/2211  0s] CopyFiles Library/ScriptAssemblies/Acuaria.Room.pdb
[2272/2211  0s] CopyFiles Library/ScriptAssemblies/Unity.PathTracing.Runtime.pdb
[2273/2211  0s] CopyFiles Library/ScriptAssemblies/Unity.Services.Core.Configuration.Editor.pdb
[2274/2211  0s] CopyFiles Library/ScriptAssemblies/Unity.Services.Core.Configuration.Editor.dll
[2275/2211  0s] CopyFiles Library/ScriptAssemblies/Acuaria.UI.pdb
[2276/2211  0s] CopyFiles Library/ScriptAssemblies/Unity.2D.SpriteShape.Runtime.pdb
[2277/2211  0s] CopyFiles Library/ScriptAssemblies/Unity.Burst.pdb
[2278/2211  0s] CopyFiles Library/ScriptAssemblies/Unity.AI.Toolkit.Compliance.pdb
[2279/2211  0s] CopyFiles Library/ScriptAssemblies/Unity.AI.Toolkit.Compliance.dll
[2280/2211  0s] CopyFiles Library/ScriptAssemblies/Unity.AI.Assistant.Runtime.pdb
[2281/2211  0s] CopyFiles Library/ScriptAssemblies/Unity.RenderPipelines.Core.Runtime.pdb
[2282/2211  0s] CopyFiles Library/ScriptAssemblies/Unity.Timeline.pdb
[2283/2211  0s] CopyFiles Library/ScriptAssemblies/Unity.InferenceEngine.ONNX.Editor.pdb
[2284/2211  0s] CopyFiles Library/ScriptAssemblies/Unity.InferenceEngine.dll
[2285/2211  0s] CopyFiles Library/ScriptAssemblies/Unity.InferenceEngine.ONNX.Editor.dll
[2286/2211  0s] CopyFiles Library/ScriptAssemblies/Unity.AI.Animate.Motion.Runtime.pdb
[2287/2211  0s] CopyFiles Library/ScriptAssemblies/Unity.2D.Common.Runtime.pdb
[2288/2211  0s] CopyFiles Library/ScriptAssemblies/Unity.InternalAPIEngineBridge.RenderPipelines.Core.Editor.dll
[2289/2211  0s] CopyFiles Library/ScriptAssemblies/Unity.InternalAPIEngineBridge.RenderPipelines.Core.Editor.pdb
[2290/2211  0s] CopyFiles Library/ScriptAssemblies/Unity.Services.Core.Environments.pdb
[2291/2211  0s] CopyFiles Library/ScriptAssemblies/Unity.InputSystem.TestFramework.pdb
[2292/2211  0s] CopyFiles Library/ScriptAssemblies/Unity.AppUI.pdb
[2293/2211  0s] CopyFiles Library/ScriptAssemblies/Unity.Services.Core.Internal.pdb
[2294/2211  0s] CopyFiles Library/ScriptAssemblies/Unity.Services.Core.Scheduler.pdb
[2295/2211  0s] CopyFiles Library/ScriptAssemblies/Unity.Services.Core.Telemetry.pdb
[2296/2211  0s] CopyFiles Library/ScriptAssemblies/Unity.Services.Core.Registration.pdb
[2297/2211  0s] CopyFiles Library/ScriptAssemblies/Acuaria.Aquarium.pdb
[2298/2211  0s] CopyFiles Library/ScriptAssemblies/Unity.InputSystem.ForUI.pdb
[2299/2211  0s] CopyFiles Library/ScriptAssemblies/Unity.Purchasing.Stores.pdb
[2300/2211  0s] CopyFiles Library/ScriptAssemblies/Unity.AppUI.Redux.pdb
[2301/2211  0s] CopyFiles Library/ScriptAssemblies/Unity.PathTracing.Editor.dll
[2302/2211  0s] CopyFiles Library/ScriptAssemblies/Unity.Multiplayer.Center.Common.pdb
[2303/2211  0s] CopyFiles Library/ScriptAssemblies/Unity.AppUI.MVVM.pdb
[2304/2211  0s] CopyFiles Library/ScriptAssemblies/Unity.AppUI.Navigation.pdb
[2305/2211  0s] CopyFiles Library/ScriptAssemblies/Unity.Purchasing.pdb
[2306/2211  0s] CopyFiles Library/ScriptAssemblies/Unity.Purchasing.PaymentProviderService.pdb
[2307/2211  0s] CopyFiles Library/ScriptAssemblies/Unity.RenderPipelines.Universal.Shaders.pdb
[2308/2211  0s] CopyFiles Library/ScriptAssemblies/Unity.Purchasing.AppleStub.pdb
[2309/2211  0s] CopyFiles Library/ScriptAssemblies/Unity.VisualScripting.Flow.pdb
[2310/2211  0s] CopyFiles Library/ScriptAssemblies/Unity.AppUI.Undo.pdb
[2311/2211  0s] CopyFiles Library/ScriptAssemblies/Unity.RenderPipelines.ShaderGraph.ShaderGraphLibrary.pdb
[2312/2211  0s] CopyFiles Library/ScriptAssemblies/Unity.RenderPipelines.Universal.Config.Runtime.pdb
[2313/2211  0s] CopyFiles Library/ScriptAssemblies/Unity.Purchasing.Codeless.pdb
[2314/2211  0s] CopyFiles Library/ScriptAssemblies/Unity.AppUI.InternalAPIBridge.pdb
[2315/2211  0s] CopyFiles Library/ScriptAssemblies/Unity.Purchasing.AppleMacosStub.pdb
[2316/2211  0s] CopyFiles Library/ScriptAssemblies/Unity.VisualScripting.DocCodeExamples.pdb
[2317/2211  0s] CopyFiles Library/ScriptAssemblies/Unity.InternalAPIEngineBridge.RenderPipelines.Core.Runtime.Shared.pdb
[2318/2211  0s] CopyFiles Library/ScriptAssemblies/Unity.InferenceEngine.Tokenization.pdb
[2319/2211  0s] CopyFiles Library/ScriptAssemblies/Unity.InputSystem.pdb
[2320/2211  0s] CopyFiles Library/ScriptAssemblies/Unity.InternalAPIEngineBridge.004.pdb
[2321/2211  0s] CopyFiles Library/ScriptAssemblies/Unity.Purchasing.LiveContentAdapterService.pdb
[2322/2211  0s] CopyFiles Library/ScriptAssemblies/Unity.Services.Core.pdb
[2323/2211  0s] CopyFiles Library/ScriptAssemblies/Unity.InternalAPIEngineBridge.001.pdb
[2324/2211  0s] CopyFiles Library/ScriptAssemblies/Unity.Services.Core.Configuration.pdb
[2325/2211  0s] CopyFiles Library/ScriptAssemblies/PsdPlugin.dll
[2326/2211  0s] CopyFiles Library/ScriptAssemblies/Unity.SurfaceCache.Runtime.pdb
[2327/2211  0s] CopyFiles Library/ScriptAssemblies/Unity.RenderPipeline.Universal.ShaderLibrary.pdb
[2328/2211  0s] CopyFiles Library/ScriptAssemblies/Unity.Purchasing.Stores.XboxCloudServices.pdb
[2329/2211  0s] CopyFiles Library/ScriptAssemblies/Unity.Microsoft.GDK.pdb
[2330/2211  0s] CopyFiles Library/ScriptAssemblies/Unity.VisualScripting.State.pdb
[2331/2211  0s] CopyFiles Library/ScriptAssemblies/UnityEngine.UI.pdb
[2332/2211  0s] CopyFiles Library/ScriptAssemblies/Unity.Services.Core.Networking.pdb
[2333/2211  0s] CopyFiles Library/ScriptAssemblies/Unity.Mathematics.pdb
[2334/2211  0s] CopyFiles Library/ScriptAssemblies/Unity.Services.Core.Analytics.pdb
[2335/2211  0s] CopyFiles Library/ScriptAssemblies/Unity.AI.Tracing.pdb
[2336/2211  0s] CopyFiles Library/ScriptAssemblies/Acuaria.Food.pdb
[2337/2211  0s] CopyFiles Library/ScriptAssemblies/Acuaria.Core.pdb
[2338/2211  0s] CopyFiles Library/ScriptAssemblies/Unity.PerformanceTesting.pdb
[2339/2211  0s] CopyFiles Library/ScriptAssemblies/Unity.Services.Core.Components.pdb
[2340/2211  0s] CopyFiles Library/ScriptAssemblies/Unity.Services.Core.Device.pdb
[2341/2211  0s] CopyFiles Library/ScriptAssemblies/Unity.Purchasing.WebshopService.pdb
[2342/2211  0s] CopyFiles Library/ScriptAssemblies/Unity.Microsoft.GDK.Tools.pdb
[2343/2211  0s] CopyFiles Library/ScriptAssemblies/Unity.VisualScripting.Core.pdb
[2344/2211  0s] CopyFiles Library/ScriptAssemblies/Unity.InferenceEngine.iOSBLAS.pdb
[2345/2211  0s] CopyFiles Library/ScriptAssemblies/Acuaria.Fish.pdb
[2346/2211  0s] CopyFiles Library/ScriptAssemblies/Unity.Services.Core.Environments.Internal.pdb
[2347/2211  0s] CopyFiles Library/ScriptAssemblies/Unity.Purchasing.SecurityStub.pdb
[2348/2211  0s] CopyFiles Library/ScriptAssemblies/Unity.AI.MCP.Runtime.pdb
[2349/2211  0s] CopyFiles Library/ScriptAssemblies/Unity.Services.Core.Threading.pdb
[2350/2211  0s] CopyFiles Library/ScriptAssemblies/Unity.InferenceEngine.MacBLAS.pdb
[2351/2211  0s] CopyFiles Library/ScriptAssemblies/Unity.Purchasing.Utilities.pdb
[2352/2211  0s] CopyFiles Library/ScriptAssemblies/Unity.RenderPipelines.Core.ShaderLibrary.pdb
[2353/2211  0s] CopyFiles Library/ScriptAssemblies/Acuaria.Simulation.pdb
[2354/2211  0s] CopyFiles Library/ScriptAssemblies/Unity.Purchasing.SecurityCore.pdb
[2355/2211  0s] CopyFiles Library/ScriptAssemblies/Acuaria.Audio.pdb
[2356/2211  0s] CopyFiles Library/ScriptAssemblies/Unity.AI.Search.Editor.dll
[2357/2211  0s] CopyFiles Library/ScriptAssemblies/Unity.AI.Mesh.dll
[2358/2211  0s] ILPostProcess Library/Bee/artifacts/1300b0aE.dag/post-processed/Unity.RenderPipelines.Universal.2D.Editor.Overrides.dll (+pdb)
Processing assembly Library/Bee/artifacts/1300b0aE.dag/Unity.RenderPipelines.Universal.2D.Editor.Overrides.dll, with 152 defines and 325 references

processors: Unity.Jobs.CodeGen.JobsILPostProcessor, zzzUnity.Burst.CodeGen.BurstILPostProcessor

running Unity.Jobs.CodeGen.JobsILPostProcessor

running zzzUnity.Burst.CodeGen.BurstILPostProcessor
[2359/2211  0s] ILPostProcess Library/Bee/artifacts/1300b0aE.dag/post-processed/Unity.RenderPipelines.Core.Editor.Shared.dll (+pdb)
Processing assembly Library/Bee/artifacts/1300b0aE.dag/Unity.RenderPipelines.Core.Editor.Shared.dll, with 150 defines and 322 references

processors: Unity.Jobs.CodeGen.JobsILPostProcessor, zzzUnity.Burst.CodeGen.BurstILPostProcessor

running Unity.Jobs.CodeGen.JobsILPostProcessor

running zzzUnity.Burst.CodeGen.BurstILPostProcessor
[2360/2211  0s] ILPostProcess Library/Bee/artifacts/1300b0aE.dag/post-processed/Unity.RenderPipelines.Universal.Editor.dll (+pdb)
Processing assembly Library/Bee/artifacts/1300b0aE.dag/Unity.RenderPipelines.Universal.Editor.dll, with 154 defines and 330 references

processors: Unity.Jobs.CodeGen.JobsILPostProcessor, zzzUnity.Burst.CodeGen.BurstILPostProcessor

running Unity.Jobs.CodeGen.JobsILPostProcessor

running zzzUnity.Burst.CodeGen.BurstILPostProcessor
[2361/2211  0s] CopyFiles Library/ScriptAssemblies/Unity.Multiplayer.Center.Editor.dll
[2362/2211  0s] CopyFiles Library/ScriptAssemblies/Unity.RenderPipelines.Core.Editor.Shared.pdb
[2363/2211  0s] CopyFiles Library/ScriptAssemblies/Unity.RenderPipelines.Universal.2D.Editor.Overrides.pdb
[2364/2211  0s] CopyFiles Library/ScriptAssemblies/Unity.RenderPipelines.Universal.Editor.pdb
[2365/2211  0s] CopyFiles Library/ScriptAssemblies/Unity.2D.Animation.Editor.dll
[2366/2211  0s] CopyFiles Library/ScriptAssemblies/Unity.RenderPipelines.Universal.2D.Editor.Overrides.dll
[2367/2211  0s] CopyFiles Library/ScriptAssemblies/Unity.VisualScripting.Flow.Editor.dll
[2368/2211  0s] CopyFiles Library/ScriptAssemblies/Unity.PerformanceTesting.Editor.dll
[2369/2211  0s] CopyFiles Library/ScriptAssemblies/Unity.2D.SpriteShape.Editor.dll
[2370/2211  0s] CopyFiles Library/ScriptAssemblies/Unity.AI.ModelSelector.dll
[2371/2211  0s] CopyFiles Library/ScriptAssemblies/Unity.PathTracing.Runtime.dll
[2372/2211  0s] CopyFiles Library/ScriptAssemblies/Unity.AI.Assistant.Editor.dll
[2373/2211  0s] CopyFiles Library/ScriptAssemblies/Unity.AI.Assistant.UI.Editor.dll
[2374/2211  0s] CopyFiles Library/ScriptAssemblies/Unity.AI.Pbr.dll
[2375/2211  0s] CopyFiles Library/ScriptAssemblies/Unity.AI.Generators.Tools.dll
[2376/2211  0s] CopyFiles Library/ScriptAssemblies/Unity.2D.Tilemap.Extras.Editor.dll
[2377/2211  0s] CopyFiles Library/ScriptAssemblies/Unity.2D.Psdimporter.Editor.dll
[2378/2211  0s] CopyFiles Library/ScriptAssemblies/Unity.AI.Image.dll
[2379/2211  0s] CopyFiles Library/ScriptAssemblies/Unity.AppUI.Editor.dll
[2380/2211  0s] CopyFiles Library/ScriptAssemblies/UnityEditor.Purchasing.dll
[2381/2211  0s] CopyFiles Library/ScriptAssemblies/Unity.RenderPipelines.Core.Editor.Shared.dll
[2382/2211  0s] CopyFiles Library/ScriptAssemblies/Unity.AI.Assistant.Integrations.Profiler.Editor.dll
[2383/2211  0s] CopyFiles Library/ScriptAssemblies/Unity.ShaderGraph.Editor.dll
[2384/2211  0s] CopyFiles Library/ScriptAssemblies/UnityEditor.UI.dll
[2385/2211  0s] CopyFiles Library/ScriptAssemblies/Unity.RenderPipelines.Universal.Editor.dll
[2386/2211  0s] CopyFiles Library/ScriptAssemblies/Unity.RenderPipelines.Core.Editor.dll
[2387/2211  0s] CopyFiles Library/ScriptAssemblies/Acuaria.Editor.dll
[2388/2211  0s] CopyFiles Library/ScriptAssemblies/Unity.Microsoft.GDK.Tools.Editor.dll
[2389/2211  0s] CopyFiles Library/ScriptAssemblies/Unity.TextMeshPro.Editor.dll
*** Tundra build success (11.47 seconds), 964 items updated, 2211 evaluated
Total cache size 268179504
Total cache size after purge 268179504, took 00:00:00.1992598
Assets\_Acuaria\Scripts\UI\Aquarium\AquariumContextBinder.cs(46,19): warning CS0618: 'Object.FindFirstObjectByType<T>(FindObjectsInactive)' is obsolete: 'FindFirstObjectByType has been deprecated because it relies on instance ID ordering. Use FindAnyObjectByType instead, which does not depend on ordering.'
Assets\_Acuaria\Scripts\UI\Aquarium\AquariumContextBinder.cs(47,26): warning CS0618: 'Object.FindFirstObjectByType<T>(FindObjectsInactive)' is obsolete: 'FindFirstObjectByType has been deprecated because it relies on instance ID ordering. Use FindAnyObjectByType instead, which does not depend on ordering.'
Assets\_Acuaria\Scripts\UI\Aquarium\AquariumContextBinder.cs(48,27): warning CS0618: 'Object.FindFirstObjectByType<T>(FindObjectsInactive)' is obsolete: 'FindFirstObjectByType has been deprecated because it relies on instance ID ordering. Use FindAnyObjectByType instead, which does not depend on ordering.'
Assets\_Acuaria\Scripts\UI\Aquarium\AquariumContextBinder.cs(49,23): warning CS0618: 'Object.FindFirstObjectByType<T>(FindObjectsInactive)' is obsolete: 'FindFirstObjectByType has been deprecated because it relies on instance ID ordering. Use FindAnyObjectByType instead, which does not depend on ordering.'
Assets\_Acuaria\Scripts\UI\Aquarium\AquariumContextBinder.cs(50,23): warning CS0618: 'Object.FindFirstObjectByType<T>(FindObjectsInactive)' is obsolete: 'FindFirstObjectByType has been deprecated because it relies on instance ID ordering. Use FindAnyObjectByType instead, which does not depend on ordering.'
Assets\_Acuaria\Scripts\UI\Aquarium\AquariumContextBinder.cs(51,23): warning CS0618: 'Object.FindFirstObjectByType<T>(FindObjectsInactive)' is obsolete: 'FindFirstObjectByType has been deprecated because it relies on instance ID ordering. Use FindAnyObjectByType instead, which does not depend on ordering.'
Assets\_Acuaria\Scripts\UI\Aquarium\AquariumContextBinder.cs(54,46): warning CS0618: 'Object.FindFirstObjectByType<T>()' is obsolete: 'FindFirstObjectByType has been deprecated because it relies on instance ID ordering. Use FindAnyObjectByType instead, which does not depend on ordering.'
Assets\_Acuaria\Editor\MultiAquariumSetup.cs(99,21): warning CS0618: 'Object.FindFirstObjectByType<T>(FindObjectsInactive)' is obsolete: 'FindFirstObjectByType has been deprecated because it relies on instance ID ordering. Use FindAnyObjectByType instead, which does not depend on ordering.'
Assets\_Acuaria\Editor\MultiAquariumSetup.cs(100,28): warning CS0618: 'Object.FindFirstObjectByType<T>(FindObjectsInactive)' is obsolete: 'FindFirstObjectByType has been deprecated because it relies on instance ID ordering. Use FindAnyObjectByType instead, which does not depend on ordering.'
Assets\_Acuaria\Editor\MultiAquariumSetup.cs(101,29): warning CS0618: 'Object.FindFirstObjectByType<T>(FindObjectsInactive)' is obsolete: 'FindFirstObjectByType has been deprecated because it relies on instance ID ordering. Use FindAnyObjectByType instead, which does not depend on ordering.'
Assets\_Acuaria\Editor\MultiAquariumSetup.cs(102,25): warning CS0618: 'Object.FindFirstObjectByType<T>(FindObjectsInactive)' is obsolete: 'FindFirstObjectByType has been deprecated because it relies on instance ID ordering. Use FindAnyObjectByType instead, which does not depend on ordering.'
Assets\_Acuaria\Editor\MultiAquariumSetup.cs(103,25): warning CS0618: 'Object.FindFirstObjectByType<T>(FindObjectsInactive)' is obsolete: 'FindFirstObjectByType has been deprecated because it relies on instance ID ordering. Use FindAnyObjectByType instead, which does not depend on ordering.'
Assets\_Acuaria\Editor\MultiAquariumSetup.cs(108,41): warning CS0618: 'Object.FindFirstObjectByType<T>(FindObjectsInactive)' is obsolete: 'FindFirstObjectByType has been deprecated because it relies on instance ID ordering. Use FindAnyObjectByType instead, which does not depend on ordering.'
Assets\_Acuaria\Editor\MultiAquariumSetup.cs(111,40): warning CS0618: 'Object.FindFirstObjectByType<T>()' is obsolete: 'FindFirstObjectByType has been deprecated because it relies on instance ID ordering. Use FindAnyObjectByType instead, which does not depend on ordering.'
Assets\_Acuaria\Editor\MultiAquariumSetup.cs(114,26): warning CS0618: 'Object.FindFirstObjectByType<T>(FindObjectsInactive)' is obsolete: 'FindFirstObjectByType has been deprecated because it relies on instance ID ordering. Use FindAnyObjectByType instead, which does not depend on ordering.'
Reloading assemblies after forced synchronous recompile.
[Licensing::Client] Successfully resolved entitlement details
[Licensing::Client] Successfully resolved entitlement details
Begin MonoManager ReloadAssembly
Refreshing native plugins compatible for Editor in 13.86 ms, found 7 plugins.
Native extension for iOS target not found
Native extension for Android target not found
Native extension for WindowsStandalone target not found
Native extension for WebGL target not found
Refreshing native plugins compatible for Editor in 13.67 ms, found 7 plugins.
[Licensing::Client] Error: Code 404 while processing request (status: Found 0 entitlement groups and 0 free entitlements matching requested entitlement ids)
[Licensing::Client] Error: Code 404 while processing request (status: Found 0 entitlement groups and 0 free entitlements matching requested entitlement ids)
[Licensing::Client] Error: Code 404 while processing request (status: Found 0 entitlement groups and 0 free entitlements matching requested entitlement ids)
ScheduleIndexationOnStartup MainProcess:True IndexOnStartup:True
Mono: successfully reloaded assembly
- Finished resetting the current domain, in  6.355 seconds
Domain Reload Profiling: 8298ms
	BeginReloadAssembly (765ms)
		DisableScriptedObjects (54ms)
		CreateAndSetChildDomain (505ms)
	RebuildCommonClasses (13ms)
	RebuildNativeTypeToScriptingClass (21ms)
	initialDomainReloadingComplete (107ms)
	LoadAllAssembliesAndSetupDomain (1036ms)
		LoadAssemblies (262ms)
		AnalyzeDomain (663ms)
			TypeCache.Refresh (328ms)
				TypeCache.ScanAssembly (306ms)
			BuildScriptInfoCaches (320ms)
			ResolveRequiredComponents (13ms)
	FinalizeReload (6357ms)
		SetupLoadedEditorAssemblies (0ms)
			InitializePlatformSupportModulesInManaged (24ms)
			BeforeProcessingInitializeOnLoad (400ms)
			ProcessInitializeOnLoadAttributes (4548ms)
			ProcessInitializeOnLoadMethodAttributes (870ms)
			AfterProcessingInitializeOnLoad (6ms)
		AwakeInstancesAfterBackupRestoration (73ms)
Starting new worker id: 0 with log in C:/Users/ricar/Documents/github/acuaria/Acuaria/Logs/AssetImportWorkerHW0.log
Refreshing native plugins compatible for Editor in 11.16 ms, found 7 plugins.

Asset Pipeline Refresh (id=06a7c97de0fdeee4fa99e09485ceeb5b): Total: 98.455 seconds - Initiated by InitialRefreshV2(ForceSynchronousImport)
	(Values over 0.05ms)
	Summary:
		Imports: total=0 (actual=0, local cache=0, cache server=0)
		Asset DB Process Time: managed=0 ms, native=14283 ms
		Asset DB Callback time: managed=738 ms, native=40 ms
		Scripting: domain reloads=2, domain reload time=3792 ms, compile time=79484 ms, other=115 ms
		Project Asset Count: scripts=2955, non-scripts=6391
		Asset File Changes: new=0, changed=3, moved=0, deleted=0
		Scan Filter Count: 0
	InvokePackagesCallback: 23.951ms
	ApplyChangesToAssetFolders: 0.899ms
	Scan: 280.193ms
	Collect global state as custom dependencies: 11.086ms
	OnSourceAssetsModified: 0.813ms
	CategorizeScriptCompilationAssets: 98.753ms
	ProcessAssetsWithTransientArtifactChanges: 176.449ms
	CategorizeAssets: 186.979ms
	CompileScripts: 79483.988ms
	ImportOutOfDateAssets: 13273.197ms (13145.412ms without children)
		CollectScriptTypesHashes: 2.900ms
		ReloadNativeAssets: 1.615ms
		UnloadImportedAssets: 0.810ms
		EnsureUptoDateAssetsAreRegisteredWithGuidPM: 2.676ms
		ImportSchedulerStart: 122.663ms
	PostProcessAllAssets: 742.632ms
		XRBuildSystem.XRAssetImported 2.487ms
		VCAutoAddAssetPostprocess 1.464ms
		PostProcessCallbackCreateDeferredMaterials 0.128ms
		MonoPostProcessAllAssets: 737.601ms
			AssetPostprocessor.OnPostprocessAllAssets 294.326ms
			AssetReferenceReimportMonitor.OnPostprocessAllAssets 41.568ms
			StyleCatalogPostProcessor.OnPostprocessAllAssets 34.300ms
			UniversalRenderPipelineGlobalSettingsPostprocessor.OnPostprocessAllAssets 13.480ms
			BuilderAssetPostprocessor.OnPostprocessAllAssets 6.854ms
			SpriteSlicePostprocessor.OnPostprocessAllAssets 5.568ms
			SyncVS.PostprocessSyncProject 3.782ms
			GraphRefreshPostprocessor.OnPostprocessAllAssets 2.689ms
			SpeedTree9Postprocessor.OnPostprocessAllAssets 2.490ms
			WindowAssetPostprocessingWatcher.OnPostprocessAllAssets 2.175ms
			ShaderGraphAssetPostProcessor.OnPostprocessAllAssets 2.152ms
			AssetChangedListener.OnPostprocessAllAssets 1.901ms
			RetainedModeAssetPostprocessor.OnPostprocessAllAssets 1.590ms
			UVCSAssetPostprocessor.OnPostprocessAllAssets 1.302ms
			EditModeScopePostprocessor.OnPostprocessAllAssets 1.270ms
			AssetChangeDetector.OnPostprocessAllAssets 1.235ms
			SpriteEditorTexturePostprocessor.OnPostprocessAllAssets 1.202ms
			AssetProcessor.OnPostprocessAllAssets 1.184ms
			MaterialPostprocessor.OnPostprocessAllAssets 1.057ms
			RenderPipelineGlobalSettingsPostprocessor.OnPostprocessAllAssets 0.972ms
			ArtifactBrowserPostProcessor.OnPostprocessAllAssets 0.765ms
			ReferencedClipsPostProcessor.OnPostprocessAllAssets 0.711ms
			SpriteShapeAssetPostProcessor.OnPostprocessAllAssets 0.688ms
			SkillsProjectAssetPostprocessor.OnPostprocessAllAssets 0.591ms
			InputActionAssetPostprocessor.OnPostprocessAllAssets 0.583ms
			AssetEvents.OnPostprocessAllAssets 0.556ms
			TextAssetPostProcessor.OnPostprocessAllAssets 0.537ms
			InputActionJsonNameModifierAssetProcessor.OnPostprocessAllAssets 0.491ms
			SampleDependencyImporterPostProcessor.OnPostprocessAllAssets 0.479ms
			ShaderReflectionAssetPostProcessor.OnPostprocessAllAssets 0.473ms
			ModelAssetProcessor.OnPostprocessAllAssets 0.470ms
			SpriteLibraryAssetPostprocessor.OnPostprocessAllAssets 0.412ms
			TMPro_TexturePostProcessor.OnPostprocessAllAssets 0.397ms
			AudioMixerPostprocessor.OnPostprocessAllAssets 0.367ms
			SamplePostprocessor.OnPostprocessAllAssets 0.351ms
			PostProcessor.OnPostprocessAllAssets 0.341ms
			GdkAssemblyAssetProcessor.OnPostprocessAllAssets 0.340ms
			PSDImportPostProcessor.OnPostprocessAllAssets 0.319ms
			TerrainToolbarOverlayPostProcessor.OnPostprocessAllAssets 0.298ms
			ConfigAssetsTracker.OnPostprocessAllAssets 0.297ms
			AssetDatabaseCallbacks.OnPostprocessAllAssets 0.248ms
			PSDImporterAssetPostProcessor.OnPostprocessAllAssets 0.234ms
			SpeedTreePostProcessor.OnPostprocessAllAssets 0.216ms
			AssetPostprocessorProxy.OnPostprocessAllAssets 0.204ms
			ProjectSettingsPostprocessor.OnPostprocessAllAssets 0.196ms
			AssetReloadNotifier.OnPostprocessAllAssets 0.145ms
			ScenarioDriftAssetsTracker.OnPostprocessAllAssets 0.139ms
			AudioContainerPostProcessor.OnPostprocessAllAssets 0.104ms
			TrackSelectedAssetsProcessor.OnPostprocessAllAssets 0.080ms
	PostAssetChangesProfiler: 14.300ms
	UnloadStreamsBegin: 4.893ms
	PersistCurrentRevisions: 0.378ms
	GenerateScriptTypeHashes: 7.400ms
	GenerateScriptTypeSerializationHashes: 11.607ms
	Untracked: 4146.026ms

Application.AssetDatabase Initial Refresh End
Shader Hidden/ChartRasterizerHardware is not supported: GPU does not support conservative rasterization
Scanning for USB devices : 2.686ms
Initializing Unity extensions:
[MODES] ModeService[none].Initialize
[MODES] ModeService[none].LoadModes
[MODES] Loading mode Default (0) for mode-current-id-Acuaria
[Licensing::Client] Successfully resolved entitlement details
Unloading 68 Unused Serialized files (Serialized files now loaded: 0)
Unloading 13059 unused Assets / (6.5 MB). Loaded Objects now: 13967.
Memory consumption went from 0.66 GB to 0.65 GB.
Total: 38.359600 ms (FindLiveObjects: 1.497400 ms CreateObjectMapping: 6.129700 ms MarkObjects: 25.189300 ms  DeleteObjects: 5.537300 ms)

Opening scene 'Assets/_Acuaria/Scenes/Room.unity'
Unloading 58 Unused Serialized files (Serialized files now loaded: 0)
[Licensing::Client] Successfully resolved entitlement details
Loaded scene 'Assets/_Acuaria/Scenes/Room.unity'
	Deserialize:            196.461 ms
	Integration:            667.309 ms
	Integration of assets:  6.557 ms
	Thread Wait Time:       4.319 ms
	Total Operation Time:   874.646 ms
Unloading 2 unused Assets / (2.0 KB). Loaded Objects now: 18196.
Memory consumption went from 0.63 GB to 0.63 GB.
Total: 28.868800 ms (FindLiveObjects: 1.037900 ms CreateObjectMapping: 2.834100 ms MarkObjects: 24.883800 ms  DeleteObjects: 0.111500 ms)

AcceleratorClientConnectionCallback - disconnected - :0
Importing 'GUID: 00000000000000004000000000000000 - Path: ProjectSettings/ProjectSettings.asset' with importer (LibraryAssetImporter)
Imported 'GUID: 00000000000000004000000000000000' -> (Import Result ID: '0ab8009548b3e254789cbe7f2d0c594b') in 0.008 seconds [static dependencies only]. Details - ImportResultOutputID=276a810dac73e1f29404d5e5f692e214 DependenciesID=ed7621f3102a9ff1b519ba71726daae6 StaticDependenciesID=9828f6f6f99f427238f3490decbf13b7 
Importing 'GUID: 0000000000000000b000000000000000 - Path: ProjectSettings/EditorBuildSettings.asset' with importer (LibraryAssetImporter)
Imported 'GUID: 0000000000000000b000000000000000' -> (Import Result ID: 'ab38d3c1ee2e670b3b71763973fd1564') in 0.001 seconds [static dependencies only]. Details - ImportResultOutputID=4647dd083cfc32cebcd7526e8846440c DependenciesID=db2987a6cc7106f2a48c879b621a975d StaticDependenciesID=91e149f2aa4c34dafa10c26d076b89c5 
Importing 'GUID: c29a1c87af5c9a943b87c9fb2cffca99 - Path: Assets/_Acuaria/Data/Aquariums/Aquarium03.asset' with importer (NativeFormatImporter)
Imported 'GUID: c29a1c87af5c9a943b87c9fb2cffca99' -> (Import Result ID: 'e6107dea33b870d6fbe42baf7339d1b2') in 0.001 seconds [static dependencies only]. Details - ImportResultOutputID=2c5759603c009e3d9041e155f3c09688 DependenciesID=255b158f9402948530247c0c0a1d7440 StaticDependenciesID=12dcd515a1c177c6da28408c570f40bb 
Importing 'GUID: f52b96585c1119a419956772d960a29c - Path: Assets/_Acuaria/Data/Aquariums/Aquarium02.asset' with importer (NativeFormatImporter)
Imported 'GUID: f52b96585c1119a419956772d960a29c' -> (Import Result ID: 'df7e58a1ca9e218e2f498fc49c4392d0') in 0.001 seconds [static dependencies only]. Details - ImportResultOutputID=18f6e4dd8b2ca07050f9b60f49d2e32e DependenciesID=94d78ce8c013a71227401a91a5cf8a40 StaticDependenciesID=0c591d35d555adebed88d75e7a7ec40d 
Refreshing native plugins compatible for Editor in 11.11 ms, found 7 plugins.

Asset Pipeline Refresh (id=874c9ff30d45d5945b8b5604f800949a): Total: 0.318 seconds - Initiated by StopAssetImportingV2(NoUpdateAssetOptions)
	(Values over 0.05ms)
	Summary:
		Imports: total=4 (actual=4, local cache=0, cache server=0)
		Asset DB Process Time: managed=4 ms, native=274 ms
		Asset DB Callback time: managed=9 ms, native=30 ms
		Scripting: domain reloads=0, domain reload time=0 ms, compile time=0 ms, other=0 ms
		Project Asset Count: scripts=2955, non-scripts=6391
		Asset File Changes: new=0, changed=1, moved=0, deleted=0
		Scan Filter Count: 8
	ApplyChangesToAssetFolders: 0.187ms
	Scan: 30.433ms
	Collect global state as custom dependencies: 0.115ms
	OnSourceAssetsModified: 0.842ms
	ProcessAssetsWithTransientArtifactChanges: 0.159ms
	CategorizeAssets: 95.776ms
	ImportOutOfDateAssets: 136.593ms (24.722ms without children)
		ImportManagerImport: 16.227ms (2.273ms without children)
			UpdateCategorizedAssets: 0.086ms
		ReloadNativeAssets: 0.125ms
		UnloadImportedAssets: 0.289ms
		EnsureUptoDateAssetsAreRegisteredWithGuidPM: 1.434ms
		ImportSchedulerStart: 93.779ms
	PostProcessAllAssets: 27.219ms
		XRBuildSystem.XRAssetImported 18.286ms
		MonoPostProcessAllAssets: 8.663ms
			AssetPostprocessor.OnPostprocessAllAssets 5.351ms
			SpriteShapeAssetPostProcessor.OnPostprocessAllAssets 0.698ms
			SyncVS.PostprocessSyncProject 0.559ms
			ShaderGraphAssetPostProcessor.OnPostprocessAllAssets 0.415ms
			ModelAssetProcessor.OnPostprocessAllAssets 0.353ms
			SpriteEditorTexturePostprocessor.OnPostprocessAllAssets 0.287ms
			RenderPipelineGlobalSettingsPostprocessor.OnPostprocessAllAssets 0.125ms
			GraphRefreshPostprocessor.OnPostprocessAllAssets 0.064ms
	PostAssetChangesProfiler: 11.727ms
	GatherAllCurrentPrimaryImportResultRevisions: 0.500ms
	UnloadStreamsBegin: 0.101ms
	PersistCurrentRevisions: 0.490ms
	Untracked: 12.816ms

Importing 'GUID: a3b5a88ed8054a0593ad02fd67cf9338 - Path: Assets/_Acuaria/Scenes/Room.unity' with importer (DefaultImporter)
Imported 'GUID: a3b5a88ed8054a0593ad02fd67cf9338' -> (Import Result ID: '1cdcbbd4a26ae28679b587946c1e60f6') in 0.003 seconds [static dependencies only]. Details - ImportResultOutputID=b65560d815834895dc4f92ea4769f012 DependenciesID=d70aaf717e8867e93a920bec39a96811 StaticDependenciesID=ee14e03fee63125907379e09921fb6a1 
Refreshing native plugins compatible for Editor in 10.97 ms, found 7 plugins.
Asset Pipeline Refresh (id=9599c82aa7a8b3f4788b92e757cb3acd): Total: 0.213 seconds - Initiated by StopAssetImportingV2(NoUpdateAssetOptions)
Sprint 13 multi-aquarium runtime and three slots configured.
UnityEngine.Debug:ExtractStackTraceNoAlloc (byte*,int,string)
UnityEngine.StackTraceUtility:ExtractStackTrace ()
UnityEngine.DebugLogHandler:Internal_Log (UnityEngine.LogType,UnityEngine.LogOption,string,UnityEngine.Object)
UnityEngine.DebugLogHandler:LogFormat (UnityEngine.LogType,UnityEngine.Object,string,object[])
UnityEngine.Logger:Log (UnityEngine.LogType,object)
UnityEngine.Debug:Log (object)
Acuaria.Editor.MultiAquariumSetup:Configure () (at Assets/_Acuaria/Editor/MultiAquariumSetup.cs:146)
Acuaria.Editor.MultiAquariumSetup:ConfigureFromCommandLine () (at Assets/_Acuaria/Editor/MultiAquariumSetup.cs:148)

(Filename: Assets/_Acuaria/Editor/MultiAquariumSetup.cs Line: 146)

Worker ready: AssetImportWorkerHW0 0
MonoPathRemapper: Attempts to remap: 122062; Successful remaps: 20
Serialized file version minimum: 22, current 23
Killing ADB server in 2.0712538 seconds.
[Physics::Module] Cleanup current backend.
[Physics::Module] Id: 0xf2b8ea05
Input System module state changed to: ShutdownInProgress.
Input Polling Thread exited.
Input System module state changed to: Shutdown.
[Licensing::IpcConnector] LicenseClient-ricar-6000.5.5-notifications channel disconnected successfully.
[Licensing::IpcConnector] LicenseClient-ricar-6000.5.5 channel disconnected successfully.
AcceleratorClientConnectionCallback - disconnected - :0
Cleanup mono
CodeReloadManager destroyed
Checking for leaked weakptr:
  Found no leaked weakptrs.
[Package Manager] Server process was shutdown
##utp:{"type":"MemoryLeaks","version":2,"phase":"Immediate","time":1785287715937,"processId":30108,"allocatedMemory":23147668,"memoryLabels":[{"Default":236621},{"Permanent":15516},{"NewDelete":66219},{"Thread":4197560},{"Manager":54565},{"VertexData":8},{"Geometry":816},{"Texture":24},{"Shader":851667},{"Material":24},{"GfxDevice":55328},{"Animation":952},{"Audio":1168},{"FreeType":8},{"FontEngine":736},{"Physics":2146},{"Physics2D":16},{"Serialization":216},{"Input":42840},{"JobScheduler":256},{"TextLib":280},{"Mono":48},{"MonoCode":896},{"ScriptingNativeRuntime":2497480},{"BaseObject":1622152},{"Resource":1208},{"Renderer":3080},{"Transform":4685},{"File":15885},{"WebCam":616},{"Culling":32},{"Terrain":11442},{"Wind":24},{"STL":40},{"String":20150},{"StaticString":3808},{"Utility":2675958},{"Curl":2559},{"PoolAlloc":2888},{"AI":80},{"TypeTree":112929},{"CodeReload":448},{"RuntimeInitializeOnLoadManager":64},{"Sprites":102},{"SpriteAtlas":120},{"GI":7816},{"Director":8296},{"CloudService":9976},{"WebRequest":552},{"VR":47114},{"SceneManager":608},{"Video":64},{"LazyScriptCache":32},{"Camera":17},{"Secure":2377},{"SerializationCache":1576},{"APIUpdating":10320},{"Subsystems":336},{"VirtualTexturing":57888},{"StaticSafetyDebugInfo":278528},{"Analytics":552},{"Hierarchy":1176},{"UIElements":72},{"CoreStats":13688},{"Identifiers":6768},{"Gui":128},{"EditorUtility":129009},{"VersionControl":8},{"Undo":931},{"AssetDatabase":10010310},{"AssetImporter":40},{"EditorGi":328},{"UnityConnect":38905},{"Upm":1912},{"UpmDiagnostics":8},{"AssetCompliance":64},{"DrivenProperties":72},{"LocalIPC":211},{"ProfilerEditor":9746},{"CoreBusinessMetrics":3500},{"Windowing":456},{"Licensing":664},{"AssetReference":32},{"IPCStream":32}]}
