[Licensing::Module] Trying to connect to existing licensing client channel...
Built from '6000.5/staging' branch; Version is '6000.5.5f1 (d16e074b49fd) revision 13725191'; Using compiler version '194234433'; Build Type 'Release'
OS: 'Windows 11  (10.0.26200) Core' Language: 'en' Physical Memory: 16072 MB
BatchMode: 1, IsHumanControllingUs: 0, StartBugReporterOnCrash: 0, Is64bit: 1
System  architecture: x64
Process architecture: x64
Date: 2026-07-27T02:22:11Z
[Licensing::IpcConnector] Successfully connected to: "LicenseClient-ricar" at "2026-07-27T02:22:11.1401429Z"
[Licensing::Client] Code 10 while verifying Licensing Client signature (process Id: 33000, path: "C:/Program Files/Unity/Hub/Editor/6000.5.5f1/Editor/Data/Resources/Licensing/Client/Unity.Licensing.Client.exe")
[Licensing::Module] LicensingClient has failed validation; ignoring
[Licensing::Client] Handshaking with LicensingClient:
  Version:                 1.18.1+9fbee8e
  Session Id:              9fc52fd5a353473bb88d5dd8aba6f4ee
  Correlation Id:          bbaaf2425649ac5c84a336f0e293f46e
  External correlation Id: 5443600928909315766
  Machine Id:              PsyIwg9UeoYFEqYf3zM0m1TS6rM=
[Licensing::Module] Successfully connected to LicensingClient on channel: "LicenseClient-ricar" (connect: 0.00s, validation: 0.00s, handshake: 0.03s)
[Licensing::IpcConnector] Successfully connected to: "LicenseClient-ricar-notifications" at "2026-07-27T02:22:11.1685166Z"
[Licensing::Module] Error: Access token is unavailable; failed to update
[Licensing::Client] Successfully resolved entitlement details
[Licensing::Module] License group:
  Id: 4674233397729-UnityPersXXXX
  Product: Unity Personal
  Type: Assigned
  Expiration: Unlimited
[Licensing::Client] Successfully updated license, isAsync: True, time: 0.00
[Licensing::Client] Successfully resolved entitlement details
[Licensing::Module] Licensing Background thread has ended after 0.04s

COMMAND LINE ARGUMENTS:
C:\Program Files\Unity\Hub\Editor\6000.5.5f1\Editor\Unity.exe
-batchmode
-nographics
-quit
-projectPath
C:\Users\ricar\Documents\github\acuaria\Acuaria
-executeMethod
Acuaria.Editor.MultiAquariumSetup.DumpHierarchyFromCommandLine
-logFile
C:\Users\ricar\Documents\github\acuaria\Acuaria\carousel-hierarchy.log
Successfully changed project path to: C:\Users\ricar\Documents\github\acuaria\Acuaria
C:/Users/ricar/Documents/github/acuaria/Acuaria
[UnityMemory] Configuration Parameters - Can be set up in boot.config
    "memorysetup-temp-allocator-size-gi-baking-worker=262144"
    "memorysetup-temp-allocator-size-gi-baking-worker=262144"
    "memorysetup-temp-allocator-size-gi-baking-worker=262144"
    "memorysetup-temp-allocator-size-gi-baking-worker=262144"
    "memorysetup-temp-allocator-size-gi-baking-worker=262144"
    "memorysetup-temp-allocator-size-nav-mesh-worker=65536"
    "memorysetup-temp-allocator-size-audio-worker=65536"
    "memorysetup-temp-allocator-size-cloud-worker=32768"
    "memorysetup-temp-allocator-size-gfx=262144"
    "memorysetup-temp-allocator-size-preload-manager=33554432"
    "memorysetup-allocator-temp-initial-block-size-main=262144"
    "memorysetup-allocator-temp-initial-block-size-worker=262144"
    "memorysetup-temp-allocator-size-job-worker=262144"
    "memorysetup-temp-allocator-size-background-worker=32768"
    "memorysetup-bucket-allocator-granularity=16"
    "memorysetup-bucket-allocator-bucket-count=8"
    "memorysetup-bucket-allocator-block-size=33554432"
    "memorysetup-bucket-allocator-block-count=8"
    "memorysetup-main-allocator-block-size=16777216"
    "memorysetup-thread-allocator-block-size=16777216"
    "memorysetup-main-allocator-mimalloc-enabled=0"
    "memorysetup-gfx-main-allocator-block-size=16777216"
    "memorysetup-gfx-thread-allocator-block-size=16777216"
    "memorysetup-cache-allocator-block-size=4194304"
    "memorysetup-typetree-allocator-block-size=2097152"
    "memorysetup-profiler-bucket-allocator-granularity=16"
    "memorysetup-profiler-bucket-allocator-bucket-count=8"
    "memorysetup-profiler-bucket-allocator-block-size=33554432"
    "memorysetup-profiler-bucket-allocator-block-count=8"
    "memorysetup-profiler-allocator-block-size=16777216"
    "memorysetup-profiler-editor-allocator-block-size=1048576"
    "memorysetup-temp-allocator-size-main=16777216"
    "memorysetup-job-temp-allocator-block-size=2097152"
    "memorysetup-job-temp-allocator-block-size-background=1048576"
    "memorysetup-job-temp-allocator-reduction-small-platforms=262144"
Logging is directed to a specific file, skipping project log.Player connection [22448]  Target information:

Player connection [22448]  * "[IP] 192.168.1.3 [Port] 55504 [Flags] 2 [Guid] 3830616659 [EditorId] 3830616659 [Version] 1048832 [Id] WindowsEditor(7,Alienware) [Debug] 1 [PackageName] WindowsEditor [ProjectName] Editor" 

Player connection [22448] Host joined multi-casting on [225.0.0.222:54997]...
Player connection [22448] Host joined alternative multi-casting on [225.0.0.222:34997]...
Input System module state changed to: Initialized.
[Physics::Module] Initialized fallback backend.
[Physics::Module] Id: 0xdecafbad
[Package Manager] Connected to IPC stream "Upm-31860" after 0.2 seconds.
[Licensing::Client] Successfully resolved entitlement details
Library Redirect Path: Library/
[Physics::Module] Selected backend.
[Physics::Module] Name: PhysX
[Physics::Module] Id: 0xf2b8ea05
[Physics::Module] SDK Version: 4.1.2
[Physics::Module] Integration Version: 1.0.0
[Physics::Module] Threading Mode: Multi-Threaded
Active build profile path: `Assets/Settings/Build Profiles/Android™.asset`
Got setting from build profile YAML, name `m_BuildSubtarget`, value `0`
[Licensing::Client] Successfully resolved entitlement details
Got setting from build profile YAML, name `m_BuildTarget`, value `13`
Got setting from build profile YAML, name `m_Subtarget`, value `0`
Initialize engine version: 6000.5.5f1 (d16e074b49fd)
[Subsystems] Discovering subsystems at path C:/Program Files/Unity/Hub/Editor/6000.5.5f1/Editor/Data/Resources/UnitySubsystems
[Subsystems] Discovering subsystems at path C:/Users/ricar/Documents/github/acuaria/Acuaria/Assets
Forcing GfxDevice: Null
GfxDevice: creating device client; kGfxThreadingModeNonThreaded
NullGfxDevice:
    Version:  NULL 1.0 [1.0]
    Renderer: Null Device
    Vendor:   Unity Technologies
Got setting from build profile YAML, name `m_BuildSubtarget`, value `0`
Shader Hidden/ChartRasterizerHardware is not supported: GPU does not support conservative rasterization
Got setting from build profile YAML, name `m_BuildSubtarget`, value `0`
Got setting from build profile YAML, name `m_BuildSubtarget`, value `0`
Initialize mono
Mono path[0] = 'C:/Program Files/Unity/Hub/Editor/6000.5.5f1/Editor/Data/Managed'
Mono path[1] = 'C:/Program Files/Unity/Hub/Editor/6000.5.5f1/Editor/Data/BCLExtensions/runtime/netstandard2.1'
Mono path[2] = 'C:/Program Files/Unity/Hub/Editor/6000.5.5f1/Editor/Data/MonoBleedingEdge/lib/mono/unityjit-win32'
Mono config path = 'C:/Program Files/Unity/Hub/Editor/6000.5.5f1/Editor/Data/MonoBleedingEdge/etc'
Using monoOptions --debugger-agent=transport=dt_socket,embedding=1,server=y,suspend=n,address=127.0.0.1:56860
CodeReloadManager initialized
ImportWorker Server TCP listen port: 0
AcceleratorClientConnectionCallback - disconnected - :0
Got setting from build profile YAML, name `m_BuildSubtarget`, value `0`
Got setting from build profile YAML, name `m_BuildSubtarget`, value `0`
Begin MonoManager ReloadAssembly
Registering precompiled unity dll's ...
Register platform support module: C:/Program Files/Unity/Hub/Editor/6000.5.5f1/Editor/Data/PlaybackEngines/WebGLSupport/UnityEditor.WebGL.Extensions.dll
Register platform support module: C:/Program Files/Unity/Hub/Editor/6000.5.5f1/Editor/Data/PlaybackEngines/WindowsStandaloneSupport/UnityEditor.WindowsStandalone.Extensions.dll
Register platform support module: C:/Program Files/Unity/Hub/Editor/6000.5.5f1/Editor/Data/PlaybackEngines/AndroidPlayer/UnityEditor.Android.Extensions.dll
[Licensing::Client] Successfully resolved entitlement details
Register platform support module: C:/Program Files/Unity/Hub/Editor/6000.5.5f1/Editor/Data/PlaybackEngines/iOSSupport/UnityEditor.iOS.Extensions.dll
Registered in 0.005757 seconds.
Got setting from build profile YAML, name `m_BuildSubtarget`, value `0`
Got setting from build profile YAML, name `m_BuildSubtarget`, value `0`
Got setting from build profile YAML, name `m_BuildSubtarget`, value `0`
Got setting from build profile YAML, name `m_BuildSubtarget`, value `0`
Native extension for iOS target not found
Native extension for Android target not found
Native extension for WindowsStandalone target not found
Native extension for WebGL target not found
Package Manager log level set to [2]
ScheduleIndexationOnStartup MainProcess:False IndexOnStartup:True
Mono: successfully reloaded assembly
- Finished resetting the current domain, in  0.370 seconds
Domain Reload Profiling: 862ms
	BeginReloadAssembly (113ms)
		CreateAndSetChildDomain (9ms)
	RebuildCommonClasses (4ms)
	RebuildNativeTypeToScriptingClass (18ms)
	initialDomainReloadingComplete (61ms)
	LoadAllAssembliesAndSetupDomain (295ms)
		LoadAssemblies (104ms)
		AnalyzeDomain (212ms)
			TypeCache.Refresh (210ms)
				TypeCache.ScanAssembly (197ms)
	FinalizeReload (371ms)
		SetupLoadedEditorAssemblies (0ms)
			InitializePlatformSupportModulesInManaged (12ms)
			BeforeProcessingInitializeOnLoad (89ms)
			ProcessInitializeOnLoadAttributes (90ms)
			ProcessInitializeOnLoadMethodAttributes (103ms)
[Licensing::Client] Successfully resolved entitlement details
[Licensing::Client] Successfully resolved entitlement details
Application.AssetDatabase Initial Refresh Start
[Package Manager] Restoring resolved packages state from cache
[Licensing::Client] Successfully resolved entitlement details
[Package Manager] Registered 74 packages:
  Packages from [https://packages.unity.com]:
    com.unity.2d.animation@15.1.0 (location: C:\Users\ricar\Documents\github\acuaria\Acuaria\Library\PackageCache\com.unity.2d.animation@6d5a363ae647)
    com.unity.2d.aseprite@5.0.3 (location: C:\Users\ricar\Documents\github\acuaria\Acuaria\Library\PackageCache\com.unity.2d.aseprite@d13865913efa)
    com.unity.2d.psdimporter@14.0.3 (location: C:\Users\ricar\Documents\github\acuaria\Acuaria\Library\PackageCache\com.unity.2d.psdimporter@5d82044f9e43)
    com.unity.2d.spriteshape@15.0.3 (location: C:\Users\ricar\Documents\github\acuaria\Acuaria\Library\PackageCache\com.unity.2d.spriteshape@fcb7ec61a58b)
    com.unity.2d.tilemap.extras@8.0.3 (location: C:\Users\ricar\Documents\github\acuaria\Acuaria\Library\PackageCache\com.unity.2d.tilemap.extras@a80140457adc)
    com.unity.2d.tooling@3.0.1 (location: C:\Users\ricar\Documents\github\acuaria\Acuaria\Library\PackageCache\com.unity.2d.tooling@6f06ffb033c0)
    com.unity.ai.assistant@2.16.0-pre.1 (location: C:\Users\ricar\Documents\github\acuaria\Acuaria\Library\PackageCache\com.unity.ai.assistant@9f93b51e80a8)
    com.unity.ai.inference@2.6.1 (location: C:\Users\ricar\Documents\github\acuaria\Acuaria\Library\PackageCache\com.unity.ai.inference@9a123aee5df7)
    com.unity.collab-proxy@2.13.3 (location: C:\Users\ricar\Documents\github\acuaria\Acuaria\Library\PackageCache\com.unity.collab-proxy@4f3be89e8675)
    com.unity.ide.rider@3.0.38 (location: C:\Users\ricar\Documents\github\acuaria\Acuaria\Library\PackageCache\com.unity.ide.rider@1f60b3138684)
    com.unity.ide.visualstudio@2.0.26 (location: C:\Users\ricar\Documents\github\acuaria\Acuaria\Library\PackageCache\com.unity.ide.visualstudio@a99d56dec63f)
    com.unity.inputsystem@1.19.0 (location: C:\Users\ricar\Documents\github\acuaria\Acuaria\Library\PackageCache\com.unity.inputsystem@21a28c3a6c83)
    com.unity.microsoft.gdk@1.7.0 (location: C:\Users\ricar\Documents\github\acuaria\Acuaria\Library\PackageCache\com.unity.microsoft.gdk@3b45a9994164)
    com.unity.microsoft.gdk.tools@1.7.0 (location: C:\Users\ricar\Documents\github\acuaria\Acuaria\Library\PackageCache\com.unity.microsoft.gdk.tools@d61763b7f228)
    com.unity.purchasing@5.4.2 (location: C:\Users\ricar\Documents\github\acuaria\Acuaria\Library\PackageCache\com.unity.purchasing@290a16a9a099)
    com.unity.timeline@1.8.12 (location: C:\Users\ricar\Documents\github\acuaria\Acuaria\Library\PackageCache\com.unity.timeline@8cd8509afae5)
    com.unity.visualscripting@1.9.11 (location: C:\Users\ricar\Documents\github\acuaria\Acuaria\Library\PackageCache\com.unity.visualscripting@8bed5ad90189)
    com.unity.services.core@1.18.0 (location: C:\Users\ricar\Documents\github\acuaria\Acuaria\Library\PackageCache\com.unity.services.core@3464cb68d709)
    com.unity.microsoft.gdk.discovery@1.3.0 (location: C:\Users\ricar\Documents\github\acuaria\Acuaria\Library\PackageCache\com.unity.microsoft.gdk.discovery@9c2d1c88cf7f)
    com.unity.burst@1.8.29 (location: C:\Users\ricar\Documents\github\acuaria\Acuaria\Library\PackageCache\com.unity.burst@6bb9aca3ef38)
    com.unity.dt.app-ui@2.1.7 (location: C:\Users\ricar\Documents\github\acuaria\Acuaria\Library\PackageCache\com.unity.dt.app-ui@b097002a00c2)
    com.unity.nuget.newtonsoft-json@3.2.2 (location: C:\Users\ricar\Documents\github\acuaria\Acuaria\Library\PackageCache\com.unity.nuget.newtonsoft-json@4dfd81071c64)
    com.unity.nuget.mono-cecil@1.11.6 (location: C:\Users\ricar\Documents\github\acuaria\Acuaria\Library\PackageCache\com.unity.nuget.mono-cecil@ecb9724e46ff)
    com.unity.2d.common@14.0.1 (location: C:\Users\ricar\Documents\github\acuaria\Acuaria\Library\PackageCache\com.unity.2d.common@73badf92ba8b)
    com.unity.searcher@4.9.4 (location: C:\Users\ricar\Documents\github\acuaria\Acuaria\Library\PackageCache\com.unity.searcher@d45a78918735)
    com.unity.test-framework.performance@3.5.0 (location: C:\Users\ricar\Documents\github\acuaria\Acuaria\Library\PackageCache\com.unity.test-framework.performance@8b56083ec0f0)
  Built-in packages:
    com.unity.2d.sprite@1.0.0 (location: C:\Users\ricar\Documents\github\acuaria\Acuaria\Library\PackageCache\com.unity.2d.sprite@053a968eab56)
    com.unity.2d.tilemap@1.0.0 (location: C:\Users\ricar\Documents\github\acuaria\Acuaria\Library\PackageCache\com.unity.2d.tilemap@b959501fd678)
    com.unity.multiplayer.center@1.0.1 (location: C:\Users\ricar\Documents\github\acuaria\Acuaria\Library\PackageCache\com.unity.multiplayer.center@b860850997d0)
    com.unity.render-pipelines.universal@17.5.0 (location: C:\Users\ricar\Documents\github\acuaria\Acuaria\Library\PackageCache\com.unity.render-pipelines.universal@040461d037aa)
    com.unity.test-framework@1.7.0 (location: C:\Users\ricar\Documents\github\acuaria\Acuaria\Library\PackageCache\com.unity.test-framework@1405238725ab)
    com.unity.ugui@2.5.0 (location: C:\Users\ricar\Documents\github\acuaria\Acuaria\Library\PackageCache\com.unity.ugui@f2d87ebaaa32)
    com.unity.modules.accessibility@1.0.0 (location: C:\Users\ricar\Documents\github\acuaria\Acuaria\Library\PackageCache\com.unity.modules.accessibility)
    com.unity.modules.adaptiveperformance@1.0.0 (location: C:\Users\ricar\Documents\github\acuaria\Acuaria\Library\PackageCache\com.unity.modules.adaptiveperformance)
    com.unity.modules.ai@1.0.0 (location: C:\Users\ricar\Documents\github\acuaria\Acuaria\Library\PackageCache\com.unity.modules.ai)
    com.unity.modules.androidjni@1.0.0 (location: C:\Users\ricar\Documents\github\acuaria\Acuaria\Library\PackageCache\com.unity.modules.androidjni)
    com.unity.modules.animation@1.0.0 (location: C:\Users\ricar\Documents\github\acuaria\Acuaria\Library\PackageCache\com.unity.modules.animation)
    com.unity.modules.assetbundle@1.0.0 (location: C:\Users\ricar\Documents\github\acuaria\Acuaria\Library\PackageCache\com.unity.modules.assetbundle)
    com.unity.modules.audio@1.0.0 (location: C:\Users\ricar\Documents\github\acuaria\Acuaria\Library\PackageCache\com.unity.modules.audio)
    com.unity.modules.cloth@1.0.0 (location: C:\Users\ricar\Documents\github\acuaria\Acuaria\Library\PackageCache\com.unity.modules.cloth)
    com.unity.modules.director@1.0.0 (location: C:\Users\ricar\Documents\github\acuaria\Acuaria\Library\PackageCache\com.unity.modules.director)
    com.unity.modules.imageconversion@1.0.0 (location: C:\Users\ricar\Documents\github\acuaria\Acuaria\Library\PackageCache\com.unity.modules.imageconversion)
    com.unity.modules.imgui@1.0.0 (location: C:\Users\ricar\Documents\github\acuaria\Acuaria\Library\PackageCache\com.unity.modules.imgui)
    com.unity.modules.jsonserialize@1.0.0 (location: C:\Users\ricar\Documents\github\acuaria\Acuaria\Library\PackageCache\com.unity.modules.jsonserialize)
    com.unity.modules.particlesystem@1.0.0 (location: C:\Users\ricar\Documents\github\acuaria\Acuaria\Library\PackageCache\com.unity.modules.particlesystem)
    com.unity.modules.physics@1.0.0 (location: C:\Users\ricar\Documents\github\acuaria\Acuaria\Library\PackageCache\com.unity.modules.physics)
    com.unity.modules.physics2d@1.0.0 (location: C:\Users\ricar\Documents\github\acuaria\Acuaria\Library\PackageCache\com.unity.modules.physics2d)
    com.unity.modules.physicscore2d@1.0.0 (location: C:\Users\ricar\Documents\github\acuaria\Acuaria\Library\PackageCache\com.unity.modules.physicscore2d)
    com.unity.modules.screencapture@1.0.0 (location: C:\Users\ricar\Documents\github\acuaria\Acuaria\Library\PackageCache\com.unity.modules.screencapture)
    com.unity.modules.terrain@1.0.0 (location: C:\Users\ricar\Documents\github\acuaria\Acuaria\Library\PackageCache\com.unity.modules.terrain)
    com.unity.modules.terrainphysics@1.0.0 (location: C:\Users\ricar\Documents\github\acuaria\Acuaria\Library\PackageCache\com.unity.modules.terrainphysics)
    com.unity.modules.tilemap@1.0.0 (location: C:\Users\ricar\Documents\github\acuaria\Acuaria\Library\PackageCache\com.unity.modules.tilemap)
    com.unity.modules.ui@1.0.0 (location: C:\Users\ricar\Documents\github\acuaria\Acuaria\Library\PackageCache\com.unity.modules.ui)
    com.unity.modules.uielements@1.0.0 (location: C:\Users\ricar\Documents\github\acuaria\Acuaria\Library\PackageCache\com.unity.modules.uielements)
    com.unity.modules.umbra@1.0.0 (location: C:\Users\ricar\Documents\github\acuaria\Acuaria\Library\PackageCache\com.unity.modules.umbra)
    com.unity.modules.unityanalytics@1.0.0 (location: C:\Users\ricar\Documents\github\acuaria\Acuaria\Library\PackageCache\com.unity.modules.unityanalytics)
    com.unity.modules.unitywebrequest@1.0.0 (location: C:\Users\ricar\Documents\github\acuaria\Acuaria\Library\PackageCache\com.unity.modules.unitywebrequest)
    com.unity.modules.unitywebrequestassetbundle@1.0.0 (location: C:\Users\ricar\Documents\github\acuaria\Acuaria\Library\PackageCache\com.unity.modules.unitywebrequestassetbundle)
    com.unity.modules.unitywebrequestaudio@1.0.0 (location: C:\Users\ricar\Documents\github\acuaria\Acuaria\Library\PackageCache\com.unity.modules.unitywebrequestaudio)
    com.unity.modules.unitywebrequesttexture@1.0.0 (location: C:\Users\ricar\Documents\github\acuaria\Acuaria\Library\PackageCache\com.unity.modules.unitywebrequesttexture)
    com.unity.modules.unitywebrequestwww@1.0.0 (location: C:\Users\ricar\Documents\github\acuaria\Acuaria\Library\PackageCache\com.unity.modules.unitywebrequestwww)
    com.unity.modules.vectorgraphics@1.0.0 (location: C:\Users\ricar\Documents\github\acuaria\Acuaria\Library\PackageCache\com.unity.modules.vectorgraphics)
    com.unity.modules.vehicles@1.0.0 (location: C:\Users\ricar\Documents\github\acuaria\Acuaria\Library\PackageCache\com.unity.modules.vehicles)
    com.unity.modules.video@1.0.0 (location: C:\Users\ricar\Documents\github\acuaria\Acuaria\Library\PackageCache\com.unity.modules.video)
    com.unity.modules.wind@1.0.0 (location: C:\Users\ricar\Documents\github\acuaria\Acuaria\Library\PackageCache\com.unity.modules.wind)
    com.unity.modules.xr@1.0.0 (location: C:\Users\ricar\Documents\github\acuaria\Acuaria\Library\PackageCache\com.unity.modules.xr)
    com.unity.modules.subsystems@1.0.0 (location: C:\Users\ricar\Documents\github\acuaria\Acuaria\Library\PackageCache\com.unity.modules.subsystems)
    com.unity.modules.hierarchycore@1.0.0 (location: C:\Users\ricar\Documents\github\acuaria\Acuaria\Library\PackageCache\com.unity.modules.hierarchycore)
    com.unity.ext.nunit@2.1.0 (location: C:\Users\ricar\Documents\github\acuaria\Acuaria\Library\PackageCache\com.unity.ext.nunit@44f7d31723bd)
    com.unity.render-pipelines.core@17.5.0 (location: C:\Users\ricar\Documents\github\acuaria\Acuaria\Library\PackageCache\com.unity.render-pipelines.core@b19a46951e65)
    com.unity.shadergraph@17.5.0 (location: C:\Users\ricar\Documents\github\acuaria\Acuaria\Library\PackageCache\com.unity.shadergraph@8d7376ec43ee)
    com.unity.render-pipelines.universal-config@17.5.0 (location: C:\Users\ricar\Documents\github\acuaria\Acuaria\Library\PackageCache\com.unity.render-pipelines.universal-config@fdda01c80fe3)
    com.unity.collections@6.5.0 (location: C:\Users\ricar\Documents\github\acuaria\Acuaria\Library\PackageCache\com.unity.collections@a43cabe808ca)
    com.unity.mathematics@1.4.0 (location: C:\Users\ricar\Documents\github\acuaria\Acuaria\Library\PackageCache\com.unity.mathematics@981956d94fb6)
[Subsystems] No new subsystems found in resolved package list.
[Package Manager] Done registering packages in 0.03 seconds
[ScriptCompilation] Requested script compilation because: AssetDatabase observed changes in script compilation related files
Refreshing native plugins compatible for Editor in 8.03 ms, found 7 plugins.
Starting: C:\Program Files\Unity\Hub\Editor\6000.5.5f1\Editor\Data\Tools\BuildPipeline\bee_backend.exe --ipc --defer-dag-verification --dagfile="Library/Bee/1300b0aE.dag" --continue-on-failure --profile="Library/Bee/backend1.traceevents" ScriptAssemblies
WorkingDir: C:/Users/ricar/Documents/github/acuaria/Acuaria
DisplayProgressbar: Compiling Scripts
ExitCode: 0 Duration: 4s790ms
[1651/2211  0s] ILPP-Configuration Library/ilpp-configuration.nevergeneratedoutput
[2207/2211  2s] Csc Library/Bee/artifacts/1300b0aE.dag/Acuaria.Editor.dll (+2 others)
Assets\_Acuaria\Editor\MultiAquariumSetup.cs(41,21): warning CS0618: 'Object.FindFirstObjectByType<T>()' is obsolete: 'FindFirstObjectByType has been deprecated because it relies on instance ID ordering. Use FindAnyObjectByType instead, which does not depend on ordering.'

Assets\_Acuaria\Editor\MultiAquariumSetup.cs(42,28): warning CS0618: 'Object.FindFirstObjectByType<T>()' is obsolete: 'FindFirstObjectByType has been deprecated because it relies on instance ID ordering. Use FindAnyObjectByType instead, which does not depend on ordering.'

Assets\_Acuaria\Editor\MultiAquariumSetup.cs(43,29): warning CS0618: 'Object.FindFirstObjectByType<T>()' is obsolete: 'FindFirstObjectByType has been deprecated because it relies on instance ID ordering. Use FindAnyObjectByType instead, which does not depend on ordering.'

Assets\_Acuaria\Editor\MultiAquariumSetup.cs(44,25): warning CS0618: 'Object.FindFirstObjectByType<T>()' is obsolete: 'FindFirstObjectByType has been deprecated because it relies on instance ID ordering. Use FindAnyObjectByType instead, which does not depend on ordering.'

Assets\_Acuaria\Editor\MultiAquariumSetup.cs(45,25): warning CS0618: 'Object.FindFirstObjectByType<T>()' is obsolete: 'FindFirstObjectByType has been deprecated because it relies on instance ID ordering. Use FindAnyObjectByType instead, which does not depend on ordering.'

Assets\_Acuaria\Editor\MultiAquariumSetup.cs(48,35): warning CS0618: 'Object.FindFirstObjectByType<T>()' is obsolete: 'FindFirstObjectByType has been deprecated because it relies on instance ID ordering. Use FindAnyObjectByType instead, which does not depend on ordering.'
[2208/2211  0s] ILPostProcess Library/Bee/artifacts/1300b0aE.dag/post-processed/Acuaria.Editor.dll (+pdb)
Processing assembly Library/Bee/artifacts/1300b0aE.dag/Acuaria.Editor.dll, with 150 defines and 327 references

processors: Unity.Jobs.CodeGen.JobsILPostProcessor, zzzUnity.Burst.CodeGen.BurstILPostProcessor

running Unity.Jobs.CodeGen.JobsILPostProcessor

running zzzUnity.Burst.CodeGen.BurstILPostProcessor
[2209/2211  0s] CopyFiles Library/ScriptAssemblies/Acuaria.Editor.pdb
[2210/2211  0s] CopyFiles Library/ScriptAssemblies/Acuaria.Editor.dll
*** Tundra build success (4.75 seconds), 5 items updated, 2211 evaluated
Assets\_Acuaria\Editor\MultiAquariumSetup.cs(41,21): warning CS0618: 'Object.FindFirstObjectByType<T>()' is obsolete: 'FindFirstObjectByType has been deprecated because it relies on instance ID ordering. Use FindAnyObjectByType instead, which does not depend on ordering.'
Assets\_Acuaria\Editor\MultiAquariumSetup.cs(42,28): warning CS0618: 'Object.FindFirstObjectByType<T>()' is obsolete: 'FindFirstObjectByType has been deprecated because it relies on instance ID ordering. Use FindAnyObjectByType instead, which does not depend on ordering.'
Assets\_Acuaria\Editor\MultiAquariumSetup.cs(43,29): warning CS0618: 'Object.FindFirstObjectByType<T>()' is obsolete: 'FindFirstObjectByType has been deprecated because it relies on instance ID ordering. Use FindAnyObjectByType instead, which does not depend on ordering.'
Assets\_Acuaria\Editor\MultiAquariumSetup.cs(44,25): warning CS0618: 'Object.FindFirstObjectByType<T>()' is obsolete: 'FindFirstObjectByType has been deprecated because it relies on instance ID ordering. Use FindAnyObjectByType instead, which does not depend on ordering.'
Assets\_Acuaria\Editor\MultiAquariumSetup.cs(45,25): warning CS0618: 'Object.FindFirstObjectByType<T>()' is obsolete: 'FindFirstObjectByType has been deprecated because it relies on instance ID ordering. Use FindAnyObjectByType instead, which does not depend on ordering.'
Assets\_Acuaria\Editor\MultiAquariumSetup.cs(48,35): warning CS0618: 'Object.FindFirstObjectByType<T>()' is obsolete: 'FindFirstObjectByType has been deprecated because it relies on instance ID ordering. Use FindAnyObjectByType instead, which does not depend on ordering.'
Total cache size 268179504
Total cache size after purge 268179504, took 00:00:00.1657934
AssetDatabase: script compilation time: 5.911688s
Begin MonoManager ReloadAssembly
Refreshing native plugins compatible for Editor in 8.56 ms, found 7 plugins.
Native extension for iOS target not found
Native extension for Android target not found
Native extension for WindowsStandalone target not found
Native extension for WebGL target not found
Refreshing native plugins compatible for Editor in 7.71 ms, found 7 plugins.
Refreshing native plugins compatible for Editor in 7.76 ms, found 7 plugins.
[Licensing::Client] Error: Code 404 while processing request (status: Found 0 entitlement groups and 0 free entitlements matching requested entitlement ids)
[Licensing::Client] Error: Code 404 while processing request (status: Found 0 entitlement groups and 0 free entitlements matching requested entitlement ids)
[Licensing::Client] Error: Code 404 while processing request (status: Found 0 entitlement groups and 0 free entitlements matching requested entitlement ids)
ScheduleIndexationOnStartup MainProcess:True IndexOnStartup:True
Mono: successfully reloaded assembly
- Finished resetting the current domain, in  5.243 seconds
Domain Reload Profiling: 6632ms
	BeginReloadAssembly (215ms)
		DisableScriptedObjects (22ms)
		CreateAndSetChildDomain (47ms)
	RebuildCommonClasses (9ms)
	RebuildNativeTypeToScriptingClass (16ms)
	initialDomainReloadingComplete (87ms)
	LoadAllAssembliesAndSetupDomain (1062ms)
		LoadAssemblies (449ms)
		AnalyzeDomain (551ms)
			TypeCache.Refresh (394ms)
				TypeCache.ScanAssembly (371ms)
			BuildScriptInfoCaches (146ms)
			ResolveRequiredComponents (9ms)
	FinalizeReload (5244ms)
		SetupLoadedEditorAssemblies (0ms)
			InitializePlatformSupportModulesInManaged (10ms)
			BeforeProcessingInitializeOnLoad (138ms)
			ProcessInitializeOnLoadAttributes (4321ms)
			ProcessInitializeOnLoadMethodAttributes (551ms)
			AfterProcessingInitializeOnLoad (3ms)
		AwakeInstancesAfterBackupRestoration (26ms)
Starting new worker id: 0 with log in C:/Users/ricar/Documents/github/acuaria/Acuaria/Logs/AssetImportWorkerHW0.log
Refreshing native plugins compatible for Editor in 9.47 ms, found 7 plugins.

Asset Pipeline Refresh (id=b0b6c427793ff4a4eaedc4886d149130): Total: 14.626 seconds - Initiated by InitialRefreshV2(ForceSynchronousImport)
	(Values over 0.05ms)
	Summary:
		Imports: total=0 (actual=0, local cache=0, cache server=0)
		Asset DB Process Time: managed=0 ms, native=6212 ms
		Asset DB Callback time: managed=879 ms, native=52 ms
		Scripting: domain reloads=1, domain reload time=1463 ms, compile time=5913 ms, other=105 ms
		Project Asset Count: scripts=2954, non-scripts=6387
		Asset File Changes: new=0, changed=1, moved=0, deleted=0
		Scan Filter Count: 0
	InvokePackagesCallback: 37.513ms
	ApplyChangesToAssetFolders: 0.590ms
	Scan: 302.301ms
	Collect global state as custom dependencies: 4.700ms
	OnSourceAssetsModified: 0.775ms
	CategorizeScriptCompilationAssets: 83.995ms
	ProcessAssetsWithTransientArtifactChanges: 149.240ms
	CategorizeAssets: 106.641ms
	CompileScripts: 5913.106ms
	ImportOutOfDateAssets: 5378.684ms (5290.554ms without children)
		UnloadImportedAssets: 1.079ms
		EnsureUptoDateAssetsAreRegisteredWithGuidPM: 1.400ms
		ImportSchedulerStart: 85.601ms
	PostProcessAllAssets: 881.777ms
		XRBuildSystem.XRAssetImported 1.651ms
		VCAutoAddAssetPostprocess 0.995ms
		MonoPostProcessAllAssets: 878.641ms
			AssetPostprocessor.OnPostprocessAllAssets 242.585ms
			StyleCatalogPostProcessor.OnPostprocessAllAssets 25.607ms
			AssetReferenceReimportMonitor.OnPostprocessAllAssets 23.730ms
			UniversalRenderPipelineGlobalSettingsPostprocessor.OnPostprocessAllAssets 11.506ms
			SpriteSlicePostprocessor.OnPostprocessAllAssets 8.282ms
			SyncVS.PostprocessSyncProject 7.117ms
			BuilderAssetPostprocessor.OnPostprocessAllAssets 5.262ms
			GraphRefreshPostprocessor.OnPostprocessAllAssets 1.933ms
			SpeedTree9Postprocessor.OnPostprocessAllAssets 1.883ms
			AssetChangedListener.OnPostprocessAllAssets 1.652ms
			WindowAssetPostprocessingWatcher.OnPostprocessAllAssets 1.458ms
			ShaderGraphAssetPostProcessor.OnPostprocessAllAssets 1.426ms
			RetainedModeAssetPostprocessor.OnPostprocessAllAssets 1.375ms
			EditModeScopePostprocessor.OnPostprocessAllAssets 1.043ms
			MaterialPostprocessor.OnPostprocessAllAssets 0.960ms
			AssetChangeDetector.OnPostprocessAllAssets 0.956ms
			UVCSAssetPostprocessor.OnPostprocessAllAssets 0.916ms
			RenderPipelineGlobalSettingsPostprocessor.OnPostprocessAllAssets 0.749ms
			SpriteEditorTexturePostprocessor.OnPostprocessAllAssets 0.711ms
			InputActionAssetPostprocessor.OnPostprocessAllAssets 0.628ms
			AssetProcessor.OnPostprocessAllAssets 0.567ms
			SpriteShapeAssetPostProcessor.OnPostprocessAllAssets 0.567ms
			ArtifactBrowserPostProcessor.OnPostprocessAllAssets 0.513ms
			SkillsProjectAssetPostprocessor.OnPostprocessAllAssets 0.419ms
			InputActionJsonNameModifierAssetProcessor.OnPostprocessAllAssets 0.400ms
			SampleDependencyImporterPostProcessor.OnPostprocessAllAssets 0.356ms
			ShaderReflectionAssetPostProcessor.OnPostprocessAllAssets 0.341ms
			TextAssetPostProcessor.OnPostprocessAllAssets 0.327ms
			ModelAssetProcessor.OnPostprocessAllAssets 0.312ms
			GdkAssemblyAssetProcessor.OnPostprocessAllAssets 0.304ms
			AudioMixerPostprocessor.OnPostprocessAllAssets 0.301ms
			TMPro_TexturePostProcessor.OnPostprocessAllAssets 0.299ms
			ReferencedClipsPostProcessor.OnPostprocessAllAssets 0.296ms
			ProjectSettingsPostprocessor.OnPostprocessAllAssets 0.254ms
			AssetEvents.OnPostprocessAllAssets 0.245ms
			PostProcessor.OnPostprocessAllAssets 0.222ms
			SpriteLibraryAssetPostprocessor.OnPostprocessAllAssets 0.220ms
			TerrainToolbarOverlayPostProcessor.OnPostprocessAllAssets 0.184ms
			SpeedTreePostProcessor.OnPostprocessAllAssets 0.173ms
			SamplePostprocessor.OnPostprocessAllAssets 0.171ms
			PSDImportPostProcessor.OnPostprocessAllAssets 0.160ms
			AssetPostprocessorProxy.OnPostprocessAllAssets 0.145ms
			ConfigAssetsTracker.OnPostprocessAllAssets 0.144ms
			AssetDatabaseCallbacks.OnPostprocessAllAssets 0.141ms
			AssetReloadNotifier.OnPostprocessAllAssets 0.101ms
			ScenarioDriftAssetsTracker.OnPostprocessAllAssets 0.097ms
			PSDImporterAssetPostProcessor.OnPostprocessAllAssets 0.091ms
			AudioContainerPostProcessor.OnPostprocessAllAssets 0.077ms
			TrackSelectedAssetsProcessor.OnPostprocessAllAssets 0.061ms
	PostAssetChangesProfiler: 13.481ms
	UnloadStreamsBegin: 4.228ms
	PersistCurrentRevisions: 0.289ms
	GenerateScriptTypeHashes: 2.971ms
	GenerateScriptTypeSerializationHashes: 5.115ms
	Untracked: 1743.590ms

Application.AssetDatabase Initial Refresh End
Shader Hidden/ChartRasterizerHardware is not supported: GPU does not support conservative rasterization
Scanning for USB devices : 3.621ms
Initializing Unity extensions:
[MODES] ModeService[none].Initialize
[MODES] ModeService[none].LoadModes
[MODES] Loading mode Default (0) for mode-current-id-Acuaria
Unloading 68 Unused Serialized files (Serialized files now loaded: 0)
Unloading 13051 unused Assets / (5.7 MB). Loaded Objects now: 13957.
Memory consumption went from 0.63 GB to 0.62 GB.
Total: 27.071900 ms (FindLiveObjects: 0.858200 ms CreateObjectMapping: 4.652800 ms MarkObjects: 17.553300 ms  DeleteObjects: 4.004100 ms)

Opening scene 'Assets/_Acuaria/Scenes/Room.unity'
Unloading 51 Unused Serialized files (Serialized files now loaded: 0)
Loaded scene 'Assets/_Acuaria/Scenes/Room.unity'
	Deserialize:            136.998 ms
	Integration:            402.742 ms
	Integration of assets:  4.165 ms
	Thread Wait Time:       -0.006 ms
	Total Operation Time:   543.899 ms
Worker ready: AssetImportWorkerHW0 0
Unloading 2 unused Assets / (Unknown). Loaded Objects now: 17939.
Memory consumption went from 0.60 GB to 0.60 GB.
Total: 19.262600 ms (FindLiveObjects: 1.418900 ms CreateObjectMapping: 1.940300 ms MarkObjects: 15.855800 ms  DeleteObjects: 0.046300 ms)

CAROUSEL_HIERARCHY AquariumArea [Transform]
UnityEngine.Debug:ExtractStackTraceNoAlloc (byte*,int,string)
UnityEngine.StackTraceUtility:ExtractStackTrace ()
UnityEngine.DebugLogHandler:Internal_Log (UnityEngine.LogType,UnityEngine.LogOption,string,UnityEngine.Object)
UnityEngine.DebugLogHandler:LogFormat (UnityEngine.LogType,UnityEngine.Object,string,object[])
UnityEngine.Logger:Log (UnityEngine.LogType,object)
UnityEngine.Debug:Log (object)
Acuaria.Editor.MultiAquariumSetup:Dump (UnityEngine.Transform,int) (at Assets/_Acuaria/Editor/MultiAquariumSetup.cs:83)
Acuaria.Editor.MultiAquariumSetup:DumpHierarchyFromCommandLine () (at Assets/_Acuaria/Editor/MultiAquariumSetup.cs:78)

(Filename: Assets/_Acuaria/Editor/MultiAquariumSetup.cs Line: 83)

CAROUSEL_HIERARCHY   AquariumCarouselRoot [Transform]
UnityEngine.Debug:ExtractStackTraceNoAlloc (byte*,int,string)
UnityEngine.StackTraceUtility:ExtractStackTrace ()
UnityEngine.DebugLogHandler:Internal_Log (UnityEngine.LogType,UnityEngine.LogOption,string,UnityEngine.Object)
UnityEngine.DebugLogHandler:LogFormat (UnityEngine.LogType,UnityEngine.Object,string,object[])
UnityEngine.Logger:Log (UnityEngine.LogType,object)
UnityEngine.Debug:Log (object)
Acuaria.Editor.MultiAquariumSetup:Dump (UnityEngine.Transform,int) (at Assets/_Acuaria/Editor/MultiAquariumSetup.cs:83)
Acuaria.Editor.MultiAquariumSetup:Dump (UnityEngine.Transform,int) (at Assets/_Acuaria/Editor/MultiAquariumSetup.cs:85)
Acuaria.Editor.MultiAquariumSetup:DumpHierarchyFromCommandLine () (at Assets/_Acuaria/Editor/MultiAquariumSetup.cs:78)

(Filename: Assets/_Acuaria/Editor/MultiAquariumSetup.cs Line: 83)

CAROUSEL_HIERARCHY     AquariumSlot_02 [Transform,AquariumSlotView]
UnityEngine.Debug:ExtractStackTraceNoAlloc (byte*,int,string)
UnityEngine.StackTraceUtility:ExtractStackTrace ()
UnityEngine.DebugLogHandler:Internal_Log (UnityEngine.LogType,UnityEngine.LogOption,string,UnityEngine.Object)
UnityEngine.DebugLogHandler:LogFormat (UnityEngine.LogType,UnityEngine.Object,string,object[])
UnityEngine.Logger:Log (UnityEngine.LogType,object)
UnityEngine.Debug:Log (object)
Acuaria.Editor.MultiAquariumSetup:Dump (UnityEngine.Transform,int) (at Assets/_Acuaria/Editor/MultiAquariumSetup.cs:83)
Acuaria.Editor.MultiAquariumSetup:Dump (UnityEngine.Transform,int) (at Assets/_Acuaria/Editor/MultiAquariumSetup.cs:85)
Acuaria.Editor.MultiAquariumSetup:Dump (UnityEngine.Transform,int) (at Assets/_Acuaria/Editor/MultiAquariumSetup.cs:85)
Acuaria.Editor.MultiAquariumSetup:DumpHierarchyFromCommandLine () (at Assets/_Acuaria/Editor/MultiAquariumSetup.cs:78)

(Filename: Assets/_Acuaria/Editor/MultiAquariumSetup.cs Line: 83)

CAROUSEL_HIERARCHY       SlotShadow [Transform,SpriteRenderer]
UnityEngine.Debug:ExtractStackTraceNoAlloc (byte*,int,string)
UnityEngine.StackTraceUtility:ExtractStackTrace ()
UnityEngine.DebugLogHandler:Internal_Log (UnityEngine.LogType,UnityEngine.LogOption,string,UnityEngine.Object)
UnityEngine.DebugLogHandler:LogFormat (UnityEngine.LogType,UnityEngine.Object,string,object[])
UnityEngine.Logger:Log (UnityEngine.LogType,object)
UnityEngine.Debug:Log (object)
Acuaria.Editor.MultiAquariumSetup:Dump (UnityEngine.Transform,int) (at Assets/_Acuaria/Editor/MultiAquariumSetup.cs:83)
Acuaria.Editor.MultiAquariumSetup:Dump (UnityEngine.Transform,int) (at Assets/_Acuaria/Editor/MultiAquariumSetup.cs:85)
Acuaria.Editor.MultiAquariumSetup:Dump (UnityEngine.Transform,int) (at Assets/_Acuaria/Editor/MultiAquariumSetup.cs:85)
Acuaria.Editor.MultiAquariumSetup:Dump (UnityEngine.Transform,int) (at Assets/_Acuaria/Editor/MultiAquariumSetup.cs:85)
Acuaria.Editor.MultiAquariumSetup:DumpHierarchyFromCommandLine () (at Assets/_Acuaria/Editor/MultiAquariumSetup.cs:78)

(Filename: Assets/_Acuaria/Editor/MultiAquariumSetup.cs Line: 83)

CAROUSEL_HIERARCHY       ReservedSpace [Transform,SpriteRenderer]
UnityEngine.Debug:ExtractStackTraceNoAlloc (byte*,int,string)
UnityEngine.StackTraceUtility:ExtractStackTrace ()
UnityEngine.DebugLogHandler:Internal_Log (UnityEngine.LogType,UnityEngine.LogOption,string,UnityEngine.Object)
UnityEngine.DebugLogHandler:LogFormat (UnityEngine.LogType,UnityEngine.Object,string,object[])
UnityEngine.Logger:Log (UnityEngine.LogType,object)
UnityEngine.Debug:Log (object)
Acuaria.Editor.MultiAquariumSetup:Dump (UnityEngine.Transform,int) (at Assets/_Acuaria/Editor/MultiAquariumSetup.cs:83)
Acuaria.Editor.MultiAquariumSetup:Dump (UnityEngine.Transform,int) (at Assets/_Acuaria/Editor/MultiAquariumSetup.cs:85)
Acuaria.Editor.MultiAquariumSetup:Dump (UnityEngine.Transform,int) (at Assets/_Acuaria/Editor/MultiAquariumSetup.cs:85)
Acuaria.Editor.MultiAquariumSetup:Dump (UnityEngine.Transform,int) (at Assets/_Acuaria/Editor/MultiAquariumSetup.cs:85)
Acuaria.Editor.MultiAquariumSetup:DumpHierarchyFromCommandLine () (at Assets/_Acuaria/Editor/MultiAquariumSetup.cs:78)

(Filename: Assets/_Acuaria/Editor/MultiAquariumSetup.cs Line: 83)

CAROUSEL_HIERARCHY       ReservedInner [Transform,SpriteRenderer]
UnityEngine.Debug:ExtractStackTraceNoAlloc (byte*,int,string)
UnityEngine.StackTraceUtility:ExtractStackTrace ()
UnityEngine.DebugLogHandler:Internal_Log (UnityEngine.LogType,UnityEngine.LogOption,string,UnityEngine.Object)
UnityEngine.DebugLogHandler:LogFormat (UnityEngine.LogType,UnityEngine.Object,string,object[])
UnityEngine.Logger:Log (UnityEngine.LogType,object)
UnityEngine.Debug:Log (object)
Acuaria.Editor.MultiAquariumSetup:Dump (UnityEngine.Transform,int) (at Assets/_Acuaria/Editor/MultiAquariumSetup.cs:83)
Acuaria.Editor.MultiAquariumSetup:Dump (UnityEngine.Transform,int) (at Assets/_Acuaria/Editor/MultiAquariumSetup.cs:85)
Acuaria.Editor.MultiAquariumSetup:Dump (UnityEngine.Transform,int) (at Assets/_Acuaria/Editor/MultiAquariumSetup.cs:85)
Acuaria.Editor.MultiAquariumSetup:Dump (UnityEngine.Transform,int) (at Assets/_Acuaria/Editor/MultiAquariumSetup.cs:85)
Acuaria.Editor.MultiAquariumSetup:DumpHierarchyFromCommandLine () (at Assets/_Acuaria/Editor/MultiAquariumSetup.cs:78)

(Filename: Assets/_Acuaria/Editor/MultiAquariumSetup.cs Line: 83)

CAROUSEL_HIERARCHY       FutureSurface [Transform,SpriteRenderer]
UnityEngine.Debug:ExtractStackTraceNoAlloc (byte*,int,string)
UnityEngine.StackTraceUtility:ExtractStackTrace ()
UnityEngine.DebugLogHandler:Internal_Log (UnityEngine.LogType,UnityEngine.LogOption,string,UnityEngine.Object)
UnityEngine.DebugLogHandler:LogFormat (UnityEngine.LogType,UnityEngine.Object,string,object[])
UnityEngine.Logger:Log (UnityEngine.LogType,object)
UnityEngine.Debug:Log (object)
Acuaria.Editor.MultiAquariumSetup:Dump (UnityEngine.Transform,int) (at Assets/_Acuaria/Editor/MultiAquariumSetup.cs:83)
Acuaria.Editor.MultiAquariumSetup:Dump (UnityEngine.Transform,int) (at Assets/_Acuaria/Editor/MultiAquariumSetup.cs:85)
Acuaria.Editor.MultiAquariumSetup:Dump (UnityEngine.Transform,int) (at Assets/_Acuaria/Editor/MultiAquariumSetup.cs:85)
Acuaria.Editor.MultiAquariumSetup:Dump (UnityEngine.Transform,int) (at Assets/_Acuaria/Editor/MultiAquariumSetup.cs:85)
Acuaria.Editor.MultiAquariumSetup:DumpHierarchyFromCommandLine () (at Assets/_Acuaria/Editor/MultiAquariumSetup.cs:78)

(Filename: Assets/_Acuaria/Editor/MultiAquariumSetup.cs Line: 83)

CAROUSEL_HIERARCHY       PreparedBase [Transform,SpriteRenderer]
UnityEngine.Debug:ExtractStackTraceNoAlloc (byte*,int,string)
UnityEngine.StackTraceUtility:ExtractStackTrace ()
UnityEngine.DebugLogHandler:Internal_Log (UnityEngine.LogType,UnityEngine.LogOption,string,UnityEngine.Object)
UnityEngine.DebugLogHandler:LogFormat (UnityEngine.LogType,UnityEngine.Object,string,object[])
UnityEngine.Logger:Log (UnityEngine.LogType,object)
UnityEngine.Debug:Log (object)
Acuaria.Editor.MultiAquariumSetup:Dump (UnityEngine.Transform,int) (at Assets/_Acuaria/Editor/MultiAquariumSetup.cs:83)
Acuaria.Editor.MultiAquariumSetup:Dump (UnityEngine.Transform,int) (at Assets/_Acuaria/Editor/MultiAquariumSetup.cs:85)
Acuaria.Editor.MultiAquariumSetup:Dump (UnityEngine.Transform,int) (at Assets/_Acuaria/Editor/MultiAquariumSetup.cs:85)
Acuaria.Editor.MultiAquariumSetup:Dump (UnityEngine.Transform,int) (at Assets/_Acuaria/Editor/MultiAquariumSetup.cs:85)
Acuaria.Editor.MultiAquariumSetup:DumpHierarchyFromCommandLine () (at Assets/_Acuaria/Editor/MultiAquariumSetup.cs:78)

(Filename: Assets/_Acuaria/Editor/MultiAquariumSetup.cs Line: 83)

CAROUSEL_HIERARCHY       Content [Transform]
UnityEngine.Debug:ExtractStackTraceNoAlloc (byte*,int,string)
UnityEngine.StackTraceUtility:ExtractStackTrace ()
UnityEngine.DebugLogHandler:Internal_Log (UnityEngine.LogType,UnityEngine.LogOption,string,UnityEngine.Object)
UnityEngine.DebugLogHandler:LogFormat (UnityEngine.LogType,UnityEngine.Object,string,object[])
UnityEngine.Logger:Log (UnityEngine.LogType,object)
UnityEngine.Debug:Log (object)
Acuaria.Editor.MultiAquariumSetup:Dump (UnityEngine.Transform,int) (at Assets/_Acuaria/Editor/MultiAquariumSetup.cs:83)
Acuaria.Editor.MultiAquariumSetup:Dump (UnityEngine.Transform,int) (at Assets/_Acuaria/Editor/MultiAquariumSetup.cs:85)
Acuaria.Editor.MultiAquariumSetup:Dump (UnityEngine.Transform,int) (at Assets/_Acuaria/Editor/MultiAquariumSetup.cs:85)
Acuaria.Editor.MultiAquariumSetup:Dump (UnityEngine.Transform,int) (at Assets/_Acuaria/Editor/MultiAquariumSetup.cs:85)
Acuaria.Editor.MultiAquariumSetup:DumpHierarchyFromCommandLine () (at Assets/_Acuaria/Editor/MultiAquariumSetup.cs:78)

(Filename: Assets/_Acuaria/Editor/MultiAquariumSetup.cs Line: 83)

CAROUSEL_HIERARCHY     AquariumSlot_01 [Transform,AquariumSlotView]
UnityEngine.Debug:ExtractStackTraceNoAlloc (byte*,int,string)
UnityEngine.StackTraceUtility:ExtractStackTrace ()
UnityEngine.DebugLogHandler:Internal_Log (UnityEngine.LogType,UnityEngine.LogOption,string,UnityEngine.Object)
UnityEngine.DebugLogHandler:LogFormat (UnityEngine.LogType,UnityEngine.Object,string,object[])
UnityEngine.Logger:Log (UnityEngine.LogType,object)
UnityEngine.Debug:Log (object)
Acuaria.Editor.MultiAquariumSetup:Dump (UnityEngine.Transform,int) (at Assets/_Acuaria/Editor/MultiAquariumSetup.cs:83)
Acuaria.Editor.MultiAquariumSetup:Dump (UnityEngine.Transform,int) (at Assets/_Acuaria/Editor/MultiAquariumSetup.cs:85)
Acuaria.Editor.MultiAquariumSetup:Dump (UnityEngine.Transform,int) (at Assets/_Acuaria/Editor/MultiAquariumSetup.cs:85)
Acuaria.Editor.MultiAquariumSetup:DumpHierarchyFromCommandLine () (at Assets/_Acuaria/Editor/MultiAquariumSetup.cs:78)

(Filename: Assets/_Acuaria/Editor/MultiAquariumSetup.cs Line: 83)

CAROUSEL_HIERARCHY       SlotShadow [Transform,SpriteRenderer]
UnityEngine.Debug:ExtractStackTraceNoAlloc (byte*,int,string)
UnityEngine.StackTraceUtility:ExtractStackTrace ()
UnityEngine.DebugLogHandler:Internal_Log (UnityEngine.LogType,UnityEngine.LogOption,string,UnityEngine.Object)
UnityEngine.DebugLogHandler:LogFormat (UnityEngine.LogType,UnityEngine.Object,string,object[])
UnityEngine.Logger:Log (UnityEngine.LogType,object)
UnityEngine.Debug:Log (object)
Acuaria.Editor.MultiAquariumSetup:Dump (UnityEngine.Transform,int) (at Assets/_Acuaria/Editor/MultiAquariumSetup.cs:83)
Acuaria.Editor.MultiAquariumSetup:Dump (UnityEngine.Transform,int) (at Assets/_Acuaria/Editor/MultiAquariumSetup.cs:85)
Acuaria.Editor.MultiAquariumSetup:Dump (UnityEngine.Transform,int) (at Assets/_Acuaria/Editor/MultiAquariumSetup.cs:85)
Acuaria.Editor.MultiAquariumSetup:Dump (UnityEngine.Transform,int) (at Assets/_Acuaria/Editor/MultiAquariumSetup.cs:85)
Acuaria.Editor.MultiAquariumSetup:DumpHierarchyFromCommandLine () (at Assets/_Acuaria/Editor/MultiAquariumSetup.cs:78)

(Filename: Assets/_Acuaria/Editor/MultiAquariumSetup.cs Line: 83)

CAROUSEL_HIERARCHY       ReservedSpace [Transform,SpriteRenderer]
UnityEngine.Debug:ExtractStackTraceNoAlloc (byte*,int,string)
UnityEngine.StackTraceUtility:ExtractStackTrace ()
UnityEngine.DebugLogHandler:Internal_Log (UnityEngine.LogType,UnityEngine.LogOption,string,UnityEngine.Object)
UnityEngine.DebugLogHandler:LogFormat (UnityEngine.LogType,UnityEngine.Object,string,object[])
UnityEngine.Logger:Log (UnityEngine.LogType,object)
UnityEngine.Debug:Log (object)
Acuaria.Editor.MultiAquariumSetup:Dump (UnityEngine.Transform,int) (at Assets/_Acuaria/Editor/MultiAquariumSetup.cs:83)
Acuaria.Editor.MultiAquariumSetup:Dump (UnityEngine.Transform,int) (at Assets/_Acuaria/Editor/MultiAquariumSetup.cs:85)
Acuaria.Editor.MultiAquariumSetup:Dump (UnityEngine.Transform,int) (at Assets/_Acuaria/Editor/MultiAquariumSetup.cs:85)
Acuaria.Editor.MultiAquariumSetup:Dump (UnityEngine.Transform,int) (at Assets/_Acuaria/Editor/MultiAquariumSetup.cs:85)
Acuaria.Editor.MultiAquariumSetup:DumpHierarchyFromCommandLine () (at Assets/_Acuaria/Editor/MultiAquariumSetup.cs:78)

(Filename: Assets/_Acuaria/Editor/MultiAquariumSetup.cs Line: 83)

CAROUSEL_HIERARCHY       ReservedInner [Transform,SpriteRenderer]
UnityEngine.Debug:ExtractStackTraceNoAlloc (byte*,int,string)
UnityEngine.StackTraceUtility:ExtractStackTrace ()
UnityEngine.DebugLogHandler:Internal_Log (UnityEngine.LogType,UnityEngine.LogOption,string,UnityEngine.Object)
UnityEngine.DebugLogHandler:LogFormat (UnityEngine.LogType,UnityEngine.Object,string,object[])
UnityEngine.Logger:Log (UnityEngine.LogType,object)
UnityEngine.Debug:Log (object)
Acuaria.Editor.MultiAquariumSetup:Dump (UnityEngine.Transform,int) (at Assets/_Acuaria/Editor/MultiAquariumSetup.cs:83)
Acuaria.Editor.MultiAquariumSetup:Dump (UnityEngine.Transform,int) (at Assets/_Acuaria/Editor/MultiAquariumSetup.cs:85)
Acuaria.Editor.MultiAquariumSetup:Dump (UnityEngine.Transform,int) (at Assets/_Acuaria/Editor/MultiAquariumSetup.cs:85)
Acuaria.Editor.MultiAquariumSetup:Dump (UnityEngine.Transform,int) (at Assets/_Acuaria/Editor/MultiAquariumSetup.cs:85)
Acuaria.Editor.MultiAquariumSetup:DumpHierarchyFromCommandLine () (at Assets/_Acuaria/Editor/MultiAquariumSetup.cs:78)

(Filename: Assets/_Acuaria/Editor/MultiAquariumSetup.cs Line: 83)

CAROUSEL_HIERARCHY       FutureSurface [Transform,SpriteRenderer]
UnityEngine.Debug:ExtractStackTraceNoAlloc (byte*,int,string)
UnityEngine.StackTraceUtility:ExtractStackTrace ()
UnityEngine.DebugLogHandler:Internal_Log (UnityEngine.LogType,UnityEngine.LogOption,string,UnityEngine.Object)
UnityEngine.DebugLogHandler:LogFormat (UnityEngine.LogType,UnityEngine.Object,string,object[])
UnityEngine.Logger:Log (UnityEngine.LogType,object)
UnityEngine.Debug:Log (object)
Acuaria.Editor.MultiAquariumSetup:Dump (UnityEngine.Transform,int) (at Assets/_Acuaria/Editor/MultiAquariumSetup.cs:83)
Acuaria.Editor.MultiAquariumSetup:Dump (UnityEngine.Transform,int) (at Assets/_Acuaria/Editor/MultiAquariumSetup.cs:85)
Acuaria.Editor.MultiAquariumSetup:Dump (UnityEngine.Transform,int) (at Assets/_Acuaria/Editor/MultiAquariumSetup.cs:85)
Acuaria.Editor.MultiAquariumSetup:Dump (UnityEngine.Transform,int) (at Assets/_Acuaria/Editor/MultiAquariumSetup.cs:85)
Acuaria.Editor.MultiAquariumSetup:DumpHierarchyFromCommandLine () (at Assets/_Acuaria/Editor/MultiAquariumSetup.cs:78)

(Filename: Assets/_Acuaria/Editor/MultiAquariumSetup.cs Line: 83)

CAROUSEL_HIERARCHY       PreparedBase [Transform,SpriteRenderer]
UnityEngine.Debug:ExtractStackTraceNoAlloc (byte*,int,string)
UnityEngine.StackTraceUtility:ExtractStackTrace ()
UnityEngine.DebugLogHandler:Internal_Log (UnityEngine.LogType,UnityEngine.LogOption,string,UnityEngine.Object)
UnityEngine.DebugLogHandler:LogFormat (UnityEngine.LogType,UnityEngine.Object,string,object[])
UnityEngine.Logger:Log (UnityEngine.LogType,object)
UnityEngine.Debug:Log (object)
Acuaria.Editor.MultiAquariumSetup:Dump (UnityEngine.Transform,int) (at Assets/_Acuaria/Editor/MultiAquariumSetup.cs:83)
Acuaria.Editor.MultiAquariumSetup:Dump (UnityEngine.Transform,int) (at Assets/_Acuaria/Editor/MultiAquariumSetup.cs:85)
Acuaria.Editor.MultiAquariumSetup:Dump (UnityEngine.Transform,int) (at Assets/_Acuaria/Editor/MultiAquariumSetup.cs:85)
Acuaria.Editor.MultiAquariumSetup:Dump (UnityEngine.Transform,int) (at Assets/_Acuaria/Editor/MultiAquariumSetup.cs:85)
Acuaria.Editor.MultiAquariumSetup:DumpHierarchyFromCommandLine () (at Assets/_Acuaria/Editor/MultiAquariumSetup.cs:78)

(Filename: Assets/_Acuaria/Editor/MultiAquariumSetup.cs Line: 83)

CAROUSEL_HIERARCHY       Content [Transform]
UnityEngine.Debug:ExtractStackTraceNoAlloc (byte*,int,string)
UnityEngine.StackTraceUtility:ExtractStackTrace ()
UnityEngine.DebugLogHandler:Internal_Log (UnityEngine.LogType,UnityEngine.LogOption,string,UnityEngine.Object)
UnityEngine.DebugLogHandler:LogFormat (UnityEngine.LogType,UnityEngine.Object,string,object[])
UnityEngine.Logger:Log (UnityEngine.LogType,object)
UnityEngine.Debug:Log (object)
Acuaria.Editor.MultiAquariumSetup:Dump (UnityEngine.Transform,int) (at Assets/_Acuaria/Editor/MultiAquariumSetup.cs:83)
Acuaria.Editor.MultiAquariumSetup:Dump (UnityEngine.Transform,int) (at Assets/_Acuaria/Editor/MultiAquariumSetup.cs:85)
Acuaria.Editor.MultiAquariumSetup:Dump (UnityEngine.Transform,int) (at Assets/_Acuaria/Editor/MultiAquariumSetup.cs:85)
Acuaria.Editor.MultiAquariumSetup:Dump (UnityEngine.Transform,int) (at Assets/_Acuaria/Editor/MultiAquariumSetup.cs:85)
Acuaria.Editor.MultiAquariumSetup:DumpHierarchyFromCommandLine () (at Assets/_Acuaria/Editor/MultiAquariumSetup.cs:78)

(Filename: Assets/_Acuaria/Editor/MultiAquariumSetup.cs Line: 83)

CAROUSEL_HIERARCHY         AquariumRoomDisplay [Transform,Light2D,AquariumFocusTarget,BoxCollider2D,AquariumInteractable,FeedingInputController]
UnityEngine.Debug:ExtractStackTraceNoAlloc (byte*,int,string)
UnityEngine.StackTraceUtility:ExtractStackTrace ()
UnityEngine.DebugLogHandler:Internal_Log (UnityEngine.LogType,UnityEngine.LogOption,string,UnityEngine.Object)
UnityEngine.DebugLogHandler:LogFormat (UnityEngine.LogType,UnityEngine.Object,string,object[])
UnityEngine.Logger:Log (UnityEngine.LogType,object)
UnityEngine.Debug:Log (object)
Acuaria.Editor.MultiAquariumSetup:Dump (UnityEngine.Transform,int) (at Assets/_Acuaria/Editor/MultiAquariumSetup.cs:83)
Acuaria.Editor.MultiAquariumSetup:Dump (UnityEngine.Transform,int) (at Assets/_Acuaria/Editor/MultiAquariumSetup.cs:85)
Acuaria.Editor.MultiAquariumSetup:Dump (UnityEngine.Transform,int) (at Assets/_Acuaria/Editor/MultiAquariumSetup.cs:85)
Acuaria.Editor.MultiAquariumSetup:Dump (UnityEngine.Transform,int) (at Assets/_Acuaria/Editor/MultiAquariumSetup.cs:85)
Acuaria.Editor.MultiAquariumSetup:Dump (UnityEngine.Transform,int) (at Assets/_Acuaria/Editor/MultiAquariumSetup.cs:85)
Acuaria.Editor.MultiAquariumSetup:DumpHierarchyFromCommandLine () (at Assets/_Acuaria/Editor/MultiAquariumSetup.cs:78)

(Filename: Assets/_Acuaria/Editor/MultiAquariumSetup.cs Line: 83)

CAROUSEL_HIERARCHY           TankShadow [Transform,SpriteRenderer]
UnityEngine.Debug:ExtractStackTraceNoAlloc (byte*,int,string)
UnityEngine.StackTraceUtility:ExtractStackTrace ()
UnityEngine.DebugLogHandler:Internal_Log (UnityEngine.LogType,UnityEngine.LogOption,string,UnityEngine.Object)
UnityEngine.DebugLogHandler:LogFormat (UnityEngine.LogType,UnityEngine.Object,string,object[])
UnityEngine.Logger:Log (UnityEngine.LogType,object)
UnityEngine.Debug:Log (object)
Acuaria.Editor.MultiAquariumSetup:Dump (UnityEngine.Transform,int) (at Assets/_Acuaria/Editor/MultiAquariumSetup.cs:83)
Acuaria.Editor.MultiAquariumSetup:Dump (UnityEngine.Transform,int) (at Assets/_Acuaria/Editor/MultiAquariumSetup.cs:85)
Acuaria.Editor.MultiAquariumSetup:Dump (UnityEngine.Transform,int) (at Assets/_Acuaria/Editor/MultiAquariumSetup.cs:85)
Acuaria.Editor.MultiAquariumSetup:Dump (UnityEngine.Transform,int) (at Assets/_Acuaria/Editor/MultiAquariumSetup.cs:85)
Acuaria.Editor.MultiAquariumSetup:Dump (UnityEngine.Transform,int) (at Assets/_Acuaria/Editor/MultiAquariumSetup.cs:85)
Acuaria.Editor.MultiAquariumSetup:Dump (UnityEngine.Transform,int) (at Assets/_Acuaria/Editor/MultiAquariumSetup.cs:85)
Acuaria.Editor.MultiAquariumSetup:DumpHierarchyFromCommandLine () (at Assets/_Acuaria/Editor/MultiAquariumSetup.cs:78)

(Filename: Assets/_Acuaria/Editor/MultiAquariumSetup.cs Line: 83)

CAROUSEL_HIERARCHY           AquariumBackground [Transform,SpriteRenderer]
UnityEngine.Debug:ExtractStackTraceNoAlloc (byte*,int,string)
UnityEngine.StackTraceUtility:ExtractStackTrace ()
UnityEngine.DebugLogHandler:Internal_Log (UnityEngine.LogType,UnityEngine.LogOption,string,UnityEngine.Object)
UnityEngine.DebugLogHandler:LogFormat (UnityEngine.LogType,UnityEngine.Object,string,object[])
UnityEngine.Logger:Log (UnityEngine.LogType,object)
UnityEngine.Debug:Log (object)
Acuaria.Editor.MultiAquariumSetup:Dump (UnityEngine.Transform,int) (at Assets/_Acuaria/Editor/MultiAquariumSetup.cs:83)
Acuaria.Editor.MultiAquariumSetup:Dump (UnityEngine.Transform,int) (at Assets/_Acuaria/Editor/MultiAquariumSetup.cs:85)
Acuaria.Editor.MultiAquariumSetup:Dump (UnityEngine.Transform,int) (at Assets/_Acuaria/Editor/MultiAquariumSetup.cs:85)
Acuaria.Editor.MultiAquariumSetup:Dump (UnityEngine.Transform,int) (at Assets/_Acuaria/Editor/MultiAquariumSetup.cs:85)
Acuaria.Editor.MultiAquariumSetup:Dump (UnityEngine.Transform,int) (at Assets/_Acuaria/Editor/MultiAquariumSetup.cs:85)
Acuaria.Editor.MultiAquariumSetup:Dump (UnityEngine.Transform,int) (at Assets/_Acuaria/Editor/MultiAquariumSetup.cs:85)
Acuaria.Editor.MultiAquariumSetup:DumpHierarchyFromCommandLine () (at Assets/_Acuaria/Editor/MultiAquariumSetup.cs:78)

(Filename: Assets/_Acuaria/Editor/MultiAquariumSetup.cs Line: 83)

CAROUSEL_HIERARCHY           DeepWater [Transform,SpriteRenderer]
UnityEngine.Debug:ExtractStackTraceNoAlloc (byte*,int,string)
UnityEngine.StackTraceUtility:ExtractStackTrace ()
UnityEngine.DebugLogHandler:Internal_Log (UnityEngine.LogType,UnityEngine.LogOption,string,UnityEngine.Object)
UnityEngine.DebugLogHandler:LogFormat (UnityEngine.LogType,UnityEngine.Object,string,object[])
UnityEngine.Logger:Log (UnityEngine.LogType,object)
UnityEngine.Debug:Log (object)
Acuaria.Editor.MultiAquariumSetup:Dump (UnityEngine.Transform,int) (at Assets/_Acuaria/Editor/MultiAquariumSetup.cs:83)
Acuaria.Editor.MultiAquariumSetup:Dump (UnityEngine.Transform,int) (at Assets/_Acuaria/Editor/MultiAquariumSetup.cs:85)
Acuaria.Editor.MultiAquariumSetup:Dump (UnityEngine.Transform,int) (at Assets/_Acuaria/Editor/MultiAquariumSetup.cs:85)
Acuaria.Editor.MultiAquariumSetup:Dump (UnityEngine.Transform,int) (at Assets/_Acuaria/Editor/MultiAquariumSetup.cs:85)
Acuaria.Editor.MultiAquariumSetup:Dump (UnityEngine.Transform,int) (at Assets/_Acuaria/Editor/MultiAquariumSetup.cs:85)
Acuaria.Editor.MultiAquariumSetup:Dump (UnityEngine.Transform,int) (at Assets/_Acuaria/Editor/MultiAquariumSetup.cs:85)
Acuaria.Editor.MultiAquariumSetup:DumpHierarchyFromCommandLine () (at Assets/_Acuaria/Editor/MultiAquariumSetup.cs:78)

(Filename: Assets/_Acuaria/Editor/MultiAquariumSetup.cs Line: 83)

CAROUSEL_HIERARCHY           MidWater [Transform,SpriteRenderer]
UnityEngine.Debug:ExtractStackTraceNoAlloc (byte*,int,string)
UnityEngine.StackTraceUtility:ExtractStackTrace ()
UnityEngine.DebugLogHandler:Internal_Log (UnityEngine.LogType,UnityEngine.LogOption,string,UnityEngine.Object)
UnityEngine.DebugLogHandler:LogFormat (UnityEngine.LogType,UnityEngine.Object,string,object[])
UnityEngine.Logger:Log (UnityEngine.LogType,object)
UnityEngine.Debug:Log (object)
Acuaria.Editor.MultiAquariumSetup:Dump (UnityEngine.Transform,int) (at Assets/_Acuaria/Editor/MultiAquariumSetup.cs:83)
Acuaria.Editor.MultiAquariumSetup:Dump (UnityEngine.Transform,int) (at Assets/_Acuaria/Editor/MultiAquariumSetup.cs:85)
Acuaria.Editor.MultiAquariumSetup:Dump (UnityEngine.Transform,int) (at Assets/_Acuaria/Editor/MultiAquariumSetup.cs:85)
Acuaria.Editor.MultiAquariumSetup:Dump (UnityEngine.Transform,int) (at Assets/_Acuaria/Editor/MultiAquariumSetup.cs:85)
Acuaria.Editor.MultiAquariumSetup:Dump (UnityEngine.Transform,int) (at Assets/_Acuaria/Editor/MultiAquariumSetup.cs:85)
Acuaria.Editor.MultiAquariumSetup:Dump (UnityEngine.Transform,int) (at Assets/_Acuaria/Editor/MultiAquariumSetup.cs:85)
Acuaria.Editor.MultiAquariumSetup:DumpHierarchyFromCommandLine () (at Assets/_Acuaria/Editor/MultiAquariumSetup.cs:78)

(Filename: Assets/_Acuaria/Editor/MultiAquariumSetup.cs Line: 83)

CAROUSEL_HIERARCHY           SurfaceWater [Transform,SpriteRenderer]
UnityEngine.Debug:ExtractStackTraceNoAlloc (byte*,int,string)
UnityEngine.StackTraceUtility:ExtractStackTrace ()
UnityEngine.DebugLogHandler:Internal_Log (UnityEngine.LogType,UnityEngine.LogOption,string,UnityEngine.Object)
UnityEngine.DebugLogHandler:LogFormat (UnityEngine.LogType,UnityEngine.Object,string,object[])
UnityEngine.Logger:Log (UnityEngine.LogType,object)
UnityEngine.Debug:Log (object)
Acuaria.Editor.MultiAquariumSetup:Dump (UnityEngine.Transform,int) (at Assets/_Acuaria/Editor/MultiAquariumSetup.cs:83)
Acuaria.Editor.MultiAquariumSetup:Dump (UnityEngine.Transform,int) (at Assets/_Acuaria/Editor/MultiAquariumSetup.cs:85)
Acuaria.Editor.MultiAquariumSetup:Dump (UnityEngine.Transform,int) (at Assets/_Acuaria/Editor/MultiAquariumSetup.cs:85)
Acuaria.Editor.MultiAquariumSetup:Dump (UnityEngine.Transform,int) (at Assets/_Acuaria/Editor/MultiAquariumSetup.cs:85)
Acuaria.Editor.MultiAquariumSetup:Dump (UnityEngine.Transform,int) (at Assets/_Acuaria/Editor/MultiAquariumSetup.cs:85)
Acuaria.Editor.MultiAquariumSetup:Dump (UnityEngine.Transform,int) (at Assets/_Acuaria/Editor/MultiAquariumSetup.cs:85)
Acuaria.Editor.MultiAquariumSetup:DumpHierarchyFromCommandLine () (at Assets/_Acuaria/Editor/MultiAquariumSetup.cs:78)

(Filename: Assets/_Acuaria/Editor/MultiAquariumSetup.cs Line: 83)

CAROUSEL_HIERARCHY           WaterSurfaceLine [Transform,SpriteRenderer]
UnityEngine.Debug:ExtractStackTraceNoAlloc (byte*,int,string)
UnityEngine.StackTraceUtility:ExtractStackTrace ()
UnityEngine.DebugLogHandler:Internal_Log (UnityEngine.LogType,UnityEngine.LogOption,string,UnityEngine.Object)
UnityEngine.DebugLogHandler:LogFormat (UnityEngine.LogType,UnityEngine.Object,string,object[])
UnityEngine.Logger:Log (UnityEngine.LogType,object)
UnityEngine.Debug:Log (object)
Acuaria.Editor.MultiAquariumSetup:Dump (UnityEngine.Transform,int) (at Assets/_Acuaria/Editor/MultiAquariumSetup.cs:83)
Acuaria.Editor.MultiAquariumSetup:Dump (UnityEngine.Transform,int) (at Assets/_Acuaria/Editor/MultiAquariumSetup.cs:85)
Acuaria.Editor.MultiAquariumSetup:Dump (UnityEngine.Transform,int) (at Assets/_Acuaria/Editor/MultiAquariumSetup.cs:85)
Acuaria.Editor.MultiAquariumSetup:Dump (UnityEngine.Transform,int) (at Assets/_Acuaria/Editor/MultiAquariumSetup.cs:85)
Acuaria.Editor.MultiAquariumSetup:Dump (UnityEngine.Transform,int) (at Assets/_Acuaria/Editor/MultiAquariumSetup.cs:85)
Acuaria.Editor.MultiAquariumSetup:Dump (UnityEngine.Transform,int) (at Assets/_Acuaria/Editor/MultiAquariumSetup.cs:85)
Acuaria.Editor.MultiAquariumSetup:DumpHierarchyFromCommandLine () (at Assets/_Acuaria/Editor/MultiAquariumSetup.cs:78)

(Filename: Assets/_Acuaria/Editor/MultiAquariumSetup.cs Line: 83)

CAROUSEL_HIERARCHY           Substrate [Transform,SpriteRenderer]
UnityEngine.Debug:ExtractStackTraceNoAlloc (byte*,int,string)
UnityEngine.StackTraceUtility:ExtractStackTrace ()
UnityEngine.DebugLogHandler:Internal_Log (UnityEngine.LogType,UnityEngine.LogOption,string,UnityEngine.Object)
UnityEngine.DebugLogHandler:LogFormat (UnityEngine.LogType,UnityEngine.Object,string,object[])
UnityEngine.Logger:Log (UnityEngine.LogType,object)
UnityEngine.Debug:Log (object)
Acuaria.Editor.MultiAquariumSetup:Dump (UnityEngine.Transform,int) (at Assets/_Acuaria/Editor/MultiAquariumSetup.cs:83)
Acuaria.Editor.MultiAquariumSetup:Dump (UnityEngine.Transform,int) (at Assets/_Acuaria/Editor/MultiAquariumSetup.cs:85)
Acuaria.Editor.MultiAquariumSetup:Dump (UnityEngine.Transform,int) (at Assets/_Acuaria/Editor/MultiAquariumSetup.cs:85)
Acuaria.Editor.MultiAquariumSetup:Dump (UnityEngine.Transform,int) (at Assets/_Acuaria/Editor/MultiAquariumSetup.cs:85)
Acuaria.Editor.MultiAquariumSetup:Dump (UnityEngine.Transform,int) (at Assets/_Acuaria/Editor/MultiAquariumSetup.cs:85)
Acuaria.Editor.MultiAquariumSetup:Dump (UnityEngine.Transform,int) (at Assets/_Acuaria/Editor/MultiAquariumSetup.cs:85)
Acuaria.Editor.MultiAquariumSetup:DumpHierarchyFromCommandLine () (at Assets/_Acuaria/Editor/MultiAquariumSetup.cs:78)

(Filename: Assets/_Acuaria/Editor/MultiAquariumSetup.cs Line: 83)

CAROUSEL_HIERARCHY           SubstrateHighlight [Transform,SpriteRenderer]
UnityEngine.Debug:ExtractStackTraceNoAlloc (byte*,int,string)
UnityEngine.StackTraceUtility:ExtractStackTrace ()
UnityEngine.DebugLogHandler:Internal_Log (UnityEngine.LogType,UnityEngine.LogOption,string,UnityEngine.Object)
UnityEngine.DebugLogHandler:LogFormat (UnityEngine.LogType,UnityEngine.Object,string,object[])
UnityEngine.Logger:Log (UnityEngine.LogType,object)
UnityEngine.Debug:Log (object)
Acuaria.Editor.MultiAquariumSetup:Dump (UnityEngine.Transform,int) (at Assets/_Acuaria/Editor/MultiAquariumSetup.cs:83)
Acuaria.Editor.MultiAquariumSetup:Dump (UnityEngine.Transform,int) (at Assets/_Acuaria/Editor/MultiAquariumSetup.cs:85)
Acuaria.Editor.MultiAquariumSetup:Dump (UnityEngine.Transform,int) (at Assets/_Acuaria/Editor/MultiAquariumSetup.cs:85)
Acuaria.Editor.MultiAquariumSetup:Dump (UnityEngine.Transform,int) (at Assets/_Acuaria/Editor/MultiAquariumSetup.cs:85)
Acuaria.Editor.MultiAquariumSetup:Dump (UnityEngine.Transform,int) (at Assets/_Acuaria/Editor/MultiAquariumSetup.cs:85)
Acuaria.Editor.MultiAquariumSetup:Dump (UnityEngine.Transform,int) (at Assets/_Acuaria/Editor/MultiAquariumSetup.cs:85)
Acuaria.Editor.MultiAquariumSetup:DumpHierarchyFromCommandLine () (at Assets/_Acuaria/Editor/MultiAquariumSetup.cs:78)

(Filename: Assets/_Acuaria/Editor/MultiAquariumSetup.cs Line: 83)

CAROUSEL_HIERARCHY           Rock [Transform,SpriteRenderer]
UnityEngine.Debug:ExtractStackTraceNoAlloc (byte*,int,string)
UnityEngine.StackTraceUtility:ExtractStackTrace ()
UnityEngine.DebugLogHandler:Internal_Log (UnityEngine.LogType,UnityEngine.LogOption,string,UnityEngine.Object)
UnityEngine.DebugLogHandler:LogFormat (UnityEngine.LogType,UnityEngine.Object,string,object[])
UnityEngine.Logger:Log (UnityEngine.LogType,object)
UnityEngine.Debug:Log (object)
Acuaria.Editor.MultiAquariumSetup:Dump (UnityEngine.Transform,int) (at Assets/_Acuaria/Editor/MultiAquariumSetup.cs:83)
Acuaria.Editor.MultiAquariumSetup:Dump (UnityEngine.Transform,int) (at Assets/_Acuaria/Editor/MultiAquariumSetup.cs:85)
Acuaria.Editor.MultiAquariumSetup:Dump (UnityEngine.Transform,int) (at Assets/_Acuaria/Editor/MultiAquariumSetup.cs:85)
Acuaria.Editor.MultiAquariumSetup:Dump (UnityEngine.Transform,int) (at Assets/_Acuaria/Editor/MultiAquariumSetup.cs:85)
Acuaria.Editor.MultiAquariumSetup:Dump (UnityEngine.Transform,int) (at Assets/_Acuaria/Editor/MultiAquariumSetup.cs:85)
Acuaria.Editor.MultiAquariumSetup:Dump (UnityEngine.Transform,int) (at Assets/_Acuaria/Editor/MultiAquariumSetup.cs:85)
Acuaria.Editor.MultiAquariumSetup:DumpHierarchyFromCommandLine () (at Assets/_Acuaria/Editor/MultiAquariumSetup.cs:78)

(Filename: Assets/_Acuaria/Editor/MultiAquariumSetup.cs Line: 83)

CAROUSEL_HIERARCHY           AquaticPlant [Transform]
UnityEngine.Debug:ExtractStackTraceNoAlloc (byte*,int,string)
UnityEngine.StackTraceUtility:ExtractStackTrace ()
UnityEngine.DebugLogHandler:Internal_Log (UnityEngine.LogType,UnityEngine.LogOption,string,UnityEngine.Object)
UnityEngine.DebugLogHandler:LogFormat (UnityEngine.LogType,UnityEngine.Object,string,object[])
UnityEngine.Logger:Log (UnityEngine.LogType,object)
UnityEngine.Debug:Log (object)
Acuaria.Editor.MultiAquariumSetup:Dump (UnityEngine.Transform,int) (at Assets/_Acuaria/Editor/MultiAquariumSetup.cs:83)
Acuaria.Editor.MultiAquariumSetup:Dump (UnityEngine.Transform,int) (at Assets/_Acuaria/Editor/MultiAquariumSetup.cs:85)
Acuaria.Editor.MultiAquariumSetup:Dump (UnityEngine.Transform,int) (at Assets/_Acuaria/Editor/MultiAquariumSetup.cs:85)
Acuaria.Editor.MultiAquariumSetup:Dump (UnityEngine.Transform,int) (at Assets/_Acuaria/Editor/MultiAquariumSetup.cs:85)
Acuaria.Editor.MultiAquariumSetup:Dump (UnityEngine.Transform,int) (at Assets/_Acuaria/Editor/MultiAquariumSetup.cs:85)
Acuaria.Editor.MultiAquariumSetup:Dump (UnityEngine.Transform,int) (at Assets/_Acuaria/Editor/MultiAquariumSetup.cs:85)
Acuaria.Editor.MultiAquariumSetup:DumpHierarchyFromCommandLine () (at Assets/_Acuaria/Editor/MultiAquariumSetup.cs:78)

(Filename: Assets/_Acuaria/Editor/MultiAquariumSetup.cs Line: 83)

CAROUSEL_HIERARCHY             Stem [Transform,SpriteRenderer]
UnityEngine.Debug:ExtractStackTraceNoAlloc (byte*,int,string)
UnityEngine.StackTraceUtility:ExtractStackTrace ()
UnityEngine.DebugLogHandler:Internal_Log (UnityEngine.LogType,UnityEngine.LogOption,string,UnityEngine.Object)
UnityEngine.DebugLogHandler:LogFormat (UnityEngine.LogType,UnityEngine.Object,string,object[])
UnityEngine.Logger:Log (UnityEngine.LogType,object)
UnityEngine.Debug:Log (object)
Acuaria.Editor.MultiAquariumSetup:Dump (UnityEngine.Transform,int) (at Assets/_Acuaria/Editor/MultiAquariumSetup.cs:83)
Acuaria.Editor.MultiAquariumSetup:Dump (UnityEngine.Transform,int) (at Assets/_Acuaria/Editor/MultiAquariumSetup.cs:85)
Acuaria.Editor.MultiAquariumSetup:Dump (UnityEngine.Transform,int) (at Assets/_Acuaria/Editor/MultiAquariumSetup.cs:85)
Acuaria.Editor.MultiAquariumSetup:Dump (UnityEngine.Transform,int) (at Assets/_Acuaria/Editor/MultiAquariumSetup.cs:85)
Acuaria.Editor.MultiAquariumSetup:Dump (UnityEngine.Transform,int) (at Assets/_Acuaria/Editor/MultiAquariumSetup.cs:85)
Acuaria.Editor.MultiAquariumSetup:Dump (UnityEngine.Transform,int) (at Assets/_Acuaria/Editor/MultiAquariumSetup.cs:85)
Acuaria.Editor.MultiAquariumSetup:Dump (UnityEngine.Transform,int) (at Assets/_Acuaria/Editor/MultiAquariumSetup.cs:85)
Acuaria.Editor.MultiAquariumSetup:DumpHierarchyFromCommandLine () (at Assets/_Acuaria/Editor/MultiAquariumSetup.cs:78)

(Filename: Assets/_Acuaria/Editor/MultiAquariumSetup.cs Line: 83)

CAROUSEL_HIERARCHY             LeafLeft [Transform,SpriteRenderer]
UnityEngine.Debug:ExtractStackTraceNoAlloc (byte*,int,string)
UnityEngine.StackTraceUtility:ExtractStackTrace ()
UnityEngine.DebugLogHandler:Internal_Log (UnityEngine.LogType,UnityEngine.LogOption,string,UnityEngine.Object)
UnityEngine.DebugLogHandler:LogFormat (UnityEngine.LogType,UnityEngine.Object,string,object[])
UnityEngine.Logger:Log (UnityEngine.LogType,object)
UnityEngine.Debug:Log (object)
Acuaria.Editor.MultiAquariumSetup:Dump (UnityEngine.Transform,int) (at Assets/_Acuaria/Editor/MultiAquariumSetup.cs:83)
Acuaria.Editor.MultiAquariumSetup:Dump (UnityEngine.Transform,int) (at Assets/_Acuaria/Editor/MultiAquariumSetup.cs:85)
Acuaria.Editor.MultiAquariumSetup:Dump (UnityEngine.Transform,int) (at Assets/_Acuaria/Editor/MultiAquariumSetup.cs:85)
Acuaria.Editor.MultiAquariumSetup:Dump (UnityEngine.Transform,int) (at Assets/_Acuaria/Editor/MultiAquariumSetup.cs:85)
Acuaria.Editor.MultiAquariumSetup:Dump (UnityEngine.Transform,int) (at Assets/_Acuaria/Editor/MultiAquariumSetup.cs:85)
Acuaria.Editor.MultiAquariumSetup:Dump (UnityEngine.Transform,int) (at Assets/_Acuaria/Editor/MultiAquariumSetup.cs:85)
Acuaria.Editor.MultiAquariumSetup:Dump (UnityEngine.Transform,int) (at Assets/_Acuaria/Editor/MultiAquariumSetup.cs:85)
Acuaria.Editor.MultiAquariumSetup:DumpHierarchyFromCommandLine () (at Assets/_Acuaria/Editor/MultiAquariumSetup.cs:78)

(Filename: Assets/_Acuaria/Editor/MultiAquariumSetup.cs Line: 83)

CAROUSEL_HIERARCHY             LeafRight [Transform,SpriteRenderer]
UnityEngine.Debug:ExtractStackTraceNoAlloc (byte*,int,string)
UnityEngine.StackTraceUtility:ExtractStackTrace ()
UnityEngine.DebugLogHandler:Internal_Log (UnityEngine.LogType,UnityEngine.LogOption,string,UnityEngine.Object)
UnityEngine.DebugLogHandler:LogFormat (UnityEngine.LogType,UnityEngine.Object,string,object[])
UnityEngine.Logger:Log (UnityEngine.LogType,object)
UnityEngine.Debug:Log (object)
Acuaria.Editor.MultiAquariumSetup:Dump (UnityEngine.Transform,int) (at Assets/_Acuaria/Editor/MultiAquariumSetup.cs:83)
Acuaria.Editor.MultiAquariumSetup:Dump (UnityEngine.Transform,int) (at Assets/_Acuaria/Editor/MultiAquariumSetup.cs:85)
Acuaria.Editor.MultiAquariumSetup:Dump (UnityEngine.Transform,int) (at Assets/_Acuaria/Editor/MultiAquariumSetup.cs:85)
Acuaria.Editor.MultiAquariumSetup:Dump (UnityEngine.Transform,int) (at Assets/_Acuaria/Editor/MultiAquariumSetup.cs:85)
Acuaria.Editor.MultiAquariumSetup:Dump (UnityEngine.Transform,int) (at Assets/_Acuaria/Editor/MultiAquariumSetup.cs:85)
Acuaria.Editor.MultiAquariumSetup:Dump (UnityEngine.Transform,int) (at Assets/_Acuaria/Editor/MultiAquariumSetup.cs:85)
Acuaria.Editor.MultiAquariumSetup:Dump (UnityEngine.Transform,int) (at Assets/_Acuaria/Editor/MultiAquariumSetup.cs:85)
Acuaria.Editor.MultiAquariumSetup:DumpHierarchyFromCommandLine () (at Assets/_Acuaria/Editor/MultiAquariumSetup.cs:78)

(Filename: Assets/_Acuaria/Editor/MultiAquariumSetup.cs Line: 83)

CAROUSEL_HIERARCHY           Glass [Transform,SpriteRenderer]
UnityEngine.Debug:ExtractStackTraceNoAlloc (byte*,int,string)
UnityEngine.StackTraceUtility:ExtractStackTrace ()
UnityEngine.DebugLogHandler:Internal_Log (UnityEngine.LogType,UnityEngine.LogOption,string,UnityEngine.Object)
UnityEngine.DebugLogHandler:LogFormat (UnityEngine.LogType,UnityEngine.Object,string,object[])
UnityEngine.Logger:Log (UnityEngine.LogType,object)
UnityEngine.Debug:Log (object)
Acuaria.Editor.MultiAquariumSetup:Dump (UnityEngine.Transform,int) (at Assets/_Acuaria/Editor/MultiAquariumSetup.cs:83)
Acuaria.Editor.MultiAquariumSetup:Dump (UnityEngine.Transform,int) (at Assets/_Acuaria/Editor/MultiAquariumSetup.cs:85)
Acuaria.Editor.MultiAquariumSetup:Dump (UnityEngine.Transform,int) (at Assets/_Acuaria/Editor/MultiAquariumSetup.cs:85)
Acuaria.Editor.MultiAquariumSetup:Dump (UnityEngine.Transform,int) (at Assets/_Acuaria/Editor/MultiAquariumSetup.cs:85)
Acuaria.Editor.MultiAquariumSetup:Dump (UnityEngine.Transform,int) (at Assets/_Acuaria/Editor/MultiAquariumSetup.cs:85)
Acuaria.Editor.MultiAquariumSetup:Dump (UnityEngine.Transform,int) (at Assets/_Acuaria/Editor/MultiAquariumSetup.cs:85)
Acuaria.Editor.MultiAquariumSetup:DumpHierarchyFromCommandLine () (at Assets/_Acuaria/Editor/MultiAquariumSetup.cs:78)

(Filename: Assets/_Acuaria/Editor/MultiAquariumSetup.cs Line: 83)

CAROUSEL_HIERARCHY           GlassReflection [Transform,SpriteRenderer]
UnityEngine.Debug:ExtractStackTraceNoAlloc (byte*,int,string)
UnityEngine.StackTraceUtility:ExtractStackTrace ()
UnityEngine.DebugLogHandler:Internal_Log (UnityEngine.LogType,UnityEngine.LogOption,string,UnityEngine.Object)
UnityEngine.DebugLogHandler:LogFormat (UnityEngine.LogType,UnityEngine.Object,string,object[])
UnityEngine.Logger:Log (UnityEngine.LogType,object)
UnityEngine.Debug:Log (object)
Acuaria.Editor.MultiAquariumSetup:Dump (UnityEngine.Transform,int) (at Assets/_Acuaria/Editor/MultiAquariumSetup.cs:83)
Acuaria.Editor.MultiAquariumSetup:Dump (UnityEngine.Transform,int) (at Assets/_Acuaria/Editor/MultiAquariumSetup.cs:85)
Acuaria.Editor.MultiAquariumSetup:Dump (UnityEngine.Transform,int) (at Assets/_Acuaria/Editor/MultiAquariumSetup.cs:85)
Acuaria.Editor.MultiAquariumSetup:Dump (UnityEngine.Transform,int) (at Assets/_Acuaria/Editor/MultiAquariumSetup.cs:85)
Acuaria.Editor.MultiAquariumSetup:Dump (UnityEngine.Transform,int) (at Assets/_Acuaria/Editor/MultiAquariumSetup.cs:85)
Acuaria.Editor.MultiAquariumSetup:Dump (UnityEngine.Transform,int) (at Assets/_Acuaria/Editor/MultiAquariumSetup.cs:85)
Acuaria.Editor.MultiAquariumSetup:DumpHierarchyFromCommandLine () (at Assets/_Acuaria/Editor/MultiAquariumSetup.cs:78)

(Filename: Assets/_Acuaria/Editor/MultiAquariumSetup.cs Line: 83)

CAROUSEL_HIERARCHY           DiagonalReflection [Transform,SpriteRenderer]
UnityEngine.Debug:ExtractStackTraceNoAlloc (byte*,int,string)
UnityEngine.StackTraceUtility:ExtractStackTrace ()
UnityEngine.DebugLogHandler:Internal_Log (UnityEngine.LogType,UnityEngine.LogOption,string,UnityEngine.Object)
UnityEngine.DebugLogHandler:LogFormat (UnityEngine.LogType,UnityEngine.Object,string,object[])
UnityEngine.Logger:Log (UnityEngine.LogType,object)
UnityEngine.Debug:Log (object)
Acuaria.Editor.MultiAquariumSetup:Dump (UnityEngine.Transform,int) (at Assets/_Acuaria/Editor/MultiAquariumSetup.cs:83)
Acuaria.Editor.MultiAquariumSetup:Dump (UnityEngine.Transform,int) (at Assets/_Acuaria/Editor/MultiAquariumSetup.cs:85)
Acuaria.Editor.MultiAquariumSetup:Dump (UnityEngine.Transform,int) (at Assets/_Acuaria/Editor/MultiAquariumSetup.cs:85)
Acuaria.Editor.MultiAquariumSetup:Dump (UnityEngine.Transform,int) (at Assets/_Acuaria/Editor/MultiAquariumSetup.cs:85)
Acuaria.Editor.MultiAquariumSetup:Dump (UnityEngine.Transform,int) (at Assets/_Acuaria/Editor/MultiAquariumSetup.cs:85)
Acuaria.Editor.MultiAquariumSetup:Dump (UnityEngine.Transform,int) (at Assets/_Acuaria/Editor/MultiAquariumSetup.cs:85)
Acuaria.Editor.MultiAquariumSetup:DumpHierarchyFromCommandLine () (at Assets/_Acuaria/Editor/MultiAquariumSetup.cs:78)

(Filename: Assets/_Acuaria/Editor/MultiAquariumSetup.cs Line: 83)

CAROUSEL_HIERARCHY           FrameTop [Transform,SpriteRenderer]
UnityEngine.Debug:ExtractStackTraceNoAlloc (byte*,int,string)
UnityEngine.StackTraceUtility:ExtractStackTrace ()
UnityEngine.DebugLogHandler:Internal_Log (UnityEngine.LogType,UnityEngine.LogOption,string,UnityEngine.Object)
UnityEngine.DebugLogHandler:LogFormat (UnityEngine.LogType,UnityEngine.Object,string,object[])
UnityEngine.Logger:Log (UnityEngine.LogType,object)
UnityEngine.Debug:Log (object)
Acuaria.Editor.MultiAquariumSetup:Dump (UnityEngine.Transform,int) (at Assets/_Acuaria/Editor/MultiAquariumSetup.cs:83)
Acuaria.Editor.MultiAquariumSetup:Dump (UnityEngine.Transform,int) (at Assets/_Acuaria/Editor/MultiAquariumSetup.cs:85)
Acuaria.Editor.MultiAquariumSetup:Dump (UnityEngine.Transform,int) (at Assets/_Acuaria/Editor/MultiAquariumSetup.cs:85)
Acuaria.Editor.MultiAquariumSetup:Dump (UnityEngine.Transform,int) (at Assets/_Acuaria/Editor/MultiAquariumSetup.cs:85)
Acuaria.Editor.MultiAquariumSetup:Dump (UnityEngine.Transform,int) (at Assets/_Acuaria/Editor/MultiAquariumSetup.cs:85)
Acuaria.Editor.MultiAquariumSetup:Dump (UnityEngine.Transform,int) (at Assets/_Acuaria/Editor/MultiAquariumSetup.cs:85)
Acuaria.Editor.MultiAquariumSetup:DumpHierarchyFromCommandLine () (at Assets/_Acuaria/Editor/MultiAquariumSetup.cs:78)

(Filename: Assets/_Acuaria/Editor/MultiAquariumSetup.cs Line: 83)

CAROUSEL_HIERARCHY           FrameBottom [Transform,SpriteRenderer]
UnityEngine.Debug:ExtractStackTraceNoAlloc (byte*,int,string)
UnityEngine.StackTraceUtility:ExtractStackTrace ()
UnityEngine.DebugLogHandler:Internal_Log (UnityEngine.LogType,UnityEngine.LogOption,string,UnityEngine.Object)
UnityEngine.DebugLogHandler:LogFormat (UnityEngine.LogType,UnityEngine.Object,string,object[])
UnityEngine.Logger:Log (UnityEngine.LogType,object)
UnityEngine.Debug:Log (object)
Acuaria.Editor.MultiAquariumSetup:Dump (UnityEngine.Transform,int) (at Assets/_Acuaria/Editor/MultiAquariumSetup.cs:83)
Acuaria.Editor.MultiAquariumSetup:Dump (UnityEngine.Transform,int) (at Assets/_Acuaria/Editor/MultiAquariumSetup.cs:85)
Acuaria.Editor.MultiAquariumSetup:Dump (UnityEngine.Transform,int) (at Assets/_Acuaria/Editor/MultiAquariumSetup.cs:85)
Acuaria.Editor.MultiAquariumSetup:Dump (UnityEngine.Transform,int) (at Assets/_Acuaria/Editor/MultiAquariumSetup.cs:85)
Acuaria.Editor.MultiAquariumSetup:Dump (UnityEngine.Transform,int) (at Assets/_Acuaria/Editor/MultiAquariumSetup.cs:85)
Acuaria.Editor.MultiAquariumSetup:Dump (UnityEngine.Transform,int) (at Assets/_Acuaria/Editor/MultiAquariumSetup.cs:85)
Acuaria.Editor.MultiAquariumSetup:DumpHierarchyFromCommandLine () (at Assets/_Acuaria/Editor/MultiAquariumSetup.cs:78)

(Filename: Assets/_Acuaria/Editor/MultiAquariumSetup.cs Line: 83)

CAROUSEL_HIERARCHY           FrameLeft [Transform,SpriteRenderer]
UnityEngine.Debug:ExtractStackTraceNoAlloc (byte*,int,string)
UnityEngine.StackTraceUtility:ExtractStackTrace ()
UnityEngine.DebugLogHandler:Internal_Log (UnityEngine.LogType,UnityEngine.LogOption,string,UnityEngine.Object)
UnityEngine.DebugLogHandler:LogFormat (UnityEngine.LogType,UnityEngine.Object,string,object[])
UnityEngine.Logger:Log (UnityEngine.LogType,object)
UnityEngine.Debug:Log (object)
Acuaria.Editor.MultiAquariumSetup:Dump (UnityEngine.Transform,int) (at Assets/_Acuaria/Editor/MultiAquariumSetup.cs:83)
Acuaria.Editor.MultiAquariumSetup:Dump (UnityEngine.Transform,int) (at Assets/_Acuaria/Editor/MultiAquariumSetup.cs:85)
Acuaria.Editor.MultiAquariumSetup:Dump (UnityEngine.Transform,int) (at Assets/_Acuaria/Editor/MultiAquariumSetup.cs:85)
Acuaria.Editor.MultiAquariumSetup:Dump (UnityEngine.Transform,int) (at Assets/_Acuaria/Editor/MultiAquariumSetup.cs:85)
Acuaria.Editor.MultiAquariumSetup:Dump (UnityEngine.Transform,int) (at Assets/_Acuaria/Editor/MultiAquariumSetup.cs:85)
Acuaria.Editor.MultiAquariumSetup:Dump (UnityEngine.Transform,int) (at Assets/_Acuaria/Editor/MultiAquariumSetup.cs:85)
Acuaria.Editor.MultiAquariumSetup:DumpHierarchyFromCommandLine () (at Assets/_Acuaria/Editor/MultiAquariumSetup.cs:78)

(Filename: Assets/_Acuaria/Editor/MultiAquariumSetup.cs Line: 83)

CAROUSEL_HIERARCHY           FrameRight [Transform,SpriteRenderer]
UnityEngine.Debug:ExtractStackTraceNoAlloc (byte*,int,string)
UnityEngine.StackTraceUtility:ExtractStackTrace ()
UnityEngine.DebugLogHandler:Internal_Log (UnityEngine.LogType,UnityEngine.LogOption,string,UnityEngine.Object)
UnityEngine.DebugLogHandler:LogFormat (UnityEngine.LogType,UnityEngine.Object,string,object[])
UnityEngine.Logger:Log (UnityEngine.LogType,object)
UnityEngine.Debug:Log (object)
Acuaria.Editor.MultiAquariumSetup:Dump (UnityEngine.Transform,int) (at Assets/_Acuaria/Editor/MultiAquariumSetup.cs:83)
Acuaria.Editor.MultiAquariumSetup:Dump (UnityEngine.Transform,int) (at Assets/_Acuaria/Editor/MultiAquariumSetup.cs:85)
Acuaria.Editor.MultiAquariumSetup:Dump (UnityEngine.Transform,int) (at Assets/_Acuaria/Editor/MultiAquariumSetup.cs:85)
Acuaria.Editor.MultiAquariumSetup:Dump (UnityEngine.Transform,int) (at Assets/_Acuaria/Editor/MultiAquariumSetup.cs:85)
Acuaria.Editor.MultiAquariumSetup:Dump (UnityEngine.Transform,int) (at Assets/_Acuaria/Editor/MultiAquariumSetup.cs:85)
Acuaria.Editor.MultiAquariumSetup:Dump (UnityEngine.Transform,int) (at Assets/_Acuaria/Editor/MultiAquariumSetup.cs:85)
Acuaria.Editor.MultiAquariumSetup:DumpHierarchyFromCommandLine () (at Assets/_Acuaria/Editor/MultiAquariumSetup.cs:78)

(Filename: Assets/_Acuaria/Editor/MultiAquariumSetup.cs Line: 83)

CAROUSEL_HIERARCHY           ActiveBaseGlow [Transform,SpriteRenderer]
UnityEngine.Debug:ExtractStackTraceNoAlloc (byte*,int,string)
UnityEngine.StackTraceUtility:ExtractStackTrace ()
UnityEngine.DebugLogHandler:Internal_Log (UnityEngine.LogType,UnityEngine.LogOption,string,UnityEngine.Object)
UnityEngine.DebugLogHandler:LogFormat (UnityEngine.LogType,UnityEngine.Object,string,object[])
UnityEngine.Logger:Log (UnityEngine.LogType,object)
UnityEngine.Debug:Log (object)
Acuaria.Editor.MultiAquariumSetup:Dump (UnityEngine.Transform,int) (at Assets/_Acuaria/Editor/MultiAquariumSetup.cs:83)
Acuaria.Editor.MultiAquariumSetup:Dump (UnityEngine.Transform,int) (at Assets/_Acuaria/Editor/MultiAquariumSetup.cs:85)
Acuaria.Editor.MultiAquariumSetup:Dump (UnityEngine.Transform,int) (at Assets/_Acuaria/Editor/MultiAquariumSetup.cs:85)
Acuaria.Editor.MultiAquariumSetup:Dump (UnityEngine.Transform,int) (at Assets/_Acuaria/Editor/MultiAquariumSetup.cs:85)
Acuaria.Editor.MultiAquariumSetup:Dump (UnityEngine.Transform,int) (at Assets/_Acuaria/Editor/MultiAquariumSetup.cs:85)
Acuaria.Editor.MultiAquariumSetup:Dump (UnityEngine.Transform,int) (at Assets/_Acuaria/Editor/MultiAquariumSetup.cs:85)
Acuaria.Editor.MultiAquariumSetup:DumpHierarchyFromCommandLine () (at Assets/_Acuaria/Editor/MultiAquariumSetup.cs:78)

(Filename: Assets/_Acuaria/Editor/MultiAquariumSetup.cs Line: 83)

CAROUSEL_HIERARCHY           FocusPoint [Transform]
UnityEngine.Debug:ExtractStackTraceNoAlloc (byte*,int,string)
UnityEngine.StackTraceUtility:ExtractStackTrace ()
UnityEngine.DebugLogHandler:Internal_Log (UnityEngine.LogType,UnityEngine.LogOption,string,UnityEngine.Object)
UnityEngine.DebugLogHandler:LogFormat (UnityEngine.LogType,UnityEngine.Object,string,object[])
UnityEngine.Logger:Log (UnityEngine.LogType,object)
UnityEngine.Debug:Log (object)
Acuaria.Editor.MultiAquariumSetup:Dump (UnityEngine.Transform,int) (at Assets/_Acuaria/Editor/MultiAquariumSetup.cs:83)
Acuaria.Editor.MultiAquariumSetup:Dump (UnityEngine.Transform,int) (at Assets/_Acuaria/Editor/MultiAquariumSetup.cs:85)
Acuaria.Editor.MultiAquariumSetup:Dump (UnityEngine.Transform,int) (at Assets/_Acuaria/Editor/MultiAquariumSetup.cs:85)
Acuaria.Editor.MultiAquariumSetup:Dump (UnityEngine.Transform,int) (at Assets/_Acuaria/Editor/MultiAquariumSetup.cs:85)
Acuaria.Editor.MultiAquariumSetup:Dump (UnityEngine.Transform,int) (at Assets/_Acuaria/Editor/MultiAquariumSetup.cs:85)
Acuaria.Editor.MultiAquariumSetup:Dump (UnityEngine.Transform,int) (at Assets/_Acuaria/Editor/MultiAquariumSetup.cs:85)
Acuaria.Editor.MultiAquariumSetup:DumpHierarchyFromCommandLine () (at Assets/_Acuaria/Editor/MultiAquariumSetup.cs:78)

(Filename: Assets/_Acuaria/Editor/MultiAquariumSetup.cs Line: 83)

CAROUSEL_HIERARCHY           FeedingSurfaceHighlight [Transform,SpriteRenderer]
UnityEngine.Debug:ExtractStackTraceNoAlloc (byte*,int,string)
UnityEngine.StackTraceUtility:ExtractStackTrace ()
UnityEngine.DebugLogHandler:Internal_Log (UnityEngine.LogType,UnityEngine.LogOption,string,UnityEngine.Object)
UnityEngine.DebugLogHandler:LogFormat (UnityEngine.LogType,UnityEngine.Object,string,object[])
UnityEngine.Logger:Log (UnityEngine.LogType,object)
UnityEngine.Debug:Log (object)
Acuaria.Editor.MultiAquariumSetup:Dump (UnityEngine.Transform,int) (at Assets/_Acuaria/Editor/MultiAquariumSetup.cs:83)
Acuaria.Editor.MultiAquariumSetup:Dump (UnityEngine.Transform,int) (at Assets/_Acuaria/Editor/MultiAquariumSetup.cs:85)
Acuaria.Editor.MultiAquariumSetup:Dump (UnityEngine.Transform,int) (at Assets/_Acuaria/Editor/MultiAquariumSetup.cs:85)
Acuaria.Editor.MultiAquariumSetup:Dump (UnityEngine.Transform,int) (at Assets/_Acuaria/Editor/MultiAquariumSetup.cs:85)
Acuaria.Editor.MultiAquariumSetup:Dump (UnityEngine.Transform,int) (at Assets/_Acuaria/Editor/MultiAquariumSetup.cs:85)
Acuaria.Editor.MultiAquariumSetup:Dump (UnityEngine.Transform,int) (at Assets/_Acuaria/Editor/MultiAquariumSetup.cs:85)
Acuaria.Editor.MultiAquariumSetup:DumpHierarchyFromCommandLine () (at Assets/_Acuaria/Editor/MultiAquariumSetup.cs:78)

(Filename: Assets/_Acuaria/Editor/MultiAquariumSetup.cs Line: 83)

CAROUSEL_HIERARCHY           FishPopulation [Transform,AquariumSwimArea2D,FishSpawner2D]
UnityEngine.Debug:ExtractStackTraceNoAlloc (byte*,int,string)
UnityEngine.StackTraceUtility:ExtractStackTrace ()
UnityEngine.DebugLogHandler:Internal_Log (UnityEngine.LogType,UnityEngine.LogOption,string,UnityEngine.Object)
UnityEngine.DebugLogHandler:LogFormat (UnityEngine.LogType,UnityEngine.Object,string,object[])
UnityEngine.Logger:Log (UnityEngine.LogType,object)
UnityEngine.Debug:Log (object)
Acuaria.Editor.MultiAquariumSetup:Dump (UnityEngine.Transform,int) (at Assets/_Acuaria/Editor/MultiAquariumSetup.cs:83)
Acuaria.Editor.MultiAquariumSetup:Dump (UnityEngine.Transform,int) (at Assets/_Acuaria/Editor/MultiAquariumSetup.cs:85)
Acuaria.Editor.MultiAquariumSetup:Dump (UnityEngine.Transform,int) (at Assets/_Acuaria/Editor/MultiAquariumSetup.cs:85)
Acuaria.Editor.MultiAquariumSetup:Dump (UnityEngine.Transform,int) (at Assets/_Acuaria/Editor/MultiAquariumSetup.cs:85)
Acuaria.Editor.MultiAquariumSetup:Dump (UnityEngine.Transform,int) (at Assets/_Acuaria/Editor/MultiAquariumSetup.cs:85)
Acuaria.Editor.MultiAquariumSetup:Dump (UnityEngine.Transform,int) (at Assets/_Acuaria/Editor/MultiAquariumSetup.cs:85)
Acuaria.Editor.MultiAquariumSetup:DumpHierarchyFromCommandLine () (at Assets/_Acuaria/Editor/MultiAquariumSetup.cs:78)

(Filename: Assets/_Acuaria/Editor/MultiAquariumSetup.cs Line: 83)

CAROUSEL_HIERARCHY           DecorationsRoot [Transform,AquariumDecorationArea2D,DecorationSpawner2D]
UnityEngine.Debug:ExtractStackTraceNoAlloc (byte*,int,string)
UnityEngine.StackTraceUtility:ExtractStackTrace ()
UnityEngine.DebugLogHandler:Internal_Log (UnityEngine.LogType,UnityEngine.LogOption,string,UnityEngine.Object)
UnityEngine.DebugLogHandler:LogFormat (UnityEngine.LogType,UnityEngine.Object,string,object[])
UnityEngine.Logger:Log (UnityEngine.LogType,object)
UnityEngine.Debug:Log (object)
Acuaria.Editor.MultiAquariumSetup:Dump (UnityEngine.Transform,int) (at Assets/_Acuaria/Editor/MultiAquariumSetup.cs:83)
Acuaria.Editor.MultiAquariumSetup:Dump (UnityEngine.Transform,int) (at Assets/_Acuaria/Editor/MultiAquariumSetup.cs:85)
Acuaria.Editor.MultiAquariumSetup:Dump (UnityEngine.Transform,int) (at Assets/_Acuaria/Editor/MultiAquariumSetup.cs:85)
Acuaria.Editor.MultiAquariumSetup:Dump (UnityEngine.Transform,int) (at Assets/_Acuaria/Editor/MultiAquariumSetup.cs:85)
Acuaria.Editor.MultiAquariumSetup:Dump (UnityEngine.Transform,int) (at Assets/_Acuaria/Editor/MultiAquariumSetup.cs:85)
Acuaria.Editor.MultiAquariumSetup:Dump (UnityEngine.Transform,int) (at Assets/_Acuaria/Editor/MultiAquariumSetup.cs:85)
Acuaria.Editor.MultiAquariumSetup:DumpHierarchyFromCommandLine () (at Assets/_Acuaria/Editor/MultiAquariumSetup.cs:78)

(Filename: Assets/_Acuaria/Editor/MultiAquariumSetup.cs Line: 83)

CAROUSEL_HIERARCHY             Decoration_starter-substrate [Transform,DecorationView,SpriteRenderer,BoxCollider2D]
UnityEngine.Debug:ExtractStackTraceNoAlloc (byte*,int,string)
UnityEngine.StackTraceUtility:ExtractStackTrace ()
UnityEngine.DebugLogHandler:Internal_Log (UnityEngine.LogType,UnityEngine.LogOption,string,UnityEngine.Object)
UnityEngine.DebugLogHandler:LogFormat (UnityEngine.LogType,UnityEngine.Object,string,object[])
UnityEngine.Logger:Log (UnityEngine.LogType,object)
UnityEngine.Debug:Log (object)
Acuaria.Editor.MultiAquariumSetup:Dump (UnityEngine.Transform,int) (at Assets/_Acuaria/Editor/MultiAquariumSetup.cs:83)
Acuaria.Editor.MultiAquariumSetup:Dump (UnityEngine.Transform,int) (at Assets/_Acuaria/Editor/MultiAquariumSetup.cs:85)
Acuaria.Editor.MultiAquariumSetup:Dump (UnityEngine.Transform,int) (at Assets/_Acuaria/Editor/MultiAquariumSetup.cs:85)
Acuaria.Editor.MultiAquariumSetup:Dump (UnityEngine.Transform,int) (at Assets/_Acuaria/Editor/MultiAquariumSetup.cs:85)
Acuaria.Editor.MultiAquariumSetup:Dump (UnityEngine.Transform,int) (at Assets/_Acuaria/Editor/MultiAquariumSetup.cs:85)
Acuaria.Editor.MultiAquariumSetup:Dump (UnityEngine.Transform,int) (at Assets/_Acuaria/Editor/MultiAquariumSetup.cs:85)
Acuaria.Editor.MultiAquariumSetup:Dump (UnityEngine.Transform,int) (at Assets/_Acuaria/Editor/MultiAquariumSetup.cs:85)
Acuaria.Editor.MultiAquariumSetup:DumpHierarchyFromCommandLine () (at Assets/_Acuaria/Editor/MultiAquariumSetup.cs:78)

(Filename: Assets/_Acuaria/Editor/MultiAquariumSetup.cs Line: 83)

CAROUSEL_HIERARCHY             Decoration_starter-plant-left [Transform,DecorationView,SpriteRenderer,BoxCollider2D]
UnityEngine.Debug:ExtractStackTraceNoAlloc (byte*,int,string)
UnityEngine.StackTraceUtility:ExtractStackTrace ()
UnityEngine.DebugLogHandler:Internal_Log (UnityEngine.LogType,UnityEngine.LogOption,string,UnityEngine.Object)
UnityEngine.DebugLogHandler:LogFormat (UnityEngine.LogType,UnityEngine.Object,string,object[])
UnityEngine.Logger:Log (UnityEngine.LogType,object)
UnityEngine.Debug:Log (object)
Acuaria.Editor.MultiAquariumSetup:Dump (UnityEngine.Transform,int) (at Assets/_Acuaria/Editor/MultiAquariumSetup.cs:83)
Acuaria.Editor.MultiAquariumSetup:Dump (UnityEngine.Transform,int) (at Assets/_Acuaria/Editor/MultiAquariumSetup.cs:85)
Acuaria.Editor.MultiAquariumSetup:Dump (UnityEngine.Transform,int) (at Assets/_Acuaria/Editor/MultiAquariumSetup.cs:85)
Acuaria.Editor.MultiAquariumSetup:Dump (UnityEngine.Transform,int) (at Assets/_Acuaria/Editor/MultiAquariumSetup.cs:85)
Acuaria.Editor.MultiAquariumSetup:Dump (UnityEngine.Transform,int) (at Assets/_Acuaria/Editor/MultiAquariumSetup.cs:85)
Acuaria.Editor.MultiAquariumSetup:Dump (UnityEngine.Transform,int) (at Assets/_Acuaria/Editor/MultiAquariumSetup.cs:85)
Acuaria.Editor.MultiAquariumSetup:Dump (UnityEngine.Transform,int) (at Assets/_Acuaria/Editor/MultiAquariumSetup.cs:85)
Acuaria.Editor.MultiAquariumSetup:DumpHierarchyFromCommandLine () (at Assets/_Acuaria/Editor/MultiAquariumSetup.cs:78)

(Filename: Assets/_Acuaria/Editor/MultiAquariumSetup.cs Line: 83)

CAROUSEL_HIERARCHY             Decoration_starter-plant-right [Transform,DecorationView,SpriteRenderer,BoxCollider2D]
UnityEngine.Debug:ExtractStackTraceNoAlloc (byte*,int,string)
UnityEngine.StackTraceUtility:ExtractStackTrace ()
UnityEngine.DebugLogHandler:Internal_Log (UnityEngine.LogType,UnityEngine.LogOption,string,UnityEngine.Object)
UnityEngine.DebugLogHandler:LogFormat (UnityEngine.LogType,UnityEngine.Object,string,object[])
UnityEngine.Logger:Log (UnityEngine.LogType,object)
UnityEngine.Debug:Log (object)
Acuaria.Editor.MultiAquariumSetup:Dump (UnityEngine.Transform,int) (at Assets/_Acuaria/Editor/MultiAquariumSetup.cs:83)
Acuaria.Editor.MultiAquariumSetup:Dump (UnityEngine.Transform,int) (at Assets/_Acuaria/Editor/MultiAquariumSetup.cs:85)
Acuaria.Editor.MultiAquariumSetup:Dump (UnityEngine.Transform,int) (at Assets/_Acuaria/Editor/MultiAquariumSetup.cs:85)
Acuaria.Editor.MultiAquariumSetup:Dump (UnityEngine.Transform,int) (at Assets/_Acuaria/Editor/MultiAquariumSetup.cs:85)
Acuaria.Editor.MultiAquariumSetup:Dump (UnityEngine.Transform,int) (at Assets/_Acuaria/Editor/MultiAquariumSetup.cs:85)
Acuaria.Editor.MultiAquariumSetup:Dump (UnityEngine.Transform,int) (at Assets/_Acuaria/Editor/MultiAquariumSetup.cs:85)
Acuaria.Editor.MultiAquariumSetup:Dump (UnityEngine.Transform,int) (at Assets/_Acuaria/Editor/MultiAquariumSetup.cs:85)
Acuaria.Editor.MultiAquariumSetup:DumpHierarchyFromCommandLine () (at Assets/_Acuaria/Editor/MultiAquariumSetup.cs:78)

(Filename: Assets/_Acuaria/Editor/MultiAquariumSetup.cs Line: 83)

CAROUSEL_HIERARCHY             Decoration_starter-wood [Transform,DecorationView,SpriteRenderer,BoxCollider2D]
UnityEngine.Debug:ExtractStackTraceNoAlloc (byte*,int,string)
UnityEngine.StackTraceUtility:ExtractStackTrace ()
UnityEngine.DebugLogHandler:Internal_Log (UnityEngine.LogType,UnityEngine.LogOption,string,UnityEngine.Object)
UnityEngine.DebugLogHandler:LogFormat (UnityEngine.LogType,UnityEngine.Object,string,object[])
UnityEngine.Logger:Log (UnityEngine.LogType,object)
UnityEngine.Debug:Log (object)
Acuaria.Editor.MultiAquariumSetup:Dump (UnityEngine.Transform,int) (at Assets/_Acuaria/Editor/MultiAquariumSetup.cs:83)
Acuaria.Editor.MultiAquariumSetup:Dump (UnityEngine.Transform,int) (at Assets/_Acuaria/Editor/MultiAquariumSetup.cs:85)
Acuaria.Editor.MultiAquariumSetup:Dump (UnityEngine.Transform,int) (at Assets/_Acuaria/Editor/MultiAquariumSetup.cs:85)
Acuaria.Editor.MultiAquariumSetup:Dump (UnityEngine.Transform,int) (at Assets/_Acuaria/Editor/MultiAquariumSetup.cs:85)
Acuaria.Editor.MultiAquariumSetup:Dump (UnityEngine.Transform,int) (at Assets/_Acuaria/Editor/MultiAquariumSetup.cs:85)
Acuaria.Editor.MultiAquariumSetup:Dump (UnityEngine.Transform,int) (at Assets/_Acuaria/Editor/MultiAquariumSetup.cs:85)
Acuaria.Editor.MultiAquariumSetup:Dump (UnityEngine.Transform,int) (at Assets/_Acuaria/Editor/MultiAquariumSetup.cs:85)
Acuaria.Editor.MultiAquariumSetup:DumpHierarchyFromCommandLine () (at Assets/_Acuaria/Editor/MultiAquariumSetup.cs:78)

(Filename: Assets/_Acuaria/Editor/MultiAquariumSetup.cs Line: 83)

CAROUSEL_HIERARCHY             Decoration_starter-rock [Transform,DecorationView,SpriteRenderer,BoxCollider2D]
UnityEngine.Debug:ExtractStackTraceNoAlloc (byte*,int,string)
UnityEngine.StackTraceUtility:ExtractStackTrace ()
UnityEngine.DebugLogHandler:Internal_Log (UnityEngine.LogType,UnityEngine.LogOption,string,UnityEngine.Object)
UnityEngine.DebugLogHandler:LogFormat (UnityEngine.LogType,UnityEngine.Object,string,object[])
UnityEngine.Logger:Log (UnityEngine.LogType,object)
UnityEngine.Debug:Log (object)
Acuaria.Editor.MultiAquariumSetup:Dump (UnityEngine.Transform,int) (at Assets/_Acuaria/Editor/MultiAquariumSetup.cs:83)
Acuaria.Editor.MultiAquariumSetup:Dump (UnityEngine.Transform,int) (at Assets/_Acuaria/Editor/MultiAquariumSetup.cs:85)
Acuaria.Editor.MultiAquariumSetup:Dump (UnityEngine.Transform,int) (at Assets/_Acuaria/Editor/MultiAquariumSetup.cs:85)
Acuaria.Editor.MultiAquariumSetup:Dump (UnityEngine.Transform,int) (at Assets/_Acuaria/Editor/MultiAquariumSetup.cs:85)
Acuaria.Editor.MultiAquariumSetup:Dump (UnityEngine.Transform,int) (at Assets/_Acuaria/Editor/MultiAquariumSetup.cs:85)
Acuaria.Editor.MultiAquariumSetup:Dump (UnityEngine.Transform,int) (at Assets/_Acuaria/Editor/MultiAquariumSetup.cs:85)
Acuaria.Editor.MultiAquariumSetup:Dump (UnityEngine.Transform,int) (at Assets/_Acuaria/Editor/MultiAquariumSetup.cs:85)
Acuaria.Editor.MultiAquariumSetup:DumpHierarchyFromCommandLine () (at Assets/_Acuaria/Editor/MultiAquariumSetup.cs:78)

(Filename: Assets/_Acuaria/Editor/MultiAquariumSetup.cs Line: 83)

CAROUSEL_HIERARCHY             Decoration_starter-cave [Transform,DecorationView,SpriteRenderer,BoxCollider2D]
UnityEngine.Debug:ExtractStackTraceNoAlloc (byte*,int,string)
UnityEngine.StackTraceUtility:ExtractStackTrace ()
UnityEngine.DebugLogHandler:Internal_Log (UnityEngine.LogType,UnityEngine.LogOption,string,UnityEngine.Object)
UnityEngine.DebugLogHandler:LogFormat (UnityEngine.LogType,UnityEngine.Object,string,object[])
UnityEngine.Logger:Log (UnityEngine.LogType,object)
UnityEngine.Debug:Log (object)
Acuaria.Editor.MultiAquariumSetup:Dump (UnityEngine.Transform,int) (at Assets/_Acuaria/Editor/MultiAquariumSetup.cs:83)
Acuaria.Editor.MultiAquariumSetup:Dump (UnityEngine.Transform,int) (at Assets/_Acuaria/Editor/MultiAquariumSetup.cs:85)
Acuaria.Editor.MultiAquariumSetup:Dump (UnityEngine.Transform,int) (at Assets/_Acuaria/Editor/MultiAquariumSetup.cs:85)
Acuaria.Editor.MultiAquariumSetup:Dump (UnityEngine.Transform,int) (at Assets/_Acuaria/Editor/MultiAquariumSetup.cs:85)
Acuaria.Editor.MultiAquariumSetup:Dump (UnityEngine.Transform,int) (at Assets/_Acuaria/Editor/MultiAquariumSetup.cs:85)
Acuaria.Editor.MultiAquariumSetup:Dump (UnityEngine.Transform,int) (at Assets/_Acuaria/Editor/MultiAquariumSetup.cs:85)
Acuaria.Editor.MultiAquariumSetup:Dump (UnityEngine.Transform,int) (at Assets/_Acuaria/Editor/MultiAquariumSetup.cs:85)
Acuaria.Editor.MultiAquariumSetup:DumpHierarchyFromCommandLine () (at Assets/_Acuaria/Editor/MultiAquariumSetup.cs:78)

(Filename: Assets/_Acuaria/Editor/MultiAquariumSetup.cs Line: 83)

CAROUSEL_HIERARCHY             DecorationSelectionVisual [Transform,DecorationSelectionVisual,LineRenderer]
UnityEngine.Debug:ExtractStackTraceNoAlloc (byte*,int,string)
UnityEngine.StackTraceUtility:ExtractStackTrace ()
UnityEngine.DebugLogHandler:Internal_Log (UnityEngine.LogType,UnityEngine.LogOption,string,UnityEngine.Object)
UnityEngine.DebugLogHandler:LogFormat (UnityEngine.LogType,UnityEngine.Object,string,object[])
UnityEngine.Logger:Log (UnityEngine.LogType,object)
UnityEngine.Debug:Log (object)
Acuaria.Editor.MultiAquariumSetup:Dump (UnityEngine.Transform,int) (at Assets/_Acuaria/Editor/MultiAquariumSetup.cs:83)
Acuaria.Editor.MultiAquariumSetup:Dump (UnityEngine.Transform,int) (at Assets/_Acuaria/Editor/MultiAquariumSetup.cs:85)
Acuaria.Editor.MultiAquariumSetup:Dump (UnityEngine.Transform,int) (at Assets/_Acuaria/Editor/MultiAquariumSetup.cs:85)
Acuaria.Editor.MultiAquariumSetup:Dump (UnityEngine.Transform,int) (at Assets/_Acuaria/Editor/MultiAquariumSetup.cs:85)
Acuaria.Editor.MultiAquariumSetup:Dump (UnityEngine.Transform,int) (at Assets/_Acuaria/Editor/MultiAquariumSetup.cs:85)
Acuaria.Editor.MultiAquariumSetup:Dump (UnityEngine.Transform,int) (at Assets/_Acuaria/Editor/MultiAquariumSetup.cs:85)
Acuaria.Editor.MultiAquariumSetup:Dump (UnityEngine.Transform,int) (at Assets/_Acuaria/Editor/MultiAquariumSetup.cs:85)
Acuaria.Editor.MultiAquariumSetup:DumpHierarchyFromCommandLine () (at Assets/_Acuaria/Editor/MultiAquariumSetup.cs:78)

(Filename: Assets/_Acuaria/Editor/MultiAquariumSetup.cs Line: 83)

CAROUSEL_HIERARCHY     AquariumSlot_03 [Transform,AquariumSlotView]
UnityEngine.Debug:ExtractStackTraceNoAlloc (byte*,int,string)
UnityEngine.StackTraceUtility:ExtractStackTrace ()
UnityEngine.DebugLogHandler:Internal_Log (UnityEngine.LogType,UnityEngine.LogOption,string,UnityEngine.Object)
UnityEngine.DebugLogHandler:LogFormat (UnityEngine.LogType,UnityEngine.Object,string,object[])
UnityEngine.Logger:Log (UnityEngine.LogType,object)
UnityEngine.Debug:Log (object)
Acuaria.Editor.MultiAquariumSetup:Dump (UnityEngine.Transform,int) (at Assets/_Acuaria/Editor/MultiAquariumSetup.cs:83)
Acuaria.Editor.MultiAquariumSetup:Dump (UnityEngine.Transform,int) (at Assets/_Acuaria/Editor/MultiAquariumSetup.cs:85)
Acuaria.Editor.MultiAquariumSetup:Dump (UnityEngine.Transform,int) (at Assets/_Acuaria/Editor/MultiAquariumSetup.cs:85)
Acuaria.Editor.MultiAquariumSetup:DumpHierarchyFromCommandLine () (at Assets/_Acuaria/Editor/MultiAquariumSetup.cs:78)

(Filename: Assets/_Acuaria/Editor/MultiAquariumSetup.cs Line: 83)

CAROUSEL_HIERARCHY       SlotShadow [Transform,SpriteRenderer]
UnityEngine.Debug:ExtractStackTraceNoAlloc (byte*,int,string)
UnityEngine.StackTraceUtility:ExtractStackTrace ()
UnityEngine.DebugLogHandler:Internal_Log (UnityEngine.LogType,UnityEngine.LogOption,string,UnityEngine.Object)
UnityEngine.DebugLogHandler:LogFormat (UnityEngine.LogType,UnityEngine.Object,string,object[])
UnityEngine.Logger:Log (UnityEngine.LogType,object)
UnityEngine.Debug:Log (object)
Acuaria.Editor.MultiAquariumSetup:Dump (UnityEngine.Transform,int) (at Assets/_Acuaria/Editor/MultiAquariumSetup.cs:83)
Acuaria.Editor.MultiAquariumSetup:Dump (UnityEngine.Transform,int) (at Assets/_Acuaria/Editor/MultiAquariumSetup.cs:85)
Acuaria.Editor.MultiAquariumSetup:Dump (UnityEngine.Transform,int) (at Assets/_Acuaria/Editor/MultiAquariumSetup.cs:85)
Acuaria.Editor.MultiAquariumSetup:Dump (UnityEngine.Transform,int) (at Assets/_Acuaria/Editor/MultiAquariumSetup.cs:85)
Acuaria.Editor.MultiAquariumSetup:DumpHierarchyFromCommandLine () (at Assets/_Acuaria/Editor/MultiAquariumSetup.cs:78)

(Filename: Assets/_Acuaria/Editor/MultiAquariumSetup.cs Line: 83)

CAROUSEL_HIERARCHY       ReservedSpace [Transform,SpriteRenderer]
UnityEngine.Debug:ExtractStackTraceNoAlloc (byte*,int,string)
UnityEngine.StackTraceUtility:ExtractStackTrace ()
UnityEngine.DebugLogHandler:Internal_Log (UnityEngine.LogType,UnityEngine.LogOption,string,UnityEngine.Object)
UnityEngine.DebugLogHandler:LogFormat (UnityEngine.LogType,UnityEngine.Object,string,object[])
UnityEngine.Logger:Log (UnityEngine.LogType,object)
UnityEngine.Debug:Log (object)
Acuaria.Editor.MultiAquariumSetup:Dump (UnityEngine.Transform,int) (at Assets/_Acuaria/Editor/MultiAquariumSetup.cs:83)
Acuaria.Editor.MultiAquariumSetup:Dump (UnityEngine.Transform,int) (at Assets/_Acuaria/Editor/MultiAquariumSetup.cs:85)
Acuaria.Editor.MultiAquariumSetup:Dump (UnityEngine.Transform,int) (at Assets/_Acuaria/Editor/MultiAquariumSetup.cs:85)
Acuaria.Editor.MultiAquariumSetup:Dump (UnityEngine.Transform,int) (at Assets/_Acuaria/Editor/MultiAquariumSetup.cs:85)
Acuaria.Editor.MultiAquariumSetup:DumpHierarchyFromCommandLine () (at Assets/_Acuaria/Editor/MultiAquariumSetup.cs:78)

(Filename: Assets/_Acuaria/Editor/MultiAquariumSetup.cs Line: 83)

CAROUSEL_HIERARCHY       ReservedInner [Transform,SpriteRenderer]
UnityEngine.Debug:ExtractStackTraceNoAlloc (byte*,int,string)
UnityEngine.StackTraceUtility:ExtractStackTrace ()
UnityEngine.DebugLogHandler:Internal_Log (UnityEngine.LogType,UnityEngine.LogOption,string,UnityEngine.Object)
UnityEngine.DebugLogHandler:LogFormat (UnityEngine.LogType,UnityEngine.Object,string,object[])
UnityEngine.Logger:Log (UnityEngine.LogType,object)
UnityEngine.Debug:Log (object)
Acuaria.Editor.MultiAquariumSetup:Dump (UnityEngine.Transform,int) (at Assets/_Acuaria/Editor/MultiAquariumSetup.cs:83)
Acuaria.Editor.MultiAquariumSetup:Dump (UnityEngine.Transform,int) (at Assets/_Acuaria/Editor/MultiAquariumSetup.cs:85)
Acuaria.Editor.MultiAquariumSetup:Dump (UnityEngine.Transform,int) (at Assets/_Acuaria/Editor/MultiAquariumSetup.cs:85)
Acuaria.Editor.MultiAquariumSetup:Dump (UnityEngine.Transform,int) (at Assets/_Acuaria/Editor/MultiAquariumSetup.cs:85)
Acuaria.Editor.MultiAquariumSetup:DumpHierarchyFromCommandLine () (at Assets/_Acuaria/Editor/MultiAquariumSetup.cs:78)

(Filename: Assets/_Acuaria/Editor/MultiAquariumSetup.cs Line: 83)

CAROUSEL_HIERARCHY       FutureSurface [Transform,SpriteRenderer]
UnityEngine.Debug:ExtractStackTraceNoAlloc (byte*,int,string)
UnityEngine.StackTraceUtility:ExtractStackTrace ()
UnityEngine.DebugLogHandler:Internal_Log (UnityEngine.LogType,UnityEngine.LogOption,string,UnityEngine.Object)
UnityEngine.DebugLogHandler:LogFormat (UnityEngine.LogType,UnityEngine.Object,string,object[])
UnityEngine.Logger:Log (UnityEngine.LogType,object)
UnityEngine.Debug:Log (object)
Acuaria.Editor.MultiAquariumSetup:Dump (UnityEngine.Transform,int) (at Assets/_Acuaria/Editor/MultiAquariumSetup.cs:83)
Acuaria.Editor.MultiAquariumSetup:Dump (UnityEngine.Transform,int) (at Assets/_Acuaria/Editor/MultiAquariumSetup.cs:85)
Acuaria.Editor.MultiAquariumSetup:Dump (UnityEngine.Transform,int) (at Assets/_Acuaria/Editor/MultiAquariumSetup.cs:85)
Acuaria.Editor.MultiAquariumSetup:Dump (UnityEngine.Transform,int) (at Assets/_Acuaria/Editor/MultiAquariumSetup.cs:85)
Acuaria.Editor.MultiAquariumSetup:DumpHierarchyFromCommandLine () (at Assets/_Acuaria/Editor/MultiAquariumSetup.cs:78)

(Filename: Assets/_Acuaria/Editor/MultiAquariumSetup.cs Line: 83)

CAROUSEL_HIERARCHY       PreparedBase [Transform,SpriteRenderer]
UnityEngine.Debug:ExtractStackTraceNoAlloc (byte*,int,string)
UnityEngine.StackTraceUtility:ExtractStackTrace ()
UnityEngine.DebugLogHandler:Internal_Log (UnityEngine.LogType,UnityEngine.LogOption,string,UnityEngine.Object)
UnityEngine.DebugLogHandler:LogFormat (UnityEngine.LogType,UnityEngine.Object,string,object[])
UnityEngine.Logger:Log (UnityEngine.LogType,object)
UnityEngine.Debug:Log (object)
Acuaria.Editor.MultiAquariumSetup:Dump (UnityEngine.Transform,int) (at Assets/_Acuaria/Editor/MultiAquariumSetup.cs:83)
Acuaria.Editor.MultiAquariumSetup:Dump (UnityEngine.Transform,int) (at Assets/_Acuaria/Editor/MultiAquariumSetup.cs:85)
Acuaria.Editor.MultiAquariumSetup:Dump (UnityEngine.Transform,int) (at Assets/_Acuaria/Editor/MultiAquariumSetup.cs:85)
Acuaria.Editor.MultiAquariumSetup:Dump (UnityEngine.Transform,int) (at Assets/_Acuaria/Editor/MultiAquariumSetup.cs:85)
Acuaria.Editor.MultiAquariumSetup:DumpHierarchyFromCommandLine () (at Assets/_Acuaria/Editor/MultiAquariumSetup.cs:78)

(Filename: Assets/_Acuaria/Editor/MultiAquariumSetup.cs Line: 83)

CAROUSEL_HIERARCHY       Content [Transform]
UnityEngine.Debug:ExtractStackTraceNoAlloc (byte*,int,string)
UnityEngine.StackTraceUtility:ExtractStackTrace ()
UnityEngine.DebugLogHandler:Internal_Log (UnityEngine.LogType,UnityEngine.LogOption,string,UnityEngine.Object)
UnityEngine.DebugLogHandler:LogFormat (UnityEngine.LogType,UnityEngine.Object,string,object[])
UnityEngine.Logger:Log (UnityEngine.LogType,object)
UnityEngine.Debug:Log (object)
Acuaria.Editor.MultiAquariumSetup:Dump (UnityEngine.Transform,int) (at Assets/_Acuaria/Editor/MultiAquariumSetup.cs:83)
Acuaria.Editor.MultiAquariumSetup:Dump (UnityEngine.Transform,int) (at Assets/_Acuaria/Editor/MultiAquariumSetup.cs:85)
Acuaria.Editor.MultiAquariumSetup:Dump (UnityEngine.Transform,int) (at Assets/_Acuaria/Editor/MultiAquariumSetup.cs:85)
Acuaria.Editor.MultiAquariumSetup:Dump (UnityEngine.Transform,int) (at Assets/_Acuaria/Editor/MultiAquariumSetup.cs:85)
Acuaria.Editor.MultiAquariumSetup:DumpHierarchyFromCommandLine () (at Assets/_Acuaria/Editor/MultiAquariumSetup.cs:78)

(Filename: Assets/_Acuaria/Editor/MultiAquariumSetup.cs Line: 83)

MonoPathRemapper: Attempts to remap: 61796; Successful remaps: 14
Serialized file version minimum: 23, current 23
Killing ADB server in 2.067952 seconds.
Importing 'GUID: 0000000000000000b000000000000000 - Path: ProjectSettings/EditorBuildSettings.asset' with importer (LibraryAssetImporter)
Imported 'GUID: 0000000000000000b000000000000000' -> (Import Result ID: 'ab38d3c1ee2e670b3b71763973fd1564') in 0.007 seconds [static dependencies only]. Details - ImportResultOutputID=4647dd083cfc32cebcd7526e8846440c DependenciesID=db2987a6cc7106f2a48c879b621a975d StaticDependenciesID=91e149f2aa4c34dafa10c26d076b89c5 
Refreshing native plugins compatible for Editor in 7.95 ms, found 7 plugins.
Asset Pipeline Refresh (id=b1355a1de6abd79479ee6bc00a0fe855): Total: 0.237 seconds - Initiated by StopAssetImportingV2(NoUpdateAssetOptions)
[Physics::Module] Cleanup current backend.
[Physics::Module] Id: 0xf2b8ea05
Input System module state changed to: ShutdownInProgress.
Input Polling Thread exited.
Input System module state changed to: Shutdown.
[Licensing::IpcConnector] LicenseClient-ricar-notifications channel disconnected successfully.
[Licensing::IpcConnector] LicenseClient-ricar channel disconnected successfully.
AcceleratorClientConnectionCallback - disconnected - :0
Cleanup mono
CodeReloadManager destroyed
