[Licensing::Module] Trying to connect to existing licensing client channel...
Built from '6000.5/staging' branch; Version is '6000.5.5f1 (d16e074b49fd) revision 13725191'; Using compiler version '194234433'; Build Type 'Release'
[Licensing::IpcConnector] Successfully connected to: "LicenseClient-ricar" at "2026-07-26T04:55:31.0706752Z"
OS: 'Windows 11  (10.0.26200) Core' Language: 'en' Physical Memory: 16072 MB
BatchMode: 1, IsHumanControllingUs: 0, StartBugReporterOnCrash: 0, Is64bit: 1
System  architecture: x64
Process architecture: x64
Date: 2026-07-26T04:55:31Z
[Licensing::Client] Code 10 while verifying Licensing Client signature (process Id: 12380, path: "C:/Program Files/Unity/Hub/Editor/6000.5.5f1/Editor/Data/Resources/Licensing/Client/Unity.Licensing.Client.exe")
[Licensing::Module] LicensingClient has failed validation; ignoring
[Licensing::Client] Handshaking with LicensingClient:
  Version:                 1.18.1+9fbee8e
  Session Id:              2db04c501c5441baa2128cde4d9c6a32
  Correlation Id:          e911505450ca2ff2d116383f863a0e9f
  External correlation Id: 2246282098928922715
  Machine Id:              PsyIwg9UeoYFEqYf3zM0m1TS6rM=
[Licensing::Module] Successfully connected to LicensingClient on channel: "LicenseClient-ricar" (connect: 0.00s, validation: 0.00s, handshake: 0.02s)
[Licensing::IpcConnector] Successfully connected to: "LicenseClient-ricar-notifications" at "2026-07-26T04:55:31.0931406Z"
[Licensing::Module] Error: Access token is unavailable; failed to update
[Licensing::Client] Successfully resolved entitlement details
[Licensing::Module] License group:
  Id: 4674233397729-UnityPersXXXX
  Product: Unity Personal
  Type: Assigned
  Expiration: Unlimited
[Licensing::Client] Successfully updated license, isAsync: True, time: 0.00
[Licensing::Client] Successfully resolved entitlement details
[Licensing::Module] Licensing Background thread has ended after 0.03s

COMMAND LINE ARGUMENTS:
C:\Program Files\Unity\Hub\Editor\6000.5.5f1\Editor\Unity.exe
-batchmode
-nographics
-quit
-projectPath
C:\Users\ricar\Documents\github\acuaria\Acuaria
-executeMethod
Acuaria.Editor.HabitatContentSetup.ConfigureFromCommandLine
-logFile
C:\Users\ricar\Documents\github\acuaria\Acuaria\habitat-setup.log
Successfully changed project path to: C:\Users\ricar\Documents\github\acuaria\Acuaria
C:/Users/ricar/Documents/github/acuaria/Acuaria
[UnityMemory] Configuration Parameters - Can be set up in boot.config
    "memorysetup-temp-allocator-size-gi-baking-worker=262144"
    "memorysetup-temp-allocator-size-gi-baking-worker=262144"
    "memorysetup-temp-allocator-size-gi-baking-worker=262144"
    "memorysetup-temp-allocator-size-gi-baking-worker=262144"
    "memorysetup-temp-allocator-size-gi-baking-worker=262144"
    "memorysetup-temp-allocator-size-nav-mesh-worker=65536"
    "memorysetup-temp-allocator-size-audio-worker=65536"
    "memorysetup-temp-allocator-size-cloud-worker=32768"
    "memorysetup-temp-allocator-size-gfx=262144"
    "memorysetup-temp-allocator-size-preload-manager=33554432"
    "memorysetup-allocator-temp-initial-block-size-main=262144"
    "memorysetup-allocator-temp-initial-block-size-worker=262144"
    "memorysetup-temp-allocator-size-job-worker=262144"
    "memorysetup-temp-allocator-size-background-worker=32768"
    "memorysetup-bucket-allocator-granularity=16"
    "memorysetup-bucket-allocator-bucket-count=8"
    "memorysetup-bucket-allocator-block-size=33554432"
    "memorysetup-bucket-allocator-block-count=8"
    "memorysetup-main-allocator-block-size=16777216"
    "memorysetup-thread-allocator-block-size=16777216"
    "memorysetup-main-allocator-mimalloc-enabled=0"
    "memorysetup-gfx-main-allocator-block-size=16777216"
    "memorysetup-gfx-thread-allocator-block-size=16777216"
    "memorysetup-cache-allocator-block-size=4194304"
    "memorysetup-typetree-allocator-block-size=2097152"
    "memorysetup-profiler-bucket-allocator-granularity=16"
    "memorysetup-profiler-bucket-allocator-bucket-count=8"
    "memorysetup-profiler-bucket-allocator-block-size=33554432"
    "memorysetup-profiler-bucket-allocator-block-count=8"
    "memorysetup-profiler-allocator-block-size=16777216"
    "memorysetup-profiler-editor-allocator-block-size=1048576"
    "memorysetup-temp-allocator-size-main=16777216"
    "memorysetup-job-temp-allocator-block-size=2097152"
    "memorysetup-job-temp-allocator-block-size-background=1048576"
    "memorysetup-job-temp-allocator-reduction-small-platforms=262144"
Logging is directed to a specific file, skipping project log.Player connection [35280]  Target information:

Player connection [35280]  * "[IP] 192.168.1.3 [Port] 55504 [Flags] 2 [Guid] 1195558803 [EditorId] 1195558803 [Version] 1048832 [Id] WindowsEditor(7,Alienware) [Debug] 1 [PackageName] WindowsEditor [ProjectName] Editor" 

Player connection [35280] Host joined multi-casting on [225.0.0.222:54997]...
Player connection [35280] Host joined alternative multi-casting on [225.0.0.222:34997]...
Input System module state changed to: Initialized.
[Physics::Module] Initialized fallback backend.
[Physics::Module] Id: 0xdecafbad
[Package Manager] Connected to IPC stream "Upm-34372" after 0.2 seconds.
[Licensing::Client] Successfully resolved entitlement details
Library Redirect Path: Library/
[Physics::Module] Selected backend.
[Physics::Module] Name: PhysX
[Physics::Module] Id: 0xf2b8ea05
[Physics::Module] SDK Version: 4.1.2
[Physics::Module] Integration Version: 1.0.0
[Physics::Module] Threading Mode: Multi-Threaded
Active build profile path: `Assets/Settings/Build Profiles/Android™.asset`
Got setting from build profile YAML, name `m_BuildSubtarget`, value `0`
[Licensing::Client] Successfully resolved entitlement details
Got setting from build profile YAML, name `m_BuildTarget`, value `13`
Got setting from build profile YAML, name `m_Subtarget`, value `0`
Initialize engine version: 6000.5.5f1 (d16e074b49fd)
[Subsystems] Discovering subsystems at path C:/Program Files/Unity/Hub/Editor/6000.5.5f1/Editor/Data/Resources/UnitySubsystems
[Subsystems] Discovering subsystems at path C:/Users/ricar/Documents/github/acuaria/Acuaria/Assets
Forcing GfxDevice: Null
GfxDevice: creating device client; kGfxThreadingModeNonThreaded
NullGfxDevice:
    Version:  NULL 1.0 [1.0]
    Renderer: Null Device
    Vendor:   Unity Technologies
Got setting from build profile YAML, name `m_BuildSubtarget`, value `0`
Shader Hidden/ChartRasterizerHardware is not supported: GPU does not support conservative rasterization
Got setting from build profile YAML, name `m_BuildSubtarget`, value `0`
Got setting from build profile YAML, name `m_BuildSubtarget`, value `0`
Initialize mono
Mono path[0] = 'C:/Program Files/Unity/Hub/Editor/6000.5.5f1/Editor/Data/Managed'
Mono path[1] = 'C:/Program Files/Unity/Hub/Editor/6000.5.5f1/Editor/Data/BCLExtensions/runtime/netstandard2.1'
Mono path[2] = 'C:/Program Files/Unity/Hub/Editor/6000.5.5f1/Editor/Data/MonoBleedingEdge/lib/mono/unityjit-win32'
Mono config path = 'C:/Program Files/Unity/Hub/Editor/6000.5.5f1/Editor/Data/MonoBleedingEdge/etc'
Using monoOptions --debugger-agent=transport=dt_socket,embedding=1,server=y,suspend=n,address=127.0.0.1:56372
CodeReloadManager initialized
ImportWorker Server TCP listen port: 0
AcceleratorClientConnectionCallback - disconnected - :0
Got setting from build profile YAML, name `m_BuildSubtarget`, value `0`
Got setting from build profile YAML, name `m_BuildSubtarget`, value `0`
Begin MonoManager ReloadAssembly
Registering precompiled unity dll's ...
Register platform support module: C:/Program Files/Unity/Hub/Editor/6000.5.5f1/Editor/Data/PlaybackEngines/WebGLSupport/UnityEditor.WebGL.Extensions.dll
Register platform support module: C:/Program Files/Unity/Hub/Editor/6000.5.5f1/Editor/Data/PlaybackEngines/WindowsStandaloneSupport/UnityEditor.WindowsStandalone.Extensions.dll
Register platform support module: C:/Program Files/Unity/Hub/Editor/6000.5.5f1/Editor/Data/PlaybackEngines/AndroidPlayer/UnityEditor.Android.Extensions.dll
[Licensing::Client] Successfully resolved entitlement details
Register platform support module: C:/Program Files/Unity/Hub/Editor/6000.5.5f1/Editor/Data/PlaybackEngines/iOSSupport/UnityEditor.iOS.Extensions.dll
Registered in 0.003859 seconds.
Got setting from build profile YAML, name `m_BuildSubtarget`, value `0`
Got setting from build profile YAML, name `m_BuildSubtarget`, value `0`
Got setting from build profile YAML, name `m_BuildSubtarget`, value `0`
Got setting from build profile YAML, name `m_BuildSubtarget`, value `0`
Native extension for iOS target not found
Native extension for Android target not found
Native extension for WindowsStandalone target not found
Native extension for WebGL target not found
Package Manager log level set to [2]
ScheduleIndexationOnStartup MainProcess:False IndexOnStartup:True
Mono: successfully reloaded assembly
- Finished resetting the current domain, in  0.331 seconds
Domain Reload Profiling: 799ms
	BeginReloadAssembly (127ms)
		CreateAndSetChildDomain (20ms)
	RebuildCommonClasses (5ms)
	RebuildNativeTypeToScriptingClass (15ms)
	initialDomainReloadingComplete (53ms)
	LoadAllAssembliesAndSetupDomain (267ms)
		LoadAssemblies (106ms)
		AnalyzeDomain (195ms)
			TypeCache.Refresh (194ms)
				TypeCache.ScanAssembly (181ms)
	FinalizeReload (332ms)
		SetupLoadedEditorAssemblies (0ms)
			InitializePlatformSupportModulesInManaged (10ms)
			BeforeProcessingInitializeOnLoad (78ms)
			ProcessInitializeOnLoadAttributes (79ms)
			ProcessInitializeOnLoadMethodAttributes (98ms)
[Licensing::Client] Successfully resolved entitlement details
[Licensing::Client] Successfully resolved entitlement details
Application.AssetDatabase Initial Refresh Start
[Package Manager] Restoring resolved packages state from cache
[Licensing::Client] Successfully resolved entitlement details
[Package Manager] Registered 74 packages:
  Packages from [https://packages.unity.com]:
    com.unity.2d.animation@15.1.0 (location: C:\Users\ricar\Documents\github\acuaria\Acuaria\Library\PackageCache\com.unity.2d.animation@6d5a363ae647)
    com.unity.2d.aseprite@5.0.3 (location: C:\Users\ricar\Documents\github\acuaria\Acuaria\Library\PackageCache\com.unity.2d.aseprite@d13865913efa)
    com.unity.2d.psdimporter@14.0.3 (location: C:\Users\ricar\Documents\github\acuaria\Acuaria\Library\PackageCache\com.unity.2d.psdimporter@5d82044f9e43)
    com.unity.2d.spriteshape@15.0.3 (location: C:\Users\ricar\Documents\github\acuaria\Acuaria\Library\PackageCache\com.unity.2d.spriteshape@fcb7ec61a58b)
    com.unity.2d.tilemap.extras@8.0.3 (location: C:\Users\ricar\Documents\github\acuaria\Acuaria\Library\PackageCache\com.unity.2d.tilemap.extras@a80140457adc)
    com.unity.2d.tooling@3.0.1 (location: C:\Users\ricar\Documents\github\acuaria\Acuaria\Library\PackageCache\com.unity.2d.tooling@6f06ffb033c0)
    com.unity.ai.assistant@2.16.0-pre.1 (location: C:\Users\ricar\Documents\github\acuaria\Acuaria\Library\PackageCache\com.unity.ai.assistant@9f93b51e80a8)
    com.unity.ai.inference@2.6.1 (location: C:\Users\ricar\Documents\github\acuaria\Acuaria\Library\PackageCache\com.unity.ai.inference@9a123aee5df7)
    com.unity.collab-proxy@2.13.3 (location: C:\Users\ricar\Documents\github\acuaria\Acuaria\Library\PackageCache\com.unity.collab-proxy@4f3be89e8675)
    com.unity.ide.rider@3.0.38 (location: C:\Users\ricar\Documents\github\acuaria\Acuaria\Library\PackageCache\com.unity.ide.rider@1f60b3138684)
    com.unity.ide.visualstudio@2.0.26 (location: C:\Users\ricar\Documents\github\acuaria\Acuaria\Library\PackageCache\com.unity.ide.visualstudio@a99d56dec63f)
    com.unity.inputsystem@1.19.0 (location: C:\Users\ricar\Documents\github\acuaria\Acuaria\Library\PackageCache\com.unity.inputsystem@21a28c3a6c83)
    com.unity.microsoft.gdk@1.7.0 (location: C:\Users\ricar\Documents\github\acuaria\Acuaria\Library\PackageCache\com.unity.microsoft.gdk@3b45a9994164)
    com.unity.microsoft.gdk.tools@1.7.0 (location: C:\Users\ricar\Documents\github\acuaria\Acuaria\Library\PackageCache\com.unity.microsoft.gdk.tools@d61763b7f228)
    com.unity.purchasing@5.4.2 (location: C:\Users\ricar\Documents\github\acuaria\Acuaria\Library\PackageCache\com.unity.purchasing@290a16a9a099)
    com.unity.timeline@1.8.12 (location: C:\Users\ricar\Documents\github\acuaria\Acuaria\Library\PackageCache\com.unity.timeline@8cd8509afae5)
    com.unity.visualscripting@1.9.11 (location: C:\Users\ricar\Documents\github\acuaria\Acuaria\Library\PackageCache\com.unity.visualscripting@8bed5ad90189)
    com.unity.services.core@1.18.0 (location: C:\Users\ricar\Documents\github\acuaria\Acuaria\Library\PackageCache\com.unity.services.core@3464cb68d709)
    com.unity.microsoft.gdk.discovery@1.3.0 (location: C:\Users\ricar\Documents\github\acuaria\Acuaria\Library\PackageCache\com.unity.microsoft.gdk.discovery@9c2d1c88cf7f)
    com.unity.burst@1.8.29 (location: C:\Users\ricar\Documents\github\acuaria\Acuaria\Library\PackageCache\com.unity.burst@6bb9aca3ef38)
    com.unity.dt.app-ui@2.1.7 (location: C:\Users\ricar\Documents\github\acuaria\Acuaria\Library\PackageCache\com.unity.dt.app-ui@b097002a00c2)
    com.unity.nuget.newtonsoft-json@3.2.2 (location: C:\Users\ricar\Documents\github\acuaria\Acuaria\Library\PackageCache\com.unity.nuget.newtonsoft-json@4dfd81071c64)
    com.unity.nuget.mono-cecil@1.11.6 (location: C:\Users\ricar\Documents\github\acuaria\Acuaria\Library\PackageCache\com.unity.nuget.mono-cecil@ecb9724e46ff)
    com.unity.2d.common@14.0.1 (location: C:\Users\ricar\Documents\github\acuaria\Acuaria\Library\PackageCache\com.unity.2d.common@73badf92ba8b)
    com.unity.searcher@4.9.4 (location: C:\Users\ricar\Documents\github\acuaria\Acuaria\Library\PackageCache\com.unity.searcher@d45a78918735)
    com.unity.test-framework.performance@3.5.0 (location: C:\Users\ricar\Documents\github\acuaria\Acuaria\Library\PackageCache\com.unity.test-framework.performance@8b56083ec0f0)
  Built-in packages:
    com.unity.2d.sprite@1.0.0 (location: C:\Users\ricar\Documents\github\acuaria\Acuaria\Library\PackageCache\com.unity.2d.sprite@053a968eab56)
    com.unity.2d.tilemap@1.0.0 (location: C:\Users\ricar\Documents\github\acuaria\Acuaria\Library\PackageCache\com.unity.2d.tilemap@b959501fd678)
    com.unity.multiplayer.center@1.0.1 (location: C:\Users\ricar\Documents\github\acuaria\Acuaria\Library\PackageCache\com.unity.multiplayer.center@b860850997d0)
    com.unity.render-pipelines.universal@17.5.0 (location: C:\Users\ricar\Documents\github\acuaria\Acuaria\Library\PackageCache\com.unity.render-pipelines.universal@040461d037aa)
    com.unity.test-framework@1.7.0 (location: C:\Users\ricar\Documents\github\acuaria\Acuaria\Library\PackageCache\com.unity.test-framework@1405238725ab)
    com.unity.ugui@2.5.0 (location: C:\Users\ricar\Documents\github\acuaria\Acuaria\Library\PackageCache\com.unity.ugui@f2d87ebaaa32)
    com.unity.modules.accessibility@1.0.0 (location: C:\Users\ricar\Documents\github\acuaria\Acuaria\Library\PackageCache\com.unity.modules.accessibility)
    com.unity.modules.adaptiveperformance@1.0.0 (location: C:\Users\ricar\Documents\github\acuaria\Acuaria\Library\PackageCache\com.unity.modules.adaptiveperformance)
    com.unity.modules.ai@1.0.0 (location: C:\Users\ricar\Documents\github\acuaria\Acuaria\Library\PackageCache\com.unity.modules.ai)
    com.unity.modules.androidjni@1.0.0 (location: C:\Users\ricar\Documents\github\acuaria\Acuaria\Library\PackageCache\com.unity.modules.androidjni)
    com.unity.modules.animation@1.0.0 (location: C:\Users\ricar\Documents\github\acuaria\Acuaria\Library\PackageCache\com.unity.modules.animation)
    com.unity.modules.assetbundle@1.0.0 (location: C:\Users\ricar\Documents\github\acuaria\Acuaria\Library\PackageCache\com.unity.modules.assetbundle)
    com.unity.modules.audio@1.0.0 (location: C:\Users\ricar\Documents\github\acuaria\Acuaria\Library\PackageCache\com.unity.modules.audio)
    com.unity.modules.cloth@1.0.0 (location: C:\Users\ricar\Documents\github\acuaria\Acuaria\Library\PackageCache\com.unity.modules.cloth)
    com.unity.modules.director@1.0.0 (location: C:\Users\ricar\Documents\github\acuaria\Acuaria\Library\PackageCache\com.unity.modules.director)
    com.unity.modules.imageconversion@1.0.0 (location: C:\Users\ricar\Documents\github\acuaria\Acuaria\Library\PackageCache\com.unity.modules.imageconversion)
    com.unity.modules.imgui@1.0.0 (location: C:\Users\ricar\Documents\github\acuaria\Acuaria\Library\PackageCache\com.unity.modules.imgui)
    com.unity.modules.jsonserialize@1.0.0 (location: C:\Users\ricar\Documents\github\acuaria\Acuaria\Library\PackageCache\com.unity.modules.jsonserialize)
    com.unity.modules.particlesystem@1.0.0 (location: C:\Users\ricar\Documents\github\acuaria\Acuaria\Library\PackageCache\com.unity.modules.particlesystem)
    com.unity.modules.physics@1.0.0 (location: C:\Users\ricar\Documents\github\acuaria\Acuaria\Library\PackageCache\com.unity.modules.physics)
    com.unity.modules.physics2d@1.0.0 (location: C:\Users\ricar\Documents\github\acuaria\Acuaria\Library\PackageCache\com.unity.modules.physics2d)
    com.unity.modules.physicscore2d@1.0.0 (location: C:\Users\ricar\Documents\github\acuaria\Acuaria\Library\PackageCache\com.unity.modules.physicscore2d)
    com.unity.modules.screencapture@1.0.0 (location: C:\Users\ricar\Documents\github\acuaria\Acuaria\Library\PackageCache\com.unity.modules.screencapture)
    com.unity.modules.terrain@1.0.0 (location: C:\Users\ricar\Documents\github\acuaria\Acuaria\Library\PackageCache\com.unity.modules.terrain)
    com.unity.modules.terrainphysics@1.0.0 (location: C:\Users\ricar\Documents\github\acuaria\Acuaria\Library\PackageCache\com.unity.modules.terrainphysics)
    com.unity.modules.tilemap@1.0.0 (location: C:\Users\ricar\Documents\github\acuaria\Acuaria\Library\PackageCache\com.unity.modules.tilemap)
    com.unity.modules.ui@1.0.0 (location: C:\Users\ricar\Documents\github\acuaria\Acuaria\Library\PackageCache\com.unity.modules.ui)
    com.unity.modules.uielements@1.0.0 (location: C:\Users\ricar\Documents\github\acuaria\Acuaria\Library\PackageCache\com.unity.modules.uielements)
    com.unity.modules.umbra@1.0.0 (location: C:\Users\ricar\Documents\github\acuaria\Acuaria\Library\PackageCache\com.unity.modules.umbra)
    com.unity.modules.unityanalytics@1.0.0 (location: C:\Users\ricar\Documents\github\acuaria\Acuaria\Library\PackageCache\com.unity.modules.unityanalytics)
    com.unity.modules.unitywebrequest@1.0.0 (location: C:\Users\ricar\Documents\github\acuaria\Acuaria\Library\PackageCache\com.unity.modules.unitywebrequest)
    com.unity.modules.unitywebrequestassetbundle@1.0.0 (location: C:\Users\ricar\Documents\github\acuaria\Acuaria\Library\PackageCache\com.unity.modules.unitywebrequestassetbundle)
    com.unity.modules.unitywebrequestaudio@1.0.0 (location: C:\Users\ricar\Documents\github\acuaria\Acuaria\Library\PackageCache\com.unity.modules.unitywebrequestaudio)
    com.unity.modules.unitywebrequesttexture@1.0.0 (location: C:\Users\ricar\Documents\github\acuaria\Acuaria\Library\PackageCache\com.unity.modules.unitywebrequesttexture)
    com.unity.modules.unitywebrequestwww@1.0.0 (location: C:\Users\ricar\Documents\github\acuaria\Acuaria\Library\PackageCache\com.unity.modules.unitywebrequestwww)
    com.unity.modules.vectorgraphics@1.0.0 (location: C:\Users\ricar\Documents\github\acuaria\Acuaria\Library\PackageCache\com.unity.modules.vectorgraphics)
    com.unity.modules.vehicles@1.0.0 (location: C:\Users\ricar\Documents\github\acuaria\Acuaria\Library\PackageCache\com.unity.modules.vehicles)
    com.unity.modules.video@1.0.0 (location: C:\Users\ricar\Documents\github\acuaria\Acuaria\Library\PackageCache\com.unity.modules.video)
    com.unity.modules.wind@1.0.0 (location: C:\Users\ricar\Documents\github\acuaria\Acuaria\Library\PackageCache\com.unity.modules.wind)
    com.unity.modules.xr@1.0.0 (location: C:\Users\ricar\Documents\github\acuaria\Acuaria\Library\PackageCache\com.unity.modules.xr)
    com.unity.modules.subsystems@1.0.0 (location: C:\Users\ricar\Documents\github\acuaria\Acuaria\Library\PackageCache\com.unity.modules.subsystems)
    com.unity.modules.hierarchycore@1.0.0 (location: C:\Users\ricar\Documents\github\acuaria\Acuaria\Library\PackageCache\com.unity.modules.hierarchycore)
    com.unity.ext.nunit@2.1.0 (location: C:\Users\ricar\Documents\github\acuaria\Acuaria\Library\PackageCache\com.unity.ext.nunit@44f7d31723bd)
    com.unity.render-pipelines.core@17.5.0 (location: C:\Users\ricar\Documents\github\acuaria\Acuaria\Library\PackageCache\com.unity.render-pipelines.core@b19a46951e65)
    com.unity.shadergraph@17.5.0 (location: C:\Users\ricar\Documents\github\acuaria\Acuaria\Library\PackageCache\com.unity.shadergraph@8d7376ec43ee)
    com.unity.render-pipelines.universal-config@17.5.0 (location: C:\Users\ricar\Documents\github\acuaria\Acuaria\Library\PackageCache\com.unity.render-pipelines.universal-config@fdda01c80fe3)
    com.unity.collections@6.5.0 (location: C:\Users\ricar\Documents\github\acuaria\Acuaria\Library\PackageCache\com.unity.collections@a43cabe808ca)
    com.unity.mathematics@1.4.0 (location: C:\Users\ricar\Documents\github\acuaria\Acuaria\Library\PackageCache\com.unity.mathematics@981956d94fb6)
[Subsystems] No new subsystems found in resolved package list.
[Package Manager] Done registering packages in 0.02 seconds
[ScriptCompilation] Requested script compilation because: AssetDatabase observed changes in script compilation related files
Refreshing native plugins compatible for Editor in 8.76 ms, found 7 plugins.
Starting: C:\Program Files\Unity\Hub\Editor\6000.5.5f1\Editor\Data\Tools\BuildPipeline\bee_backend.exe --ipc --defer-dag-verification --dagfile="Library/Bee/1300b0aE.dag" --continue-on-failure --profile="Library/Bee/backend1.traceevents" ScriptAssemblies
WorkingDir: C:/Users/ricar/Documents/github/acuaria/Acuaria
DisplayProgressbar: Compiling Scripts
ExitCode: 0 Duration: 3s194ms
[1643/2211  0s] ILPP-Configuration Library/ilpp-configuration.nevergeneratedoutput
[2175/2211  0s] Csc Library/Bee/artifacts/1300b0aE.dag/Acuaria.Fish.dll (+2 others)
[2176/2211  0s] Csc Library/Bee/artifacts/1300b0aE.dag/Acuaria.Aquarium.dll (+2 others)
[2177/2211  0s] Csc Library/Bee/artifacts/1300b0aE.dag/Acuaria.Feeding.EditModeTests.dll (+2 others)
[2178/2211  0s] Csc Library/Bee/artifacts/1300b0aE.dag/Acuaria.Fish.EditModeTests.dll (+2 others)
[2179/2211  0s] ILPostProcess Library/Bee/artifacts/1300b0aE.dag/post-processed/Acuaria.Fish.dll (+pdb)
Processing assembly Library/Bee/artifacts/1300b0aE.dag/Acuaria.Fish.dll, with 151 defines and 305 references

processors: Unity.Jobs.CodeGen.JobsILPostProcessor, zzzUnity.Burst.CodeGen.BurstILPostProcessor

running Unity.Jobs.CodeGen.JobsILPostProcessor

running zzzUnity.Burst.CodeGen.BurstILPostProcessor
[2180/2211  0s] CopyFiles Library/ScriptAssemblies/Acuaria.Fish.pdb
[2181/2211  0s] ILPostProcess Library/Bee/artifacts/1300b0aE.dag/post-processed/Acuaria.Aquarium.dll (+pdb)
Processing assembly Library/Bee/artifacts/1300b0aE.dag/Acuaria.Aquarium.dll, with 151 defines and 305 references

processors: Unity.Jobs.CodeGen.JobsILPostProcessor, zzzUnity.Burst.CodeGen.BurstILPostProcessor

running Unity.Jobs.CodeGen.JobsILPostProcessor

running zzzUnity.Burst.CodeGen.BurstILPostProcessor
[2182/2211  0s] ILPostProcess Library/Bee/artifacts/1300b0aE.dag/post-processed/Acuaria.Feeding.EditModeTests.dll (+pdb)
Processing assembly Library/Bee/artifacts/1300b0aE.dag/Acuaria.Feeding.EditModeTests.dll, with 149 defines and 300 references

processors: Unity.Jobs.CodeGen.JobsILPostProcessor, zzzUnity.Burst.CodeGen.BurstILPostProcessor

running Unity.Jobs.CodeGen.JobsILPostProcessor

running zzzUnity.Burst.CodeGen.BurstILPostProcessor
[2183/2211  0s] CopyFiles Library/ScriptAssemblies/Acuaria.Aquarium.pdb
[2184/2211  0s] CopyFiles Library/ScriptAssemblies/Acuaria.Feeding.EditModeTests.pdb
[2185/2211  0s] CopyFiles Library/ScriptAssemblies/Acuaria.Feeding.EditModeTests.dll
[2186/2211  0s] ILPostProcess Library/Bee/artifacts/1300b0aE.dag/post-processed/Acuaria.Fish.EditModeTests.dll (+pdb)
Processing assembly Library/Bee/artifacts/1300b0aE.dag/Acuaria.Fish.EditModeTests.dll, with 149 defines and 300 references

processors: Unity.Jobs.CodeGen.JobsILPostProcessor, zzzUnity.Burst.CodeGen.BurstILPostProcessor

running Unity.Jobs.CodeGen.JobsILPostProcessor

running zzzUnity.Burst.CodeGen.BurstILPostProcessor
[2187/2211  0s] CopyFiles Library/ScriptAssemblies/Acuaria.Aquarium.dll
[2188/2211  0s] CopyFiles Library/ScriptAssemblies/Acuaria.Fish.EditModeTests.pdb
[2189/2211  0s] Csc Library/Bee/artifacts/1300b0aE.dag/Acuaria.UI.dll (+2 others)
[2190/2211  0s] CopyFiles Library/ScriptAssemblies/Acuaria.Fish.EditModeTests.dll
[2191/2211  0s] CopyFiles Library/ScriptAssemblies/Acuaria.Fish.dll
[2192/2211  0s] Csc Library/Bee/artifacts/1300b0aE.dag/Acuaria.Room.dll (+2 others)
[2193/2211  0s] Csc Library/Bee/artifacts/1300b0aE.dag/Acuaria.Aquarium.EditModeTests.dll (+2 others)
[2194/2211  0s] Csc Library/Bee/artifacts/1300b0aE.dag/Acuaria.Room.EditModeTests.dll (+2 others)
[2195/2211  0s] ILPostProcess Library/Bee/artifacts/1300b0aE.dag/post-processed/Acuaria.Room.dll (+pdb)
Processing assembly Library/Bee/artifacts/1300b0aE.dag/Acuaria.Room.dll, with 151 defines and 306 references

processors: Unity.Jobs.CodeGen.JobsILPostProcessor, zzzUnity.Burst.CodeGen.BurstILPostProcessor

running Unity.Jobs.CodeGen.JobsILPostProcessor

running zzzUnity.Burst.CodeGen.BurstILPostProcessor
[2196/2211  0s] ILPostProcess Library/Bee/artifacts/1300b0aE.dag/post-processed/Acuaria.UI.dll (+pdb)
Processing assembly Library/Bee/artifacts/1300b0aE.dag/Acuaria.UI.dll, with 151 defines and 309 references

processors: Unity.Jobs.CodeGen.JobsILPostProcessor, zzzUnity.Burst.CodeGen.BurstILPostProcessor

running Unity.Jobs.CodeGen.JobsILPostProcessor

running zzzUnity.Burst.CodeGen.BurstILPostProcessor
[2197/2211  0s] CopyFiles Library/ScriptAssemblies/Acuaria.Room.pdb
[2198/2211  0s] CopyFiles Library/ScriptAssemblies/Acuaria.UI.pdb
[2199/2211  0s] CopyFiles Library/ScriptAssemblies/Acuaria.Room.dll
[2200/2211  0s] ILPostProcess Library/Bee/artifacts/1300b0aE.dag/post-processed/Acuaria.Room.EditModeTests.dll (+pdb)
Processing assembly Library/Bee/artifacts/1300b0aE.dag/Acuaria.Room.EditModeTests.dll, with 149 defines and 299 references

processors: Unity.Jobs.CodeGen.JobsILPostProcessor, zzzUnity.Burst.CodeGen.BurstILPostProcessor

running Unity.Jobs.CodeGen.JobsILPostProcessor

running zzzUnity.Burst.CodeGen.BurstILPostProcessor
[2201/2211  0s] ILPostProcess Library/Bee/artifacts/1300b0aE.dag/post-processed/Acuaria.Aquarium.EditModeTests.dll (+pdb)
Processing assembly Library/Bee/artifacts/1300b0aE.dag/Acuaria.Aquarium.EditModeTests.dll, with 149 defines and 304 references

processors: Unity.Jobs.CodeGen.JobsILPostProcessor, zzzUnity.Burst.CodeGen.BurstILPostProcessor

running Unity.Jobs.CodeGen.JobsILPostProcessor

running zzzUnity.Burst.CodeGen.BurstILPostProcessor
[2202/2211  0s] CopyFiles Library/ScriptAssemblies/Acuaria.Room.EditModeTests.pdb
[2203/2211  0s] CopyFiles Library/ScriptAssemblies/Acuaria.Aquarium.EditModeTests.pdb
[2204/2211  0s] Csc Library/Bee/artifacts/1300b0aE.dag/Acuaria.Editor.dll (+2 others)
[2205/2211  0s] CopyFiles Library/ScriptAssemblies/Acuaria.Room.EditModeTests.dll
[2206/2211  0s] CopyFiles Library/ScriptAssemblies/Acuaria.UI.dll
[2207/2211  0s] CopyFiles Library/ScriptAssemblies/Acuaria.Aquarium.EditModeTests.dll
[2208/2211  0s] ILPostProcess Library/Bee/artifacts/1300b0aE.dag/post-processed/Acuaria.Editor.dll (+pdb)
Processing assembly Library/Bee/artifacts/1300b0aE.dag/Acuaria.Editor.dll, with 149 defines and 327 references

processors: Unity.Jobs.CodeGen.JobsILPostProcessor, zzzUnity.Burst.CodeGen.BurstILPostProcessor

running Unity.Jobs.CodeGen.JobsILPostProcessor

running zzzUnity.Burst.CodeGen.BurstILPostProcessor
[2209/2211  0s] CopyFiles Library/ScriptAssemblies/Acuaria.Editor.pdb
[2210/2211  0s] CopyFiles Library/ScriptAssemblies/Acuaria.Editor.dll
*** Tundra build success (3.16 seconds), 37 items updated, 2211 evaluated
Total cache size 268179504
Total cache size after purge 268179504, took 00:00:00.3198385
AssetDatabase: script compilation time: 5.834730s
Begin MonoManager ReloadAssembly
Importing 'GUID: b6500a593f25bb74d8dbb75b4f329cbe - Path: Assets/_Acuaria/Scripts/Aquarium/Decorations' with importer (DefaultImporter)
Imported 'GUID: b6500a593f25bb74d8dbb75b4f329cbe' -> (Import Result ID: '0fdf6d2a9a9c13ecf5f119bbcf0c3c54') in 0.035 seconds [static dependencies only]. Details - ImportResultOutputID=89903f534d6ab8b5ad440e9ddb667041 DependenciesID=a41db0974491249dd45fd30ba4663b9c StaticDependenciesID=23ee2240df606b5670a2fe4fe9e8f07c 
Importing 'GUID: 78a81ca4061bfe84bafd108db0a2bd13 - Path: Assets/_Acuaria/Scripts/UI/Habitat' with importer (DefaultImporter)
Imported 'GUID: 78a81ca4061bfe84bafd108db0a2bd13' -> (Import Result ID: '6dbf36d9710a7e9c60947d8ae9d0431b') in 0.020 seconds [static dependencies only]. Details - ImportResultOutputID=0e993e2305697fa4d58324a9cbb293ee DependenciesID=beb318833776a4261c88456e310dc349 StaticDependenciesID=188afad7e4adc93435fe06bdc45ea26b 
Refreshing native plugins compatible for Editor in 7.20 ms, found 7 plugins.
Native extension for iOS target not found
Native extension for Android target not found
Native extension for WindowsStandalone target not found
Native extension for WebGL target not found
Refreshing native plugins compatible for Editor in 6.92 ms, found 7 plugins.
[Licensing::Client] Successfully resolved entitlement details
[Licensing::Client] Successfully resolved entitlement details
Refreshing native plugins compatible for Editor in 7.40 ms, found 7 plugins.
[ScriptCompilation] Requested script compilation because: Define symbols changed
[Licensing::Client] Error: Code 404 while processing request (status: Found 0 entitlement groups and 0 free entitlements matching requested entitlement ids)
[Licensing::Client] Error: Code 404 while processing request (status: Found 0 entitlement groups and 0 free entitlements matching requested entitlement ids)
[Licensing::Client] Error: Code 404 while processing request (status: Found 0 entitlement groups and 0 free entitlements matching requested entitlement ids)
ScheduleIndexationOnStartup MainProcess:True IndexOnStartup:True
Mono: successfully reloaded assembly
- Finished resetting the current domain, in  7.271 seconds
Domain Reload Profiling: 11066ms
	BeginReloadAssembly (193ms)
		DisableScriptedObjects (22ms)
		CreateAndSetChildDomain (45ms)
	RebuildCommonClasses (8ms)
	RebuildNativeTypeToScriptingClass (14ms)
	initialDomainReloadingComplete (85ms)
	LoadAllAssembliesAndSetupDomain (3494ms)
		LoadAssemblies (2938ms)
		AnalyzeDomain (491ms)
			TypeCache.Refresh (361ms)
				TypeCache.ScanAssembly (338ms)
			BuildScriptInfoCaches (121ms)
			ResolveRequiredComponents (7ms)
	FinalizeReload (7272ms)
		SetupLoadedEditorAssemblies (0ms)
			InitializePlatformSupportModulesInManaged (9ms)
			BeforeProcessingInitializeOnLoad (117ms)
			ProcessInitializeOnLoadAttributes (5912ms)
			ProcessInitializeOnLoadMethodAttributes (1022ms)
			AfterProcessingInitializeOnLoad (3ms)
		AwakeInstancesAfterBackupRestoration (26ms)
Starting: C:\Program Files\Unity\Hub\Editor\6000.5.5f1\Editor\Data\Tools\BuildPipeline\bee_backend.exe --ipc --defer-dag-verification --dagfile="Library/Bee/1300b0aE.dag" --continue-on-failure --profile="Library/Bee/backend1.traceevents" ScriptAssemblies
WorkingDir: C:/Users/ricar/Documents/github/acuaria/Acuaria
ExitCode: 4 Duration: 0s473ms
[1652/2211  0s] ILPP-Configuration Library/ilpp-configuration.nevergeneratedoutput
Rebuilding DAG because FileSignature timestamp changed: Library/Bee/1300b0aE-inputdata.json
*** Tundra requires additional run (0.44 seconds), 1 items updated, 2211 evaluated
Starting: C:\Program Files\Unity\Hub\Editor\6000.5.5f1\Editor\Data\netcorerun\netcorerun.exe "C:\Program Files\Unity\Hub\Editor\6000.5.5f1\Editor\Data\Tools\BuildPipeline\ScriptCompilationBuildProgram.exe" "Library/Bee/1300b0aE.dag.json" "Library/Bee/1300b0aE-inputdata.json" "Library\Bee\buildprogram0.traceevents"
WorkingDir: C:/Users/ricar/Documents/github/acuaria/Acuaria
ExitCode: 0 Duration: 2s826ms
Starting: C:\Program Files\Unity\Hub\Editor\6000.5.5f1\Editor\Data\Tools\BuildPipeline\bee_backend.exe --ipc --defer-dag-verification --dagfile="Library/Bee/1300b0aE.dag" --continue-on-failure --dagfilejson="Library\Bee\1300b0aE.dag.json" --profile="Library/Bee/backend2.traceevents" ScriptAssemblies
WorkingDir: C:/Users/ricar/Documents/github/acuaria/Acuaria
ExitCode: 0 Duration: 9s671ms
Finished compiling graph: 2215 nodes, 49101 flattened edges (40817 ToBuild, 384 ToUse), maximum node priority 2539
[ 276/2211  0s] WriteText Library/Bee/artifacts/1300b0aE.dag/UnityEditor.TestRunner.rsp
[ 291/2211  0s] WriteText Library/Bee/artifacts/1300b0aE.dag/Unity.AI.Toolkit.Async.rsp
[ 295/2211  0s] WriteText Library/Bee/artifacts/1300b0aE.dag/Unity.AI.Toolkit.Utility.rsp
[ 297/2211  0s] WriteText Library/Bee/artifacts/1300b0aE.dag/UnityEditor.UI.rsp
[ 298/2211  0s] WriteText Library/Bee/artifacts/1300b0aE.dag/UnityEngine.TestRunner.rsp
[ 306/2211  0s] WriteText Library/Bee/artifacts/1300b0aE.dag/Unity.Collections.CodeGen.rsp
[ 310/2211  0s] WriteText Library/Bee/artifacts/1300b0aE.dag/Unity.AI.Generators.IO.Srp.rsp
[ 312/2211  0s] WriteText Library/Bee/artifacts/1300b0aE.dag/Unity.Collections.rsp
[ 317/2211  0s] WriteText Library/Bee/artifacts/1300b0aE.dag/Unity.Mathematics.rsp
[ 318/2211  0s] WriteText Library/Bee/artifacts/1300b0aE.dag/Unity.InputSystem.rsp
[ 323/2211  0s] WriteText Library/Bee/artifacts/1300b0aE.dag/Unity.Services.Core.rsp
[ 330/2211  0s] WriteText Library/Bee/artifacts/1300b0aE.dag/Unity.AI.Generators.Redux.rsp
[ 331/2211  0s] WriteText Library/Bee/artifacts/1300b0aE.dag/Unity.AI.Toolkit.Compliance.rsp
[ 332/2211  0s] WriteText Library/Bee/artifacts/1300b0aE.dag/Unity.AI.Tracing.rsp
[ 343/2211  0s] WriteText Library/Bee/artifacts/1300b0aE.dag/Unity.AI.Generators.Asset.rsp
[ 344/2211  0s] WriteText Library/Bee/artifacts/1300b0aE.dag/Unity.Services.Core.Internal.rsp
[ 347/2211  0s] WriteText Library/Bee/artifacts/1300b0aE.dag/Unity.Burst.rsp
[ 348/2211  0s] WriteText Library/Bee/artifacts/1300b0aE.dag/Unity.UnifiedRayTracing.Runtime.rsp
[ 350/2211  0s] WriteText Library/Bee/artifacts/1300b0aE.dag/Unity.RenderPipelines.Core.Runtime.rsp
[ 355/2211  0s] WriteText Library/Bee/artifacts/1300b0aE.dag/Unity.2D.Sprite.Editor.rsp
[ 358/2211  0s] WriteText Library/Bee/artifacts/1300b0aE.dag/Unity.Services.Core.Environments.rsp
[ 362/2211  0s] WriteText Library/Bee/artifacts/1300b0aE.dag/Unity.AI.Generators.IO.rsp
[ 364/2211  0s] WriteText Library/Bee/artifacts/1300b0aE.dag/Unity.InternalAPIEngineBridge.RenderPipelines.Core.Runtime.Shared.rsp
[ 365/2211  0s] WriteText Library/Bee/artifacts/1300b0aE.dag/Unity.AI.Assistant.Runtime.rsp
[ 376/2211  0s] WriteText Library/Bee/artifacts/1300b0aE.dag/Unity.AI.Assistant.Agent.Dynamic.Extension.Editor.rsp
[ 379/2211  0s] WriteText Library/Bee/artifacts/1300b0aE.dag/Unity.RenderPipelines.GPUDriven.Runtime.rsp
[ 395/2211  0s] WriteText Library/Bee/artifacts/1300b0aE.dag/UnityEngine.UI.rsp
[ 398/2211  0s] WriteText Library/Bee/artifacts/1300b0aE.dag/Unity.AI.Assistant.Bridge.Editor.rsp
[ 405/2211  0s] WriteText Library/Bee/artifacts/1300b0aE.dag/Unity.AI.Toolkit.Accounts.rsp
[ 407/2211  0s] WriteText Library/Bee/artifacts/1300b0aE.dag/Unity.Burst.CodeGen.rsp
[ 408/2211  0s] WriteText Library/Bee/artifacts/1300b0aE.dag/Unity.RenderPipelines.Core.Runtime.Shared.rsp
[ 410/2211  0s] WriteText Library/Bee/artifacts/1300b0aE.dag/Unity.AI.Generators.Contexts.rsp
[ 411/2211  0s] WriteText Library/Bee/artifacts/1300b0aE.dag/Unity.AI.Toolkit.Asset.rsp
[ 417/2211  0s] WriteText Library/Bee/artifacts/1300b0aE.dag/Unity.PathTracing.Runtime.rsp
[ 423/2211  0s] WriteText Library/Bee/artifacts/1300b0aE.dag/Unity.Purchasing.Utilities.rsp
[ 428/2211  0s] WriteText Library/Bee/artifacts/1300b0aE.dag/Unity.AI.Assistant.Editor.rsp
[ 431/2211  0s] WriteText Library/Bee/artifacts/1300b0aE.dag/Unity.Purchasing.SecurityCore.rsp
[ 432/2211  0s] WriteText Library/Bee/artifacts/1300b0aE.dag/Unity.RenderPipeline.Universal.ShaderLibrary.rsp
[ 433/2211  0s] WriteText Library/Bee/artifacts/1300b0aE.dag/Unity.SurfaceCache.Runtime.rsp
[ 452/2211  0s] WriteText Library/Bee/artifacts/1300b0aE.dag/Unity.RenderPipelines.Universal.Config.Runtime.rsp
[ 453/2211  0s] WriteText Library/Bee/artifacts/1300b0aE.dag/Unity.2D.Common.Runtime.rsp
[ 454/2211  0s] WriteText Library/Bee/artifacts/1300b0aE.dag/Unity.AI.Generators.UI.rsp
[ 456/2211  0s] WriteText Library/Bee/artifacts/1300b0aE.dag/Unity.InferenceEngine.rsp
[ 458/2211  0s] WriteText Library/Bee/artifacts/1300b0aE.dag/Unity.AI.Generators.Sdk.rsp
[ 459/2211  0s] WriteText Library/Bee/artifacts/1300b0aE.dag/Unity.VisualScripting.Core.rsp
[ 461/2211  0s] WriteText Library/Bee/artifacts/1300b0aE.dag/Unity.AppUI.InternalAPIBridge.rsp
[ 463/2211  0s] WriteText Library/Bee/artifacts/1300b0aE.dag/Unity.InternalAPIEngineBridge.001.rsp
[ 470/2211  0s] WriteText Library/Bee/artifacts/1300b0aE.dag/Acuaria.Core.rsp
[ 472/2211  0s] WriteText Library/Bee/artifacts/1300b0aE.dag/Unity.Microsoft.GDK.rsp
[ 478/2211  0s] WriteText Library/Bee/artifacts/1300b0aE.dag/Unity.RenderPipelines.Universal.Runtime.rsp
[ 485/2211  0s] WriteText Library/Bee/artifacts/1300b0aE.dag/Unity.Purchasing.PaymentProviderService.rsp
[ 490/2211  0s] WriteText Library/Bee/artifacts/1300b0aE.dag/Unity.Purchasing.SecurityStub.rsp
[ 501/2211  0s] WriteText Library/Bee/artifacts/1300b0aE.dag/Unity.Purchasing.WebshopService.rsp
[ 511/2211  0s] WriteText Library/Bee/artifacts/1300b0aE.dag/Unity.Purchasing.LiveContentAdapterService.rsp
[ 513/2211  0s] WriteText Library/Bee/artifacts/1300b0aE.dag/HFDownloader.rsp
[ 515/2211  0s] WriteText Library/Bee/artifacts/1300b0aE.dag/Unity.AI.ModelSelector.rsp
[ 518/2211  0s] WriteText Library/Bee/artifacts/1300b0aE.dag/Unity.AI.Toolkit.GenerationContextMenu.rsp
[ 525/2211  0s] WriteText Library/Bee/artifacts/1300b0aE.dag/Acuaria.Simulation.rsp
[ 526/2211  0s] WriteText Library/Bee/artifacts/1300b0aE.dag/Unity.AI.Generators.UI.AIDropdownIntegrations.rsp
[ 527/2211  0s] WriteText Library/Bee/artifacts/1300b0aE.dag/Acuaria.Food.rsp
[ 529/2211  0s] WriteText Library/Bee/artifacts/1300b0aE.dag/Unity.AI.Search.Editor.rsp
[ 530/2211  0s] WriteText Library/Bee/artifacts/1300b0aE.dag/Unity.InternalAPIEngineBridge.004.rsp
[ 531/2211  0s] WriteText Library/Bee/artifacts/1300b0aE.dag/Unity.AI.Toolkit.GenerationObjectPicker.rsp
[ 536/2211  0s] WriteText Library/Bee/artifacts/1300b0aE.dag/Unity.Purchasing.rsp
[ 541/2211  0s] WriteText Library/Bee/artifacts/1300b0aE.dag/Unity.AppUI.rsp
[ 544/2211  0s] WriteText Library/Bee/artifacts/1300b0aE.dag/Unity.Services.Core.Configuration.rsp
[ 545/2211  0s] WriteText Library/Bee/artifacts/1300b0aE.dag/Unity.Services.Core.Telemetry.rsp
[ 546/2211  0s] WriteText Library/Bee/artifacts/1300b0aE.dag/Unity.InternalAPIEngineBridge.RenderPipelines.Core.Editor.rsp
[ 547/2211  0s] WriteText Library/Bee/artifacts/1300b0aE.dag/Unity.VisualScripting.Flow.rsp
[ 557/2211  0s] WriteText Library/Bee/artifacts/1300b0aE.dag/Unity.Services.Core.Scheduler.rsp
[ 578/2211  0s] WriteText Library/Bee/artifacts/1300b0aE.dag/Unity.2D.Animation.Runtime.rsp
[ 579/2211  0s] WriteText Library/Bee/artifacts/1300b0aE.dag/Unity.PathTracing.Editor.rsp
[ 581/2211  0s] WriteText Library/Bee/artifacts/1300b0aE.dag/Unity.Services.Core.Device.rsp
[ 583/2211  0s] WriteText Library/Bee/artifacts/1300b0aE.dag/Unity.Services.Core.Environments.Internal.rsp
[ 584/2211  0s] WriteText Library/Bee/artifacts/1300b0aE.dag/Unity.Services.Core.Threading.rsp
[ 586/2211  0s] WriteText Library/Bee/artifacts/1300b0aE.dag/Unity.AI.Pbr.Srp.rsp
[ 587/2211  0s] WriteText Library/Bee/artifacts/1300b0aE.dag/Unity.AI.Animate.Motion.Runtime.rsp
[ 588/2211  0s] WriteText Library/Bee/artifacts/1300b0aE.dag/Unity.VisualScripting.Core.Editor.rsp
[ 591/2211  0s] WriteText Library/Bee/artifacts/1300b0aE.dag/Unity.AI.Assistant.Tools.Editor.rsp
[ 593/2211  0s] WriteText Library/Bee/artifacts/1300b0aE.dag/Acuaria.Fish.rsp
[ 594/2211  0s] WriteText Library/Bee/artifacts/1300b0aE.dag/Unity.TextMeshPro.rsp
[ 596/2211  0s] WriteText Library/Bee/artifacts/1300b0aE.dag/Unity.AI.Assistant.Annotations.Editor.rsp
[ 599/2211  0s] WriteText Library/Bee/artifacts/1300b0aE.dag/Unity.InternalAPIEditorBridge.001.rsp
[ 605/2211  0s] WriteText Library/Bee/artifacts/1300b0aE.dag/Unity.Purchasing.Stores.XboxCloudServices.rsp
[ 606/2211  0s] WriteText Library/Bee/artifacts/1300b0aE.dag/Unity.2D.SpriteShape.Runtime.rsp
[ 607/2211  0s] WriteText Library/Bee/artifacts/1300b0aE.dag/Unity.Services.Core.Configuration.Editor.rsp
[ 617/2211  0s] WriteText Library/Bee/artifacts/1300b0aE.dag/Unity.Purchasing.AppleMacosStub.rsp
[ 660/2211  0s] WriteText Library/Bee/artifacts/1300b0aE.dag/Unity.2D.Common.Editor.rsp
[ 661/2211  0s] WriteText Library/Bee/artifacts/1300b0aE.dag/Unity.Services.Core.Registration.rsp
[ 662/2211  0s] WriteText Library/Bee/artifacts/1300b0aE.dag/Unity.Services.Core.Components.rsp
[ 663/2211  0s] WriteText Library/Bee/artifacts/1300b0aE.dag/Unity.Purchasing.AppleStub.rsp
[ 664/2211  0s] WriteText Library/Bee/artifacts/1300b0aE.dag/Unity.Services.Core.Networking.rsp
[ 665/2211  0s] WriteText Library/Bee/artifacts/1300b0aE.dag/Unity.AI.Image.rsp
[ 679/2211  0s] WriteText Library/Bee/artifacts/1300b0aE.dag/Unity.AI.Mesh.rsp
[ 684/2211  0s] WriteText Library/Bee/artifacts/1300b0aE.dag/Unity.AI.Pbr.rsp
[ 685/2211  0s] WriteText Library/Bee/artifacts/1300b0aE.dag/Unity.AI.Animate.rsp
[ 687/2211  0s] WriteText Library/Bee/artifacts/1300b0aE.dag/Unity.AI.Sound.rsp
[ 688/2211  0s] WriteText Library/Bee/artifacts/1300b0aE.dag/Unity.RenderPipelines.Core.Editor.rsp
[ 689/2211  0s] WriteText Library/Bee/artifacts/1300b0aE.dag/Unity.2D.Tilemap.Editor.rsp
[ 690/2211  0s] WriteText Library/Bee/artifacts/1300b0aE.dag/Unity.VisualScripting.State.rsp
[ 691/2211  0s] WriteText Library/Bee/artifacts/1300b0aE.dag/Unity.VisualScripting.Flow.Editor.rsp
[ 692/2211  0s] WriteText Library/Bee/artifacts/1300b0aE.dag/Acuaria.Aquarium.rsp
[ 693/2211  0s] WriteText Library/Bee/artifacts/1300b0aE.dag/Unity.ShaderGraph.Utilities.rsp
[ 694/2211  0s] WriteText Library/Bee/artifacts/1300b0aE.dag/Unity.2D.Triangulation.Runtime.rsp
[ 695/2211  0s] WriteText Library/Bee/artifacts/1300b0aE.dag/Unity.Searcher.Editor.rsp
[ 696/2211  0s] WriteText Library/Bee/artifacts/1300b0aE.dag/Unity.InternalAPIEditorBridge.ShaderGraph.Editor.rsp
[ 697/2211  0s] WriteText Library/Bee/artifacts/1300b0aE.dag/Unity.AI.Assistant.UI.Editor.rsp
[ 698/2211  0s] WriteText Library/Bee/artifacts/1300b0aE.dag/Unity.AppUI.Redux.rsp
[ 699/2211  0s] WriteText Library/Bee/artifacts/1300b0aE.dag/Unity.Services.Core.Editor.rsp
[ 701/2211  0s] WriteText Library/Bee/artifacts/1300b0aE.dag/Unity.Purchasing.Stores.rsp
[ 705/2211  0s] WriteText Library/Bee/artifacts/1300b0aE.dag/Unity.AI.Generators.Tools.rsp
[ 709/2211  0s] WriteText Library/Bee/artifacts/1300b0aE.dag/Unity.InferenceEngine.Microsoft.Msagl.rsp
[ 716/2211  0s] WriteText Library/Bee/artifacts/1300b0aE.dag/Unity.RenderPipelines.Universal.2D.Runtime.rsp
[ 755/2211  0s] WriteText Library/Bee/artifacts/1300b0aE.dag/Unity.Burst.Editor.rsp
[ 758/2211  0s] WriteText Library/Bee/artifacts/1300b0aE.dag/Unity.PlasticSCM.Editor.rsp
[ 801/2211  0s] WriteText Library/Bee/artifacts/1300b0aE.dag/Acuaria.UI.rsp
[ 816/2211  0s] WriteText Library/Bee/artifacts/1300b0aE.dag/Unity.2D.Animation.Editor.rsp
[ 820/2211  0s] WriteText Library/Bee/artifacts/1300b0aE.dag/Unity.AppUI.Editor.rsp
[ 821/2211  0s] WriteText Library/Bee/artifacts/1300b0aE.dag/Unity.2D.Common.Path.Editor.rsp
[ 831/2211  0s] WriteText Library/Bee/artifacts/1300b0aE.dag/Unity.ShaderGraph.Editor.rsp
[ 835/2211  0s] WriteText Library/Bee/artifacts/1300b0aE.dag/Unity.Microsoft.GDK.Discovery.rsp
[ 837/2211  0s] WriteText Library/Bee/artifacts/1300b0aE.dag/Unity.RenderPipelines.Core.Editor.Shared.rsp
[ 861/2211  0s] WriteText Library/Bee/artifacts/1300b0aE.dag/Unity.InferenceEngine.ONNX.Editor.rsp
[ 862/2211  0s] WriteText Library/Bee/artifacts/1300b0aE.dag/Unity.AppUI.Navigation.rsp
[ 869/2211  0s] WriteText Library/Bee/artifacts/1300b0aE.dag/Unity.AI.Assistant.API.Editor.rsp
[ 870/2211  0s] WriteText Library/Bee/artifacts/1300b0aE.dag/Unity.2D.Tilemap.Extras.rsp
[ 871/2211  0s] WriteText Library/Bee/artifacts/1300b0aE.dag/Unity.Services.Core.Environments.Editor.rsp
[ 872/2211  0s] WriteText Library/Bee/artifacts/1300b0aE.dag/Unity.PerformanceTesting.rsp
[ 873/2211  0s] WriteText Library/Bee/artifacts/1300b0aE.dag/Unity.Purchasing.Codeless.rsp
[ 876/2211  0s] WriteText Library/Bee/artifacts/1300b0aE.dag/Unity.Multiplayer.Center.Common.rsp
[ 877/2211  0s] WriteText Library/Bee/artifacts/1300b0aE.dag/Unity.Microsoft.GDK.Tools.rsp
[ 878/2211  0s] WriteText Library/Bee/artifacts/1300b0aE.dag/Unity.2D.IK.Runtime.rsp
[ 879/2211  0s] WriteText Library/Bee/artifacts/1300b0aE.dag/Unity.2D.Aseprite.Common.rsp
[ 880/2211  0s] WriteText Library/Bee/artifacts/1300b0aE.dag/Unity.AI.Assistant.AssetGenerators.Editor.rsp
[ 881/2211  0s] WriteText Library/Bee/artifacts/1300b0aE.dag/Unity.VisualScripting.State.Editor.rsp
[ 882/2211  0s] WriteText Library/Bee/artifacts/1300b0aE.dag/Unity.AI.MCP.Runtime.rsp
[ 883/2211  0s] WriteText Library/Bee/artifacts/1300b0aE.dag/Unity.InferenceEngine.Editor.Visualizer.rsp
[ 884/2211  0s] WriteText Library/Bee/artifacts/1300b0aE.dag/Unity.Timeline.rsp
[ 885/2211  0s] WriteText Library/Bee/artifacts/1300b0aE.dag/Acuaria.Room.rsp
[ 886/2211  0s] WriteText Library/Bee/artifacts/1300b0aE.dag/Acuaria.Audio.rsp
[ 888/2211  0s] WriteText Library/Bee/artifacts/1300b0aE.dag/PsdPlugin.rsp
[ 889/2211  0s] WriteText Library/Bee/artifacts/1300b0aE.dag/Unity.InferenceEngine.iOSBLAS.rsp
[ 891/2211  0s] WriteText Library/Bee/artifacts/1300b0aE.dag/Unity.AppUI.Undo.rsp
[ 892/2211  0s] WriteText Library/Bee/artifacts/1300b0aE.dag/Unity.Services.Core.Analytics.rsp
[ 893/2211  0s] WriteText Library/Bee/artifacts/1300b0aE.dag/Unity.InferenceEngine.MacBLAS.rsp
[ 894/2211  0s] WriteText Library/Bee/artifacts/1300b0aE.dag/Unity.AppUI.MVVM.rsp
[ 897/2211  0s] WriteText Library/Bee/artifacts/1300b0aE.dag/Unity.RenderPipelines.Core.ShaderLibrary.rsp
[ 898/2211  0s] WriteText Library/Bee/artifacts/1300b0aE.dag/Unity.InferenceEngine.Tokenization.rsp
[ 899/2211  0s] WriteText Library/Bee/artifacts/1300b0aE.dag/Unity.RenderPipelines.ShaderGraph.ShaderGraphLibrary.rsp
[ 900/2211  0s] WriteText Library/Bee/artifacts/1300b0aE.dag/Unity.RenderPipelines.Universal.Shaders.rsp
[ 901/2211  0s] WriteText Library/Bee/artifacts/1300b0aE.dag/Unity.VisualScripting.DocCodeExamples.rsp
[ 902/2211  0s] WriteText Library/Bee/artifacts/1300b0aE.dag/Unity.InputSystem.TestFramework.rsp
[ 903/2211  0s] WriteText Library/Bee/artifacts/1300b0aE.dag/Unity.InputSystem.ForUI.rsp
[ 904/2211  0s] WriteText Library/Bee/artifacts/1300b0aE.dag/Acuaria.Editor.rsp
[ 905/2211  0s] WriteText Library/Bee/artifacts/1300b0aE.dag/Unity.2D.SpriteShape.Editor.rsp
[ 906/2211  0s] WriteText Library/Bee/artifacts/1300b0aE.dag/Unity.VisualScripting.Shared.Editor.rsp
[ 907/2211  0s] WriteText Library/Bee/artifacts/1300b0aE.dag/UnityEditor.UI.Analytics.rsp
[ 908/2211  0s] WriteText Library/Bee/artifacts/1300b0aE.dag/Acuaria.Feeding.EditModeTests.rsp
[ 909/2211  0s] WriteText Library/Bee/artifacts/1300b0aE.dag/Unity.PlasticSCM.Editor.Assistant.rsp
[ 910/2211  0s] WriteText Library/Bee/artifacts/1300b0aE.dag/Acuaria.Fish.EditModeTests.rsp
[ 911/2211  0s] WriteText Library/Bee/artifacts/1300b0aE.dag/Unity.VisualScripting.SettingsProvider.Editor.rsp
[ 912/2211  0s] WriteText Library/Bee/artifacts/1300b0aE.dag/ScriptablePacker.rsp
[ 913/2211  0s] WriteText Library/Bee/artifacts/1300b0aE.dag/Unity.2D.IK.Editor.rsp
[ 914/2211  0s] WriteText Library/Bee/artifacts/1300b0aE.dag/IAPResolver.rsp
[ 915/2211  0s] WriteResponseFile Library/Bee/artifacts/rsp/10847175043202119228.rsp
[ 916/2211  0s] WriteResponseFile Library/Bee/artifacts/rsp/11511576601655463433.rsp
[ 917/2211  0s] WriteText Library/Bee/artifacts/1300b0aE.dag/Acuaria.Aquarium.EditModeTests.rsp
[ 918/2211  0s] WriteText Library/Bee/artifacts/1300b0aE.dag/Unity.PlasticSCM.Editor.Entities.rsp
[ 919/2211  0s] WriteResponseFile Library/Bee/artifacts/rsp/3066054297810481274.rsp
[ 920/2211  0s] WriteResponseFile Library/Bee/artifacts/rsp/14008233291151851381.rsp
[ 921/2211  0s] WriteText Library/Bee/artifacts/1300b0aE.dag/Unity.2D.Aseprite.Editor.rsp
[ 922/2211  0s] WriteText Library/Bee/artifacts/1300b0aE.dag/Acuaria.Room.EditModeTests.rsp
[ 923/2211  0s] WriteResponseFile Library/Bee/artifacts/rsp/10888462760497858608.rsp
[ 924/2211  0s] WriteResponseFile Library/Bee/artifacts/rsp/8729155220457321768.rsp
[ 925/2211  0s] WriteResponseFile Library/Bee/artifacts/rsp/15822029657000475244.rsp
[ 926/2211  0s] WriteText Library/Bee/artifacts/1300b0aE.dag/Unity.2D.Psdimporter.Editor.rsp
[ 927/2211  0s] WriteText Library/Bee/artifacts/1300b0aE.dag/Unity.AppUI.Navigation.Editor.rsp
[ 928/2211  0s] WriteResponseFile Library/Bee/artifacts/rsp/3918881700225894028.rsp
[ 929/2211  0s] WriteText Library/Bee/artifacts/1300b0aE.dag/Unity.TextMeshPro.Editor.rsp
[ 930/2211  0s] WriteResponseFile Library/Bee/artifacts/rsp/10401018711232742232.rsp
[ 931/2211  0s] WriteText Library/Bee/artifacts/1300b0aE.dag/Unity.AppUI.Redux.Editor.rsp
[ 932/2211  0s] WriteText Library/Bee/artifacts/1300b0aE.dag/Unity.InferenceEngine.Editor.rsp
[ 933/2211  0s] WriteResponseFile Library/Bee/artifacts/rsp/10592572341192533515.rsp
[ 934/2211  0s] WriteText Library/Bee/artifacts/1300b0aE.dag/Unity.AI.Assistant.Integrations.Profiler.Editor.rsp
[ 935/2211  0s] WriteText Library/Bee/artifacts/1300b0aE.dag/Unity.CollabProxy.Editor.rsp
[ 936/2211  0s] WriteText Library/Bee/artifacts/1300b0aE.dag/Unity.RenderPipelines.Universal.Editor.rsp
[ 937/2211  0s] WriteResponseFile Library/Bee/artifacts/rsp/4620269258071374037.rsp
[ 938/2211  0s] WriteResponseFile Library/Bee/artifacts/rsp/2972222868924049755.rsp
[ 939/2211  0s] WriteText Library/Bee/artifacts/1300b0aE.dag/Unity.Purchasing.Editor.Shared.rsp
[ 940/2211  0s] WriteText Library/Bee/artifacts/1300b0aE.dag/UnityEditor.Purchasing.rsp
[ 941/2211  0s] WriteText Library/Bee/artifacts/1300b0aE.dag/Unity.RenderPipelines.Universal.2D.Editor.Overrides.rsp
[ 942/2211  0s] WriteText Library/Bee/artifacts/1300b0aE.dag/Unity.Microsoft.GDK.Tools.Editor.rsp
[ 943/2211  0s] WriteText Library/Bee/artifacts/1300b0aE.dag/Unity.AI.MCP.Editor.rsp
[ 944/2211  0s] WriteResponseFile Library/Bee/artifacts/rsp/10200443812552500153.rsp
[ 945/2211  0s] WriteResponseFile Library/Bee/artifacts/rsp/13970531626928677.rsp
[ 946/2211  0s] WriteText Library/Bee/artifacts/1300b0aE.dag/Unity.PerformanceTesting.Editor.rsp
[ 947/2211  0s] WriteResponseFile Library/Bee/artifacts/rsp/16658277774183033024.rsp
[ 948/2211  0s] WriteText Library/Bee/artifacts/1300b0aE.dag/Unity.Multiplayer.Center.Editor.rsp
[ 949/2211  0s] WriteText Library/Bee/artifacts/1300b0aE.dag/Unity.Rendering.LightTransport.Editor.rsp
[ 950/2211  0s] WriteResponseFile Library/Bee/artifacts/rsp/2855630747675663083.rsp
[ 951/2211  0s] WriteText Library/Bee/artifacts/1300b0aE.dag/Unity.Microsoft.GDK.Editor.rsp
[ 952/2211  0s] WriteText Library/Bee/artifacts/1300b0aE.dag/Unity.Collections.Editor.rsp
[ 953/2211  0s] WriteResponseFile Library/Bee/artifacts/rsp/10967801669428031168.rsp
[ 954/2211  0s] WriteText Library/Bee/artifacts/1300b0aE.dag/Unity.2D.Tilemap.Extras.Editor.rsp
[ 955/2211  0s] WriteText Library/Bee/artifacts/1300b0aE.dag/Unity.Timeline.Editor.rsp
[ 956/2211  0s] WriteResponseFile Library/Bee/artifacts/rsp/289215647867572273.rsp
[ 957/2211  0s] WriteText Library/Bee/artifacts/1300b0aE.dag/Unity.2D.Tooling.Editor.rsp
[ 958/2211  0s] WriteText Library/Bee/artifacts/1300b0aE.dag/Unity.InputSystem.DocCodeSamples.rsp
[ 959/2211  0s] WriteResponseFile Library/Bee/artifacts/rsp/1091853814151126383.rsp
[ 960/2211  0s] WriteResponseFile Library/Bee/artifacts/rsp/8699098077424364950.rsp
[ 961/2211  0s] WriteResponseFile Library/Bee/artifacts/rsp/9674472618506675568.rsp
[ 962/2211  0s] WriteResponseFile Library/Bee/artifacts/rsp/13931342362222094239.rsp
[ 963/2211  0s] WriteResponseFile Library/Bee/artifacts/rsp/17426999905933582995.rsp
[ 964/2211  0s] WriteResponseFile Library/Bee/artifacts/rsp/18322172259747250364.rsp
[ 965/2211  0s] WriteResponseFile Library/Bee/artifacts/rsp/14735455890999770776.rsp
[ 966/2211  0s] WriteResponseFile Library/Bee/artifacts/rsp/1232274352515183983.rsp
[ 967/2211  0s] WriteResponseFile Library/Bee/artifacts/rsp/17965290095945148696.rsp
[ 968/2211  0s] WriteResponseFile Library/Bee/artifacts/rsp/10644712806377601794.rsp
[ 969/2211  0s] WriteResponseFile Library/Bee/artifacts/rsp/17054765073185169448.rsp
[ 970/2211  0s] WriteResponseFile Library/Bee/artifacts/rsp/2905846839826360205.rsp
[ 971/2211  0s] WriteResponseFile Library/Bee/artifacts/rsp/14336251148300618570.rsp
[ 972/2211  0s] WriteResponseFile Library/Bee/artifacts/rsp/13297483610234242277.rsp
[ 973/2211  0s] WriteResponseFile Library/Bee/artifacts/rsp/17937425688388696721.rsp
[ 974/2211  0s] WriteResponseFile Library/Bee/artifacts/rsp/6246616111965997977.rsp
[ 975/2211  0s] WriteResponseFile Library/Bee/artifacts/rsp/16931096754936575283.rsp
[ 976/2211  0s] WriteResponseFile Library/Bee/artifacts/rsp/17919085360539615284.rsp
[ 977/2211  0s] WriteResponseFile Library/Bee/artifacts/rsp/3523299737306911443.rsp
[ 978/2211  0s] WriteResponseFile Library/Bee/artifacts/rsp/17582761520220865613.rsp
[ 979/2211  0s] WriteResponseFile Library/Bee/artifacts/rsp/13316254593911903285.rsp
[ 980/2211  0s] WriteResponseFile Library/Bee/artifacts/rsp/10964915000351727870.rsp
[ 981/2211  0s] WriteResponseFile Library/Bee/artifacts/rsp/13465028941639940531.rsp
[ 982/2211  0s] WriteResponseFile Library/Bee/artifacts/rsp/10689419883888256699.rsp
[ 983/2211  0s] WriteResponseFile Library/Bee/artifacts/rsp/756283098935716355.rsp
[ 984/2211  0s] WriteResponseFile Library/Bee/artifacts/rsp/8025669161390045999.rsp
[ 985/2211  0s] WriteResponseFile Library/Bee/artifacts/rsp/233201069691048639.rsp
[ 986/2211  0s] WriteResponseFile Library/Bee/artifacts/rsp/14766417312785779109.rsp
[ 987/2211  0s] WriteResponseFile Library/Bee/artifacts/rsp/1786589184738026931.rsp
[ 988/2211  0s] WriteResponseFile Library/Bee/artifacts/rsp/13052064950939545325.rsp
[ 989/2211  0s] WriteResponseFile Library/Bee/artifacts/rsp/17757397605094907995.rsp
[ 990/2211  0s] WriteResponseFile Library/Bee/artifacts/rsp/12710470445926005868.rsp
[ 991/2211  0s] WriteResponseFile Library/Bee/artifacts/rsp/821330958919504225.rsp
[ 992/2211  0s] WriteResponseFile Library/Bee/artifacts/rsp/2536172375347383056.rsp
[ 993/2211  0s] WriteResponseFile Library/Bee/artifacts/rsp/14813072935959523708.rsp
[ 994/2211  0s] WriteResponseFile Library/Bee/artifacts/rsp/16514798858072012908.rsp
[ 995/2211  0s] WriteResponseFile Library/Bee/artifacts/rsp/14518154272557040645.rsp
[ 996/2211  0s] WriteResponseFile Library/Bee/artifacts/rsp/1611384070209416087.rsp
[ 997/2211  0s] WriteResponseFile Library/Bee/artifacts/rsp/13970281739658124476.rsp
[ 998/2211  0s] WriteResponseFile Library/Bee/artifacts/rsp/1967546141498291542.rsp
[ 999/2211  0s] WriteResponseFile Library/Bee/artifacts/rsp/5970582396690170210.rsp
[1000/2211  0s] WriteResponseFile Library/Bee/artifacts/rsp/10287777301456656091.rsp
[1001/2211  0s] WriteResponseFile Library/Bee/artifacts/rsp/3518005517008711857.rsp
[1002/2211  0s] WriteResponseFile Library/Bee/artifacts/rsp/8602017771388003798.rsp
[1003/2211  0s] WriteResponseFile Library/Bee/artifacts/rsp/8390432976022905972.rsp
[1004/2211  0s] WriteResponseFile Library/Bee/artifacts/rsp/3304792124007713917.rsp
[1005/2211  0s] WriteResponseFile Library/Bee/artifacts/rsp/14566175992678128464.rsp
[1006/2211  0s] WriteResponseFile Library/Bee/artifacts/rsp/12840568150877462251.rsp
[1007/2211  0s] WriteResponseFile Library/Bee/artifacts/rsp/4134600381621047320.rsp
[1008/2211  0s] WriteResponseFile Library/Bee/artifacts/rsp/5399499254828612244.rsp
[1009/2211  0s] WriteResponseFile Library/Bee/artifacts/rsp/13366779368918240820.rsp
[1010/2211  0s] WriteResponseFile Library/Bee/artifacts/rsp/17594018927210330302.rsp
[1011/2211  0s] WriteResponseFile Library/Bee/artifacts/rsp/3305602452097293432.rsp
[1012/2211  0s] WriteResponseFile Library/Bee/artifacts/rsp/5719315610345306174.rsp
[1013/2211  0s] WriteResponseFile Library/Bee/artifacts/rsp/9270447892738695245.rsp
[1014/2211  0s] WriteResponseFile Library/Bee/artifacts/rsp/4810742575054308455.rsp
[1015/2211  0s] WriteResponseFile Library/Bee/artifacts/rsp/10397767430618261288.rsp
[1016/2211  0s] WriteResponseFile Library/Bee/artifacts/rsp/18228123883807963745.rsp
[1017/2211  0s] WriteResponseFile Library/Bee/artifacts/rsp/7784140384620883132.rsp
[1018/2211  0s] WriteResponseFile Library/Bee/artifacts/rsp/5776278630737689099.rsp
[1019/2211  0s] WriteResponseFile Library/Bee/artifacts/rsp/12150772771903438830.rsp
[1020/2211  0s] WriteResponseFile Library/Bee/artifacts/rsp/8145176672809756954.rsp
[1021/2211  0s] WriteResponseFile Library/Bee/artifacts/rsp/8954280303315876055.rsp
[1022/2211  0s] WriteResponseFile Library/Bee/artifacts/rsp/2555272061935128905.rsp
[1023/2211  0s] WriteResponseFile Library/Bee/artifacts/rsp/18083169557732820060.rsp
[1024/2211  0s] WriteResponseFile Library/Bee/artifacts/rsp/12602977750693246875.rsp
[1025/2211  0s] WriteResponseFile Library/Bee/artifacts/rsp/5142833996368295098.rsp
[1026/2211  0s] WriteResponseFile Library/Bee/artifacts/rsp/12712424312703648640.rsp
[1027/2211  0s] WriteResponseFile Library/Bee/artifacts/rsp/703524317124109515.rsp
[1028/2211  0s] WriteResponseFile Library/Bee/artifacts/rsp/3214467445541112777.rsp
[1029/2211  0s] WriteResponseFile Library/Bee/artifacts/rsp/8552680569271405727.rsp
[1030/2211  0s] WriteResponseFile Library/Bee/artifacts/rsp/10007929651691921392.rsp
[1031/2211  0s] WriteResponseFile Library/Bee/artifacts/rsp/4485339392864604320.rsp
[1032/2211  0s] WriteResponseFile Library/Bee/artifacts/rsp/17390012628829575366.rsp
[1033/2211  0s] WriteResponseFile Library/Bee/artifacts/rsp/3303176138199151567.rsp
[1034/2211  0s] WriteResponseFile Library/Bee/artifacts/rsp/9886885378311276114.rsp
[1035/2211  0s] WriteResponseFile Library/Bee/artifacts/rsp/3067536533536696810.rsp
[1036/2211  0s] WriteResponseFile Library/Bee/artifacts/rsp/15777488915826301161.rsp
[1037/2211  0s] WriteResponseFile Library/Bee/artifacts/rsp/12303857618959198109.rsp
[1038/2211  0s] WriteResponseFile Library/Bee/artifacts/rsp/16372178809678277784.rsp
[1039/2211  0s] WriteResponseFile Library/Bee/artifacts/rsp/14435380771392905056.rsp
[1040/2211  0s] WriteResponseFile Library/Bee/artifacts/rsp/8518886007441418554.rsp
[1041/2211  0s] WriteResponseFile Library/Bee/artifacts/rsp/8987614382574014309.rsp
[1042/2211  0s] WriteResponseFile Library/Bee/artifacts/rsp/16819261352220689616.rsp
[1043/2211  0s] WriteResponseFile Library/Bee/artifacts/rsp/14537822297989447453.rsp
[1044/2211  0s] WriteResponseFile Library/Bee/artifacts/rsp/7611903119678565411.rsp
[1045/2211  0s] WriteResponseFile Library/Bee/artifacts/rsp/9044315809451091907.rsp
[1046/2211  0s] WriteResponseFile Library/Bee/artifacts/rsp/3215761544584345303.rsp
[1047/2211  0s] WriteResponseFile Library/Bee/artifacts/rsp/16600461807233704356.rsp
[1048/2211  0s] WriteResponseFile Library/Bee/artifacts/rsp/17184976507885984284.rsp
[1049/2211  0s] WriteResponseFile Library/Bee/artifacts/rsp/11793339452918001205.rsp
[1050/2211  0s] WriteResponseFile Library/Bee/artifacts/rsp/12645007640314640569.rsp
[1051/2211  0s] WriteResponseFile Library/Bee/artifacts/rsp/8789678140127604791.rsp
[1052/2211  0s] WriteResponseFile Library/Bee/artifacts/rsp/13966027777634868133.rsp
[1053/2211  0s] WriteResponseFile Library/Bee/artifacts/rsp/3374228670950888938.rsp
[1054/2211  0s] WriteResponseFile Library/Bee/artifacts/rsp/4411073217520904471.rsp
[1055/2211  0s] WriteResponseFile Library/Bee/artifacts/rsp/2575615889380309149.rsp
[1056/2211  0s] WriteResponseFile Library/Bee/artifacts/rsp/4800824698347188408.rsp
[1057/2211  0s] WriteResponseFile Library/Bee/artifacts/rsp/11902593787397624124.rsp
[1058/2211  0s] WriteResponseFile Library/Bee/artifacts/rsp/5363686920344649345.rsp
[1059/2211  0s] WriteResponseFile Library/Bee/artifacts/rsp/6442277200419780992.rsp
[1060/2211  0s] WriteResponseFile Library/Bee/artifacts/rsp/8059665266535953952.rsp
[1061/2211  0s] WriteResponseFile Library/Bee/artifacts/rsp/17772545061841082557.rsp
[1062/2211  0s] WriteResponseFile Library/Bee/artifacts/rsp/13637130960670326671.rsp
[1063/2211  0s] WriteResponseFile Library/Bee/artifacts/rsp/13802330963387790877.rsp
[1064/2211  0s] WriteResponseFile Library/Bee/artifacts/rsp/15164701745619964001.rsp
[1065/2211  0s] WriteResponseFile Library/Bee/artifacts/rsp/17619925978337972561.rsp
[1066/2211  0s] WriteResponseFile Library/Bee/artifacts/rsp/14540844418576930643.rsp
[1067/2211  0s] WriteResponseFile Library/Bee/artifacts/rsp/3525977299383787660.rsp
[1068/2211  0s] WriteResponseFile Library/Bee/artifacts/rsp/1241983690948158776.rsp
[1069/2211  0s] WriteText Library/Bee/artifacts/1300b0aE.dag/Unity.VisualStudio.Editor.rsp
[1070/2211  0s] WriteText Library/Bee/artifacts/1300b0aE.dag/Unity.Rider.Editor.rsp
[1071/2211  0s] WriteResponseFile Library/Bee/artifacts/rsp/14242374654967840925.rsp
[1072/2211  0s] WriteResponseFile Library/Bee/artifacts/rsp/9703849505939466275.rsp
[1073/2211  0s] WriteResponseFile Library/Bee/artifacts/rsp/12007407265342529191.rsp
[1074/2211  0s] WriteResponseFile Library/Bee/artifacts/rsp/15412915583102750522.rsp
[1075/2211  0s] WriteResponseFile Library/Bee/artifacts/rsp/1172049482790862315.rsp
[1076/2211  0s] WriteResponseFile Library/Bee/artifacts/rsp/10448040221652917037.rsp
[1077/2211  0s] WriteResponseFile Library/Bee/artifacts/rsp/1744295493734331085.rsp
[1078/2211  0s] WriteResponseFile Library/Bee/artifacts/rsp/9819039898477259923.rsp
[1079/2211  0s] WriteResponseFile Library/Bee/artifacts/rsp/7402756250175941108.rsp
[1080/2211  0s] WriteResponseFile Library/Bee/artifacts/rsp/11824854402117669058.rsp
[1081/2211  0s] WriteResponseFile Library/Bee/artifacts/rsp/15184209867333330158.rsp
[1082/2211  0s] WriteResponseFile Library/Bee/artifacts/rsp/709639717208247356.rsp
[1083/2211  0s] WriteResponseFile Library/Bee/artifacts/rsp/9075397928717196760.rsp
[1084/2211  0s] WriteResponseFile Library/Bee/artifacts/rsp/9569142104674744329.rsp
[1085/2211  0s] WriteResponseFile Library/Bee/artifacts/rsp/12098234485063807520.rsp
[1086/2211  0s] WriteResponseFile Library/Bee/artifacts/rsp/5411156671350372963.rsp
[1087/2211  0s] WriteResponseFile Library/Bee/artifacts/rsp/7904147777937170644.rsp
[1088/2211  0s] WriteResponseFile Library/Bee/artifacts/rsp/9212459627061007907.rsp
[1089/2211  0s] WriteResponseFile Library/Bee/artifacts/rsp/2726747299375421121.rsp
[1090/2211  0s] WriteResponseFile Library/Bee/artifacts/rsp/9102780143861914336.rsp
[1091/2211  0s] WriteResponseFile Library/Bee/artifacts/rsp/10608644504713099094.rsp
[1092/2211  0s] WriteResponseFile Library/Bee/artifacts/rsp/9844852725533748748.rsp
[1093/2211  0s] WriteResponseFile Library/Bee/artifacts/rsp/5554560333246101996.rsp
[1094/2211  0s] WriteResponseFile Library/Bee/artifacts/rsp/740093760171172203.rsp
[1095/2211  0s] WriteResponseFile Library/Bee/artifacts/rsp/4647774946396185751.rsp
[1096/2211  0s] WriteResponseFile Library/Bee/artifacts/rsp/16501560687755270999.rsp
[1097/2211  0s] WriteResponseFile Library/Bee/artifacts/rsp/1981472465749282022.rsp
[1098/2211  0s] WriteResponseFile Library/Bee/artifacts/rsp/11999323142404156371.rsp
[1099/2211  0s] WriteResponseFile Library/Bee/artifacts/rsp/9198407569815801568.rsp
[1100/2211  0s] WriteResponseFile Library/Bee/artifacts/rsp/15682845647733390054.rsp
[1101/2211  0s] WriteResponseFile Library/Bee/artifacts/rsp/9195266896295836757.rsp
[1102/2211  0s] WriteResponseFile Library/Bee/artifacts/rsp/2253713187385029143.rsp
[1103/2211  0s] WriteResponseFile Library/Bee/artifacts/rsp/9884096119697234035.rsp
[1104/2211  0s] WriteResponseFile Library/Bee/artifacts/rsp/17510839795233210480.rsp
[1105/2211  0s] WriteResponseFile Library/Bee/artifacts/rsp/1729404573335410471.rsp
[1106/2211  0s] WriteResponseFile Library/Bee/artifacts/rsp/11002697527159870019.rsp
[1107/2211  0s] WriteResponseFile Library/Bee/artifacts/rsp/16584913788396085084.rsp
[1108/2211  0s] WriteResponseFile Library/Bee/artifacts/rsp/11515818914287258962.rsp
[1109/2211  0s] WriteResponseFile Library/Bee/artifacts/rsp/9935807585108435671.rsp
[1110/2211  0s] WriteResponseFile Library/Bee/artifacts/rsp/18206623046959101476.rsp
[1111/2211  0s] WriteResponseFile Library/Bee/artifacts/rsp/16972747988412433571.rsp
[1112/2211  0s] WriteResponseFile Library/Bee/artifacts/rsp/10514843007091821179.rsp
[1113/2211  0s] WriteResponseFile Library/Bee/artifacts/rsp/11823786202897662469.rsp
[1114/2211  0s] WriteResponseFile Library/Bee/artifacts/rsp/1188188249925086948.rsp
[1115/2211  0s] WriteResponseFile Library/Bee/artifacts/rsp/9097835524928946318.rsp
[1116/2211  0s] WriteResponseFile Library/Bee/artifacts/rsp/15275644914897988361.rsp
[1117/2211  0s] WriteResponseFile Library/Bee/artifacts/rsp/10718943009391788070.rsp
[1118/2211  0s] WriteResponseFile Library/Bee/artifacts/rsp/16905974325080997953.rsp
[1119/2211  0s] WriteResponseFile Library/Bee/artifacts/rsp/74816008249421441.rsp
[1120/2211  0s] WriteResponseFile Library/Bee/artifacts/rsp/15057807673945199079.rsp
[1121/2211  0s] WriteResponseFile Library/Bee/artifacts/rsp/18239973129051649534.rsp
[1122/2211  0s] WriteResponseFile Library/Bee/artifacts/rsp/10078712023569429724.rsp
[1123/2211  0s] WriteResponseFile Library/Bee/artifacts/rsp/14351532175408764962.rsp
[1124/2211  0s] WriteResponseFile Library/Bee/artifacts/rsp/17079761904578278886.rsp
[1125/2211  0s] WriteResponseFile Library/Bee/artifacts/rsp/11726837208814787111.rsp
[1126/2211  0s] WriteResponseFile Library/Bee/artifacts/rsp/13298539486094942562.rsp
[1127/2211  0s] WriteResponseFile Library/Bee/artifacts/rsp/17005668271194425053.rsp
[1128/2211  0s] WriteResponseFile Library/Bee/artifacts/rsp/1686693736056180289.rsp
[1128/2211  0s] Csc Library/Bee/artifacts/1300b0aE.dag/UnityEngine.UI.dll (+2 others) [CacheHit 110ef2c9c954b45ef94139e40976814700000000000000000000000000000006]
[1129/2211  0s] Csc Library/Bee/artifacts/1300b0aE.dag/UnityEngine.UI.dll (+2 others)
[1130/2211  0s] Csc Library/Bee/artifacts/1300b0aE.dag/UnityEngine.TestRunner.dll (+2 others) [CacheHit 41739c55fa10bc491d5d43f8f0a6b25100000000000000000000000000000006]
[1132/2211  0s] Csc Library/Bee/artifacts/1300b0aE.dag/UnityEngine.TestRunner.dll (+2 others)
[1134/2211  0s] CopyFiles Library/ScriptAssemblies/UnityEngine.TestRunner.dll
[1135/2211  0s] CopyFiles Library/ScriptAssemblies/UnityEngine.TestRunner.pdb
[1135/2211  0s] Csc Library/Bee/artifacts/1300b0aE.dag/UnityEditor.TestRunner.dll (+2 others) [CacheHit 0a4028d616cd97d34c64e27bc0fbd4fb00000000000000000000000000000006]
[1138/2211  0s] Csc Library/Bee/artifacts/1300b0aE.dag/UnityEditor.TestRunner.dll (+2 others)
[1140/2211  0s] CopyFiles Library/ScriptAssemblies/UnityEditor.TestRunner.pdb
[1139/2211  0s] Csc Library/Bee/artifacts/1300b0aE.dag/UnityEditor.UI.dll (+2 others) [CacheHit 3d6a0cce9c50305c8fe6c1a6d08325e800000000000000000000000000000006]
[1143/2211  0s] Csc Library/Bee/artifacts/1300b0aE.dag/UnityEditor.UI.dll (+2 others)
[1176/2211  0s] Csc Library/Bee/artifacts/1300b0aE.dag/Unity.AI.Generators.IO.Srp.dll (+2 others) [CacheHit b749ddd63ec1af0b3f3a93aa5a139a3e00000000000000000000000000000006]
[1181/2211  0s] Csc Library/Bee/artifacts/1300b0aE.dag/Unity.AI.Generators.IO.Srp.dll (+2 others)
[1177/2211  0s] Csc Library/Bee/artifacts/1300b0aE.dag/Unity.Mathematics.dll (+2 others) [CacheHit 6fc052067e0255eafd2713c0a5a9f9a800000000000000000000000000000006]
[1183/2211  0s] Csc Library/Bee/artifacts/1300b0aE.dag/Unity.Mathematics.dll (+2 others)
[1178/2211  0s] Csc Library/Bee/artifacts/1300b0aE.dag/Unity.AppUI.InternalAPIBridge.dll (+2 others) [CacheHit 76b7a664c6c291701d618b33d2040c9600000000000000000000000000000006]
[1185/2211  0s] Csc Library/Bee/artifacts/1300b0aE.dag/Unity.AppUI.InternalAPIBridge.dll (+2 others)
[1179/2211  0s] Csc Library/Bee/artifacts/1300b0aE.dag/Unity.AI.Generators.Contexts.dll (+2 others) [CacheHit a49a7ed1bcc5087d18f55d4c4c28c51800000000000000000000000000000006]
[1187/2211  0s] Csc Library/Bee/artifacts/1300b0aE.dag/Unity.AI.Generators.Contexts.dll (+2 others)
[1182/2211  0s] Csc Library/Bee/artifacts/1300b0aE.dag/Unity.Purchasing.Utilities.dll (+2 others) [CacheHit 9c5079b8c75854fbbbd8da3ed62a132200000000000000000000000000000006]
[1191/2211  0s] Csc Library/Bee/artifacts/1300b0aE.dag/Unity.Purchasing.Utilities.dll (+2 others)
[1185/2211  0s] Csc Library/Bee/artifacts/1300b0aE.dag/Unity.AI.Animate.Motion.Runtime.dll (+2 others) [CacheHit 9af8d700076e816379e8825c3646897f00000000000000000000000000000006]
[1196/2211  0s] Csc Library/Bee/artifacts/1300b0aE.dag/Unity.AI.Animate.Motion.Runtime.dll (+2 others)
[1186/2211  0s] Csc Library/Bee/artifacts/1300b0aE.dag/Unity.InternalAPIEngineBridge.RenderPipelines.Core.Runtime.Shared.dll (+2 others) [CacheHit 9a799db771c7cd254ac7b6b6de1b503900000000000000000000000000000006]
[1198/2211  0s] Csc Library/Bee/artifacts/1300b0aE.dag/Unity.InternalAPIEngineBridge.RenderPipelines.Core.Runtime.Shared.dll (+2 others)
[1189/2211  0s] Csc Library/Bee/artifacts/1300b0aE.dag/Unity.InternalAPIEngineBridge.004.dll (+2 others) [CacheHit 02038acd4f6d9eb0561a687f02962e6000000000000000000000000000000006]
[1201/2211  0s] Csc Library/Bee/artifacts/1300b0aE.dag/Unity.InternalAPIEngineBridge.004.dll (+2 others)
[1191/2211  0s] Csc Library/Bee/artifacts/1300b0aE.dag/Unity.AI.Assistant.Bridge.Editor.dll (+2 others) [CacheHit ba4030f8c29c729aa3dd271245558f2e00000000000000000000000000000006]
[1204/2211  0s] Csc Library/Bee/artifacts/1300b0aE.dag/Unity.AI.Assistant.Bridge.Editor.dll (+2 others)
[1195/2211  0s] Csc Library/Bee/artifacts/1300b0aE.dag/Unity.2D.Tilemap.Editor.dll (+2 others) [CacheHit 0ba0c2a57d82d205434be56805f8321700000000000000000000000000000006]
[1209/2211  0s] Csc Library/Bee/artifacts/1300b0aE.dag/Unity.2D.Tilemap.Editor.dll (+2 others)
[1199/2211  0s] Csc Library/Bee/artifacts/1300b0aE.dag/Unity.Purchasing.SecurityCore.dll (+2 others) [CacheHit e2f851fb292a77781b5fe32bf969edff00000000000000000000000000000006]
[1214/2211  0s] Csc Library/Bee/artifacts/1300b0aE.dag/Unity.Purchasing.SecurityCore.dll (+2 others)
[1200/2211  0s] Csc Library/Bee/artifacts/1300b0aE.dag/Unity.Services.Core.dll (+2 others) [CacheHit 5e09c4621e744a975aec7e893ee7cfd300000000000000000000000000000006]
[1216/2211  0s] Csc Library/Bee/artifacts/1300b0aE.dag/Unity.Services.Core.dll (+2 others)
[1201/2211  0s] Csc Library/Bee/artifacts/1300b0aE.dag/Unity.ShaderGraph.Utilities.dll (+2 others) [CacheHit 5e26687e06f79bdb39bd8d7c848eb25e00000000000000000000000000000006]
[1218/2211  0s] Csc Library/Bee/artifacts/1300b0aE.dag/Unity.ShaderGraph.Utilities.dll (+2 others)
[1202/2211  0s] Csc Library/Bee/artifacts/1300b0aE.dag/Unity.InternalAPIEngineBridge.001.dll (+2 others) [CacheHit 4d59700e84a49685914e1506e5c8660500000000000000000000000000000006]
[1220/2211  0s] Csc Library/Bee/artifacts/1300b0aE.dag/Unity.InternalAPIEngineBridge.001.dll (+2 others)
[1203/2211  0s] Csc Library/Bee/artifacts/1300b0aE.dag/Unity.Burst.dll (+2 others) [CacheHit 89a49aa3f9ac51f4fe75bda6d968cee600000000000000000000000000000006]
[1222/2211  0s] Csc Library/Bee/artifacts/1300b0aE.dag/Unity.Burst.dll (+2 others)
[1204/2211  0s] Csc Library/Bee/artifacts/1300b0aE.dag/Unity.AI.Toolkit.Utility.dll (+2 others) [CacheHit b276148ea607574b9b50d0be2ae1a8e000000000000000000000000000000006]
[1224/2211  0s] Csc Library/Bee/artifacts/1300b0aE.dag/Unity.AI.Toolkit.Utility.dll (+2 others)
[1209/2211  0s] Csc Library/Bee/artifacts/1300b0aE.dag/Unity.AI.Tracing.dll (+2 others) [CacheHit b42899c117fba1b0c9a106e61ec67a7700000000000000000000000000000006]
[1230/2211  0s] Csc Library/Bee/artifacts/1300b0aE.dag/Unity.AI.Tracing.dll (+2 others)
[1212/2211  0s] Csc Library/Bee/artifacts/1300b0aE.dag/Unity.2D.Sprite.Editor.dll (+2 others) [CacheHit a3849972e579a055ce7290c3d72478d500000000000000000000000000000006]
[1234/2211  0s] Csc Library/Bee/artifacts/1300b0aE.dag/Unity.2D.Sprite.Editor.dll (+2 others)
[1212/2211  0s] Csc Library/Bee/artifacts/1300b0aE.dag/Unity.2D.Common.Path.Editor.dll (+2 others) [CacheHit 291c596f21236b6635f32bfd262b196e00000000000000000000000000000006]
[1236/2211  0s] Csc Library/Bee/artifacts/1300b0aE.dag/Unity.2D.Common.Path.Editor.dll (+2 others)
[1212/2211  0s] Csc Library/Bee/artifacts/1300b0aE.dag/Unity.InputSystem.dll (+2 others) [CacheHit 0e4e18d6fb51cdd7cb12e0da957b924100000000000000000000000000000006]
[1239/2211  0s] Csc Library/Bee/artifacts/1300b0aE.dag/Unity.InputSystem.dll (+2 others)
[1214/2211  0s] Csc Library/Bee/artifacts/1300b0aE.dag/Unity.Microsoft.GDK.dll (+2 others) [CacheHit 9b8ca2bb5ff5c7d07fcb52ae1834434600000000000000000000000000000006]
[1241/2211  0s] Csc Library/Bee/artifacts/1300b0aE.dag/Unity.Microsoft.GDK.dll (+2 others)
[1215/2211  0s] Csc Library/Bee/artifacts/1300b0aE.dag/Unity.AI.Toolkit.Async.dll (+2 others) [CacheHit 60dd6792910b678cc30770b9c16cd93900000000000000000000000000000006]
[1243/2211  0s] Csc Library/Bee/artifacts/1300b0aE.dag/Unity.AI.Toolkit.Async.dll (+2 others)
[1217/2211  0s] Csc Library/Bee/artifacts/1300b0aE.dag/Unity.InternalAPIEngineBridge.RenderPipelines.Core.Editor.dll (+2 others) [CacheHit 94718e03a40e7013ddbf589ce0304a4700000000000000000000000000000006]
[1245/2211  0s] Csc Library/Bee/artifacts/1300b0aE.dag/Unity.InternalAPIEngineBridge.RenderPipelines.Core.Editor.dll (+2 others)
[1220/2211  0s] Csc Library/Bee/artifacts/1300b0aE.dag/Unity.AI.Assistant.Annotations.Editor.dll (+2 others) [CacheHit 469d32aa32a2a032ef8f6d2a9883ac3a00000000000000000000000000000006]
[1248/2211  0s] Csc Library/Bee/artifacts/1300b0aE.dag/Unity.AI.Assistant.Annotations.Editor.dll (+2 others)
[1222/2211  0s] Csc Library/Bee/artifacts/1300b0aE.dag/Unity.AI.Toolkit.Compliance.dll (+2 others) [CacheHit 86dffad7f5eaceb161c7317f3569466100000000000000000000000000000006]
[1251/2211  0s] Csc Library/Bee/artifacts/1300b0aE.dag/Unity.AI.Toolkit.Compliance.dll (+2 others)
[1224/2211  0s] Csc Library/Bee/artifacts/1300b0aE.dag/Unity.Searcher.Editor.dll (+2 others) [CacheHit 2d6e35b40d8c23c7563faba18e22266400000000000000000000000000000006]
[1255/2211  0s] Csc Library/Bee/artifacts/1300b0aE.dag/Unity.Searcher.Editor.dll (+2 others)
[1234/2211  0s] Csc Library/Bee/artifacts/1300b0aE.dag/Unity.InferenceEngine.Microsoft.Msagl.dll (+2 others) [CacheHit 310dde07bdf52a5deafb1505fd4f4b8e00000000000000000000000000000006]
[1265/2211  0s] Csc Library/Bee/artifacts/1300b0aE.dag/Unity.InferenceEngine.Microsoft.Msagl.dll (+2 others)
[1235/2211  0s] Csc Library/Bee/artifacts/1300b0aE.dag/Unity.InternalAPIEditorBridge.ShaderGraph.Editor.dll (+2 others) [CacheHit 57cd2c75d9f0d9de1f7b88d7ae0a771b00000000000000000000000000000006]
[1267/2211  0s] Csc Library/Bee/artifacts/1300b0aE.dag/Unity.InternalAPIEditorBridge.ShaderGraph.Editor.dll (+2 others)
[1237/2211  0s] Csc Library/Bee/artifacts/1300b0aE.dag/HFDownloader.dll (+2 others) [CacheHit a22386cf39f98a5f924283ed00ccfc6e00000000000000000000000000000006]
[1270/2211  0s] Csc Library/Bee/artifacts/1300b0aE.dag/HFDownloader.dll (+2 others)
[1239/2211  0s] Csc Library/Bee/artifacts/1300b0aE.dag/Unity.AI.Assistant.Agent.Dynamic.Extension.Editor.dll (+2 others) [CacheHit 07f4c32d90ff4e1907c5cef5ea3ab4b000000000000000000000000000000006]
[1273/2211  0s] Csc Library/Bee/artifacts/1300b0aE.dag/Unity.AI.Assistant.Agent.Dynamic.Extension.Editor.dll (+2 others)
[1261/2211  0s] Csc Library/Bee/artifacts/1300b0aE.dag/Unity.Multiplayer.Center.Common.dll (+2 others) [CacheHit 0292049c3363a7e4276a61e53a56a09d00000000000000000000000000000006]
[1296/2211  0s] Csc Library/Bee/artifacts/1300b0aE.dag/Unity.Multiplayer.Center.Common.dll (+2 others)
[1266/2211  0s] Csc Library/Bee/artifacts/1300b0aE.dag/Unity.Microsoft.GDK.Tools.dll (+2 others) [CacheHit fad9eb4c60189e31069a70719efbcb0e00000000000000000000000000000006]
[1302/2211  0s] Csc Library/Bee/artifacts/1300b0aE.dag/Unity.Microsoft.GDK.Tools.dll (+2 others)
[1267/2211  0s] Csc Library/Bee/artifacts/1300b0aE.dag/Unity.Microsoft.GDK.Discovery.dll (+2 others) [CacheHit 95ae9e6ab65fa22e98988961a5e4825d00000000000000000000000000000006]
[1304/2211  0s] Csc Library/Bee/artifacts/1300b0aE.dag/Unity.Microsoft.GDK.Discovery.dll (+2 others)
[1269/2211  0s] Csc Library/Bee/artifacts/1300b0aE.dag/Unity.AI.Pbr.Srp.dll (+2 others) [CacheHit 64e0b1a61badd047f5b0ec17d5a116e300000000000000000000000000000006]
[1307/2211  0s] Csc Library/Bee/artifacts/1300b0aE.dag/Unity.AI.Pbr.Srp.dll (+2 others)
[1275/2211  0s] Csc Library/Bee/artifacts/1300b0aE.dag/Unity.AI.MCP.Runtime.dll (+2 others) [CacheHit 586e5e22240ca565e7b5f435f237579c00000000000000000000000000000006]
[1314/2211  0s] Csc Library/Bee/artifacts/1300b0aE.dag/Unity.AI.MCP.Runtime.dll (+2 others)
[1277/2211  0s] Csc Library/Bee/artifacts/1300b0aE.dag/Unity.Timeline.dll (+2 others) [CacheHit 3bc7686f16001031b94c2d008da051c700000000000000000000000000000006]
[1317/2211  0s] Csc Library/Bee/artifacts/1300b0aE.dag/Unity.Timeline.dll (+2 others)
[1278/2211  0s] Csc Library/Bee/artifacts/1300b0aE.dag/Unity.TextMeshPro.dll (+2 others) [CacheHit 5e8c5a29d312a13ab849ca9c68efe20500000000000000000000000000000006]
[1319/2211  0s] Csc Library/Bee/artifacts/1300b0aE.dag/Unity.TextMeshPro.dll (+2 others)
[1283/2211  0s] Csc Library/Bee/artifacts/1300b0aE.dag/Unity.PerformanceTesting.dll (+2 others) [CacheHit f199a1259ebab332a1b56f1256df5c2700000000000000000000000000000006]
[1325/2211  0s] Csc Library/Bee/artifacts/1300b0aE.dag/Unity.PerformanceTesting.dll (+2 others)
[1285/2211  0s] Csc Library/Bee/artifacts/1300b0aE.dag/Unity.Purchasing.SecurityStub.dll (+2 others) [CacheHit 5e5bf662ff426c9039f708a0b741222000000000000000000000000000000006]
[1328/2211  0s] Csc Library/Bee/artifacts/1300b0aE.dag/Unity.Purchasing.SecurityStub.dll (+2 others)
[1286/2211  0s] Csc Library/Bee/artifacts/1300b0aE.dag/Unity.RenderPipelines.ShaderGraph.ShaderGraphLibrary.dll (+2 others) [CacheHit d6ccd008cfb727860ae80c61c2f6715600000000000000000000000000000006]
[1330/2211  0s] Csc Library/Bee/artifacts/1300b0aE.dag/Unity.RenderPipelines.ShaderGraph.ShaderGraphLibrary.dll (+2 others)
[1294/2211  0s] Csc Library/Bee/artifacts/1300b0aE.dag/Unity.Rendering.LightTransport.Editor.dll (+2 others) [CacheHit 70bf3d11225a6227b5aea12330abaf2700000000000000000000000000000006]
[1339/2211  0s] Csc Library/Bee/artifacts/1300b0aE.dag/Unity.Rendering.LightTransport.Editor.dll (+2 others)
[1295/2211  0s] Csc Library/Bee/artifacts/1300b0aE.dag/Unity.RenderPipelines.Universal.Shaders.dll (+2 others) [CacheHit 23c6a3e3686a9fad01f6a0b266eff44500000000000000000000000000000006]
[1341/2211  0s] Csc Library/Bee/artifacts/1300b0aE.dag/Unity.RenderPipelines.Universal.Shaders.dll (+2 others)
[1296/2211  0s] Csc Library/Bee/artifacts/1300b0aE.dag/Unity.Purchasing.Editor.Shared.dll (+2 others) [CacheHit 8b2acc27209786c51e98ed1f8810b23f00000000000000000000000000000006]
[1343/2211  0s] Csc Library/Bee/artifacts/1300b0aE.dag/Unity.Purchasing.Editor.Shared.dll (+2 others)
[1297/2211  0s] Csc Library/Bee/artifacts/1300b0aE.dag/Unity.Services.Core.Internal.dll (+2 others) [CacheHit 50912bd15db07edb7842bafa582ef71a00000000000000000000000000000006]
[1345/2211  0s] Csc Library/Bee/artifacts/1300b0aE.dag/Unity.Services.Core.Internal.dll (+2 others)
[1300/2211  0s] Csc Library/Bee/artifacts/1300b0aE.dag/Unity.Services.Core.Analytics.dll (+2 others) [CacheHit 609acf92bfcd4fe8c8afd314b283d6df00000000000000000000000000000006]
[1349/2211  0s] Csc Library/Bee/artifacts/1300b0aE.dag/Unity.Services.Core.Analytics.dll (+2 others)
[1300/2211  0s] Csc Library/Bee/artifacts/1300b0aE.dag/Unity.RenderPipelines.Core.ShaderLibrary.dll (+2 others) [CacheHit ced46ab549b7c21ece9467a83ff431c000000000000000000000000000000006]
[1351/2211  0s] Csc Library/Bee/artifacts/1300b0aE.dag/Unity.RenderPipelines.Core.ShaderLibrary.dll (+2 others)
[1301/2211  0s] Csc Library/Bee/artifacts/1300b0aE.dag/Unity.InferenceEngine.Tokenization.dll (+2 others) [CacheHit ee2c33d106a8d5b85e1b5f8e02aeb69c00000000000000000000000000000006]
[1353/2211  0s] Csc Library/Bee/artifacts/1300b0aE.dag/Unity.InferenceEngine.Tokenization.dll (+2 others)
[1305/2211  0s] Csc Library/Bee/artifacts/1300b0aE.dag/Unity.Collections.dll (+2 others) [CacheHit 44bc4f7c58ef6981f9a9dccf9a6c93ae00000000000000000000000000000006]
[1357/2211  0s] Csc Library/Bee/artifacts/1300b0aE.dag/Unity.Collections.dll (+2 others)
[1306/2211  0s] Csc Library/Bee/artifacts/1300b0aE.dag/IAPResolver.dll (+2 others) [CacheHit 9c500547c2097c96379563a874e9453700000000000000000000000000000006]
[1359/2211  0s] Csc Library/Bee/artifacts/1300b0aE.dag/IAPResolver.dll (+2 others)
[1307/2211  0s] Csc Library/Bee/artifacts/1300b0aE.dag/Unity.AppUI.Undo.dll (+2 others) [CacheHit 566cbe3d2f91bb95784935e9bcae6d4c00000000000000000000000000000006]
[1361/2211  0s] Csc Library/Bee/artifacts/1300b0aE.dag/Unity.AppUI.Undo.dll (+2 others)
[1308/2211  0s] Csc Library/Bee/artifacts/1300b0aE.dag/Unity.2D.Tilemap.Extras.dll (+2 others) [CacheHit 6cfa80a6566a98e2c859896f54a5303800000000000000000000000000000006]
[1363/2211  0s] Csc Library/Bee/artifacts/1300b0aE.dag/Unity.2D.Tilemap.Extras.dll (+2 others)
[1313/2211  0s] Csc Library/Bee/artifacts/1300b0aE.dag/Unity.AI.Toolkit.Asset.dll (+2 others) [CacheHit 365e74d10ff60088b6883a04e7d9108e00000000000000000000000000000006]
[1369/2211  0s] Csc Library/Bee/artifacts/1300b0aE.dag/Unity.AI.Toolkit.Asset.dll (+2 others)
[1314/2211  0s] Csc Library/Bee/artifacts/1300b0aE.dag/Unity.AI.Assistant.Runtime.dll (+2 others) [CacheHit ba4ef7bd6bc4e1af5dda8d349c5289e200000000000000000000000000000006]
[1371/2211  0s] Csc Library/Bee/artifacts/1300b0aE.dag/Unity.AI.Assistant.Runtime.dll (+2 others)
[1316/2211  0s] Csc Library/Bee/artifacts/1300b0aE.dag/Unity.Burst.CodeGen.dll (+2 others) [CacheHit 2e345f32a1febd9ff4af2a22dabd1de500000000000000000000000000000006]
[1374/2211  0s] Csc Library/Bee/artifacts/1300b0aE.dag/Unity.Burst.CodeGen.dll (+2 others)
[1318/2211  0s] Csc Library/Bee/artifacts/1300b0aE.dag/Unity.InternalAPIEditorBridge.001.dll (+2 others) [CacheHit a614321fff09635dfaa8b67c754d84e600000000000000000000000000000006]
[1377/2211  0s] Csc Library/Bee/artifacts/1300b0aE.dag/Unity.InternalAPIEditorBridge.001.dll (+2 others)
[1379/2211  0s] CopyFiles Library/ScriptAssemblies/UnityEditor.TestRunner.dll
[1320/2211  0s] Csc Library/Bee/artifacts/1300b0aE.dag/Unity.AI.Generators.Redux.dll (+2 others) [CacheHit 597e585843b102c4e5c8212aaaf7310500000000000000000000000000000006]
[1380/2211  0s] Csc Library/Bee/artifacts/1300b0aE.dag/Unity.AI.Generators.Redux.dll (+2 others)
[1321/2211  0s] Csc Library/Bee/artifacts/1300b0aE.dag/Unity.Burst.Editor.dll (+2 others) [CacheHit e65f75240ae0ec4be20513f9c355064500000000000000000000000000000006]
[1382/2211  0s] Csc Library/Bee/artifacts/1300b0aE.dag/Unity.Burst.Editor.dll (+2 others)
[1392/2211  0s] CopyFiles Library/ScriptAssemblies/Unity.Burst.CodeGen.pdb
[1331/2211  0s] Csc Library/Bee/artifacts/1300b0aE.dag/Unity.VisualScripting.Core.dll (+2 others) [CacheHit b6f9be3c099b582a371844a4f8f9fff800000000000000000000000000000006]
[1393/2211  0s] Csc Library/Bee/artifacts/1300b0aE.dag/Unity.VisualScripting.Core.dll (+2 others)
[1331/2211  0s] Csc Library/Bee/artifacts/1300b0aE.dag/Unity.Purchasing.Stores.XboxCloudServices.dll (+2 others) [CacheHit 8091971898eed94d2d3a260f836c91d900000000000000000000000000000006]
[1395/2211  0s] Csc Library/Bee/artifacts/1300b0aE.dag/Unity.Purchasing.Stores.XboxCloudServices.dll (+2 others)
[1333/2211  0s] Csc Library/Bee/artifacts/1300b0aE.dag/PsdPlugin.dll (+2 others) [CacheHit 1143c1985adf846aff6d236dba91ebf700000000000000000000000000000006]
[1397/2211  0s] Csc Library/Bee/artifacts/1300b0aE.dag/PsdPlugin.dll (+2 others)
[1335/2211  0s] Csc Library/Bee/artifacts/1300b0aE.dag/Unity.AppUI.dll (+2 others) [CacheHit 4f262150fd0c9cd05e04c9b0a712445500000000000000000000000000000006]
[1400/2211  0s] Csc Library/Bee/artifacts/1300b0aE.dag/Unity.AppUI.dll (+2 others)
[1339/2211  0s] Csc Library/Bee/artifacts/1300b0aE.dag/Unity.2D.Aseprite.Common.dll (+2 others) [CacheHit 06f374be56572895cdddc57d99cc961f00000000000000000000000000000006]
[1405/2211  0s] Csc Library/Bee/artifacts/1300b0aE.dag/Unity.2D.Aseprite.Common.dll (+2 others)
[1346/2211  0s] Csc Library/Bee/artifacts/1300b0aE.dag/Unity.InputSystem.TestFramework.dll (+2 others) [CacheHit 4d43423ddb350ebfe6f3d55ab1a9fcbd00000000000000000000000000000006]
[1413/2211  0s] Csc Library/Bee/artifacts/1300b0aE.dag/Unity.InputSystem.TestFramework.dll (+2 others)
[1351/2211  0s] Csc Library/Bee/artifacts/1300b0aE.dag/Unity.InputSystem.DocCodeSamples.dll (+2 others) [CacheHit f1d89b632e2b9ac35d3a6a51bf54c74800000000000000000000000000000006]
[1424/2211  0s] Csc Library/Bee/artifacts/1300b0aE.dag/Unity.InputSystem.DocCodeSamples.dll (+2 others)
[1352/2211  0s] Csc Library/Bee/artifacts/1300b0aE.dag/Unity.Microsoft.GDK.Editor.dll (+2 others) [CacheHit 7f8bcc0da4526e4520f7b4369c166c4f00000000000000000000000000000006]
[1426/2211  0s] Csc Library/Bee/artifacts/1300b0aE.dag/Unity.Microsoft.GDK.Editor.dll (+2 others)
[1353/2211  0s] Csc Library/Bee/artifacts/1300b0aE.dag/Unity.InputSystem.ForUI.dll (+2 others) [CacheHit f12734e3a3e80d7ff7e2e78de86cadd500000000000000000000000000000006]
[1428/2211  0s] Csc Library/Bee/artifacts/1300b0aE.dag/Unity.InputSystem.ForUI.dll (+2 others)
[1368/2211  0s] Csc Library/Bee/artifacts/1300b0aE.dag/Unity.VisualStudio.Editor.dll (+2 others) [CacheHit f8c5a9e2015d09b6052bab0a2356c83e00000000000000000000000000000006]
[1439/2211  0s] Csc Library/Bee/artifacts/1300b0aE.dag/Unity.VisualStudio.Editor.dll (+2 others)
[1370/2211  0s] Csc Library/Bee/artifacts/1300b0aE.dag/Unity.Multiplayer.Center.Editor.dll (+2 others) [CacheHit b7995c1fe32145dc8f283f40ce54b5b500000000000000000000000000000006]
[1442/2211  0s] Csc Library/Bee/artifacts/1300b0aE.dag/Unity.Multiplayer.Center.Editor.dll (+2 others)
[1371/2211  0s] Csc Library/Bee/artifacts/1300b0aE.dag/UnityEditor.UI.Analytics.dll (+2 others) [CacheHit bde3b4ac984010d5a00116a0d0e5476a00000000000000000000000000000006]
[1444/2211  0s] Csc Library/Bee/artifacts/1300b0aE.dag/UnityEditor.UI.Analytics.dll (+2 others)
[1372/2211  0s] Csc Library/Bee/artifacts/1300b0aE.dag/Unity.Rider.Editor.dll (+2 others) [CacheHit b36dd6394ba6ed586356e0ad36a2975700000000000000000000000000000006]
[1446/2211  0s] Csc Library/Bee/artifacts/1300b0aE.dag/Unity.Rider.Editor.dll (+2 others)
[1373/2211  0s] Csc Library/Bee/artifacts/1300b0aE.dag/Unity.Services.Core.Networking.dll (+2 others) [CacheHit 2c4cdf4b2d8bfb93537076d3553828c600000000000000000000000000000006]
[1448/2211  0s] Csc Library/Bee/artifacts/1300b0aE.dag/Unity.Services.Core.Networking.dll (+2 others)
[1374/2211  0s] Csc Library/Bee/artifacts/1300b0aE.dag/Unity.Services.Core.Environments.Internal.dll (+2 others) [CacheHit 7e4c2dfdb19e72a4f6f45307add011ca00000000000000000000000000000006]
[1450/2211  0s] Csc Library/Bee/artifacts/1300b0aE.dag/Unity.Services.Core.Environments.Internal.dll (+2 others)
[1376/2211  0s] Csc Library/Bee/artifacts/1300b0aE.dag/Unity.PerformanceTesting.Editor.dll (+2 others) [CacheHit 68fb18f19c7553f4c71a8a3c7cc0948300000000000000000000000000000006]
[1453/2211  0s] Csc Library/Bee/artifacts/1300b0aE.dag/Unity.PerformanceTesting.Editor.dll (+2 others)
[1377/2211  0s] Csc Library/Bee/artifacts/1300b0aE.dag/Unity.Microsoft.GDK.Tools.Editor.dll (+2 others) [CacheHit e5fb8d7d568ac3e2190ade35aed1883100000000000000000000000000000006]
[1456/2211  0s] Csc Library/Bee/artifacts/1300b0aE.dag/Unity.Microsoft.GDK.Tools.Editor.dll (+2 others)
[1379/2211  0s] Csc Library/Bee/artifacts/1300b0aE.dag/Unity.Services.Core.Telemetry.dll (+2 others) [CacheHit 259440b3c6e7eb8fdd34d8fd8c0c5bf800000000000000000000000000000006]
[1458/2211  0s] Csc Library/Bee/artifacts/1300b0aE.dag/Unity.Services.Core.Telemetry.dll (+2 others)
[1380/2211  0s] Csc Library/Bee/artifacts/1300b0aE.dag/Unity.Timeline.Editor.dll (+2 others) [CacheHit 0676a19f13670954a2bded371c082ed000000000000000000000000000000006]
[1460/2211  0s] Csc Library/Bee/artifacts/1300b0aE.dag/Unity.Timeline.Editor.dll (+2 others)
[1381/2211  0s] Csc Library/Bee/artifacts/1300b0aE.dag/Unity.Services.Core.Threading.dll (+2 others) [CacheHit efb2154246325289feafe2c3172a797700000000000000000000000000000006]
[1462/2211  0s] Csc Library/Bee/artifacts/1300b0aE.dag/Unity.Services.Core.Threading.dll (+2 others)
[1382/2211  0s] Csc Library/Bee/artifacts/1300b0aE.dag/Unity.Collections.CodeGen.dll (+2 others) [CacheHit 16837d8239b4cc64ad99f306e95e220100000000000000000000000000000006]
[1464/2211  0s] Csc Library/Bee/artifacts/1300b0aE.dag/Unity.Collections.CodeGen.dll (+2 others)
[1383/2211  0s] Csc Library/Bee/artifacts/1300b0aE.dag/Unity.UnifiedRayTracing.Runtime.dll (+2 others) [CacheHit d55ce86b1d47a2074459d405704d0dae00000000000000000000000000000006]
[1467/2211  0s] Csc Library/Bee/artifacts/1300b0aE.dag/Unity.UnifiedRayTracing.Runtime.dll (+2 others)
[1469/2211  0s] CopyFiles Library/ScriptAssemblies/Unity.Rider.Editor.pdb
[1386/2211  0s] Csc Library/Bee/artifacts/1300b0aE.dag/Unity.2D.Tilemap.Extras.Editor.dll (+2 others) [CacheHit 1cefe8c8b842e5855aaf627f61c0b6e400000000000000000000000000000006]
[1470/2211  0s] Csc Library/Bee/artifacts/1300b0aE.dag/Unity.2D.Tilemap.Extras.Editor.dll (+2 others)
[1387/2211  0s] Csc Library/Bee/artifacts/1300b0aE.dag/Unity.Services.Core.Device.dll (+2 others) [CacheHit 482c45171c2464a4d1dde3d0fc5d86fd00000000000000000000000000000006]
[1472/2211  0s] Csc Library/Bee/artifacts/1300b0aE.dag/Unity.Services.Core.Device.dll (+2 others)
[1388/2211  0s] Csc Library/Bee/artifacts/1300b0aE.dag/Unity.Services.Core.Environments.dll (+2 others) [CacheHit a12c81381c0f5526922c5efcdceabd8300000000000000000000000000000006]
[1474/2211  0s] Csc Library/Bee/artifacts/1300b0aE.dag/Unity.Services.Core.Environments.dll (+2 others)
[1482/2211  0s] CopyFiles Library/ScriptAssemblies/Unity.VisualStudio.Editor.pdb
[1396/2211  0s] Csc Library/Bee/artifacts/1300b0aE.dag/Unity.AI.Toolkit.Accounts.dll (+2 others) [CacheHit a88cc2f92a26edae306e5612978019e800000000000000000000000000000006]
[1483/2211  0s] Csc Library/Bee/artifacts/1300b0aE.dag/Unity.AI.Toolkit.Accounts.dll (+2 others)
[1397/2211  0s] Csc Library/Bee/artifacts/1300b0aE.dag/Unity.Services.Core.Configuration.dll (+2 others) [CacheHit 4a3facc19f0dbc54295298cef02e52cb00000000000000000000000000000006]
[1485/2211  0s] Csc Library/Bee/artifacts/1300b0aE.dag/Unity.Services.Core.Configuration.dll (+2 others)
[1487/2211  0s] CopyFiles Library/ScriptAssemblies/Unity.Collections.CodeGen.pdb
[1488/2211  0s] Csc Library/Bee/artifacts/1300b0aE.dag/Acuaria.Core.dll (+2 others)
[1399/2211  0s] Csc Library/Bee/artifacts/1300b0aE.dag/Unity.RenderPipelines.Core.Runtime.dll (+2 others) [CacheHit e818df6e83e81c074029ed5ac8446f9500000000000000000000000000000006]
[1489/2211  0s] Csc Library/Bee/artifacts/1300b0aE.dag/Unity.RenderPipelines.Core.Runtime.dll (+2 others)
[1400/2211  0s] Csc Library/Bee/artifacts/1300b0aE.dag/Unity.Services.Core.Scheduler.dll (+2 others) [CacheHit d58a180475f0845ec811b5ab8cf30b3a00000000000000000000000000000006]
[1491/2211  0s] Csc Library/Bee/artifacts/1300b0aE.dag/Unity.Services.Core.Scheduler.dll (+2 others)
[1404/2211  0s] Csc Library/Bee/artifacts/1300b0aE.dag/Unity.AppUI.Navigation.dll (+2 others) [CacheHit 5f8f4ee1bee7a42a5a9bb3effab163ce00000000000000000000000000000006]
[1495/2211  0s] Csc Library/Bee/artifacts/1300b0aE.dag/Unity.AppUI.Navigation.dll (+2 others)
[1405/2211  0s] Csc Library/Bee/artifacts/1300b0aE.dag/Unity.2D.Common.Runtime.dll (+2 others) [CacheHit 3742192b4a42c428cca07f167144c57f00000000000000000000000000000006]
[1497/2211  0s] Csc Library/Bee/artifacts/1300b0aE.dag/Unity.2D.Common.Runtime.dll (+2 others)
[1406/2211  0s] Csc Library/Bee/artifacts/1300b0aE.dag/Unity.VisualScripting.Core.Editor.dll (+2 others) [CacheHit b3c43b9183a136ec419d4d50ad64d6ce00000000000000000000000000000006]
[1499/2211  0s] Csc Library/Bee/artifacts/1300b0aE.dag/Unity.VisualScripting.Core.Editor.dll (+2 others)
[1407/2211  0s] Csc Library/Bee/artifacts/1300b0aE.dag/Unity.InferenceEngine.dll (+2 others) [CacheHit 2527b92b7adc3001623d6cbd9d0aa8c400000000000000000000000000000006]
[1501/2211  0s] Csc Library/Bee/artifacts/1300b0aE.dag/Unity.InferenceEngine.dll (+2 others)
[1409/2211  0s] Csc Library/Bee/artifacts/1300b0aE.dag/Unity.VisualScripting.Flow.dll (+2 others) [CacheHit 085b502df4d57c582a3dbbc403d9aa9f00000000000000000000000000000006]
[1504/2211  0s] Csc Library/Bee/artifacts/1300b0aE.dag/Unity.VisualScripting.Flow.dll (+2 others)
[1410/2211  0s] Csc Library/Bee/artifacts/1300b0aE.dag/Unity.AI.Generators.Asset.dll (+2 others) [CacheHit a4fc232b50f0a89d9c42f29b2571275a00000000000000000000000000000006]
[1506/2211  0s] Csc Library/Bee/artifacts/1300b0aE.dag/Unity.AI.Generators.Asset.dll (+2 others)
[1411/2211  0s] Csc Library/Bee/artifacts/1300b0aE.dag/Unity.PlasticSCM.Editor.dll (+2 others) [CacheHit 1cfb0d42fe3eadd3677066b66580be1a00000000000000000000000000000006]
[1508/2211  0s] Csc Library/Bee/artifacts/1300b0aE.dag/Unity.PlasticSCM.Editor.dll (+2 others)
[1413/2211  0s] Csc Library/Bee/artifacts/1300b0aE.dag/Unity.AppUI.Redux.dll (+2 others) [CacheHit 045f9223e37d0d4ea32892bcd6eb68f300000000000000000000000000000006]
[1511/2211  0s] Csc Library/Bee/artifacts/1300b0aE.dag/Unity.AppUI.Redux.dll (+2 others)
[1420/2211  0s] Csc Library/Bee/artifacts/1300b0aE.dag/Unity.AppUI.Editor.dll (+2 others) [CacheHit 77ce7b41e16ebfc4b19bc0eea855cd3000000000000000000000000000000006]
[1519/2211  0s] Csc Library/Bee/artifacts/1300b0aE.dag/Unity.AppUI.Editor.dll (+2 others)
[1421/2211  0s] Csc Library/Bee/artifacts/1300b0aE.dag/Unity.AppUI.MVVM.dll (+2 others) [CacheHit 64acd991b99e067e1f2694cfb2d8930b00000000000000000000000000000006]
[1521/2211  0s] Csc Library/Bee/artifacts/1300b0aE.dag/Unity.AppUI.MVVM.dll (+2 others)
[1422/2211  0s] Csc Library/Bee/artifacts/1300b0aE.dag/Unity.2D.Tooling.Editor.dll (+2 others) [CacheHit 36e984a1bb6eb04e281698a81b1ff48800000000000000000000000000000006]
[1523/2211  0s] Csc Library/Bee/artifacts/1300b0aE.dag/Unity.2D.Tooling.Editor.dll (+2 others)
[1423/2211  0s] Csc Library/Bee/artifacts/1300b0aE.dag/Unity.Collections.Editor.dll (+2 others) [CacheHit 82de5ca7072fd498cd281cf724fe669a00000000000000000000000000000006]
[1525/2211  0s] Csc Library/Bee/artifacts/1300b0aE.dag/Unity.Collections.Editor.dll (+2 others)
[1544/2211  0s] CopyFiles Library/ScriptAssemblies/Unity.Collections.CodeGen.dll
[1549/2211  0s] CopyFiles Library/ScriptAssemblies/Unity.Burst.CodeGen.dll
[1454/2211  0s] Csc Library/Bee/artifacts/1300b0aE.dag/Unity.Services.Core.Components.dll (+2 others) [CacheHit e2f1175a517fb03b88990c7468a5c0ad00000000000000000000000000000006]
[1557/2211  0s] Csc Library/Bee/artifacts/1300b0aE.dag/Unity.Services.Core.Components.dll (+2 others)
[1455/2211  0s] Csc Library/Bee/artifacts/1300b0aE.dag/Unity.Purchasing.PaymentProviderService.dll (+2 others) [CacheHit 6693c69c33dcf36c744b602ad14f210200000000000000000000000000000006]
[1559/2211  0s] Csc Library/Bee/artifacts/1300b0aE.dag/Unity.Purchasing.PaymentProviderService.dll (+2 others)
[1461/2211  0s] Csc Library/Bee/artifacts/1300b0aE.dag/Unity.Purchasing.WebshopService.dll (+2 others) [CacheHit 736e10373acf4af8dc6a6061b7a5681600000000000000000000000000000006]
[1566/2211  0s] Csc Library/Bee/artifacts/1300b0aE.dag/Unity.Purchasing.WebshopService.dll (+2 others)
[1462/2211  0s] Csc Library/Bee/artifacts/1300b0aE.dag/Unity.Purchasing.LiveContentAdapterService.dll (+2 others) [CacheHit b0e5558a87b1e6bc1e85eb1d834e8a1800000000000000000000000000000006]
[1569/2211  0s] Csc Library/Bee/artifacts/1300b0aE.dag/Unity.Purchasing.LiveContentAdapterService.dll (+2 others)
[1571/2211  0s] CopyFiles Library/ScriptAssemblies/Unity.VisualStudio.Editor.dll
[1465/2211  0s] Csc Library/Bee/artifacts/1300b0aE.dag/Unity.Services.Core.Configuration.Editor.dll (+2 others) [CacheHit 1d247bc38db1144ac530aaf6751e0a9300000000000000000000000000000006]
[1572/2211  0s] Csc Library/Bee/artifacts/1300b0aE.dag/Unity.Services.Core.Configuration.Editor.dll (+2 others)
[1574/2211  0s] Csc Library/Bee/artifacts/1300b0aE.dag/Acuaria.Food.dll (+2 others)
[1472/2211  0s] Csc Library/Bee/artifacts/1300b0aE.dag/Unity.AI.Toolkit.GenerationContextMenu.dll (+2 others) [CacheHit cbce844b95304a3671f4bc48541f087900000000000000000000000000000006]
[1580/2211  0s] Csc Library/Bee/artifacts/1300b0aE.dag/Unity.AI.Toolkit.GenerationContextMenu.dll (+2 others)
[1473/2211  0s] Csc Library/Bee/artifacts/1300b0aE.dag/Unity.Services.Core.Registration.dll (+2 others) [CacheHit 25bb4336f46417146964f5d46e67834a00000000000000000000000000000006]
[1582/2211  0s] Csc Library/Bee/artifacts/1300b0aE.dag/Unity.Services.Core.Registration.dll (+2 others)
[1476/2211  0s] Csc Library/Bee/artifacts/1300b0aE.dag/Unity.AI.Toolkit.GenerationObjectPicker.dll (+2 others) [CacheHit 49d38eba65b2e74f68d1812685e9940b00000000000000000000000000000006]
[1586/2211  0s] Csc Library/Bee/artifacts/1300b0aE.dag/Unity.AI.Toolkit.GenerationObjectPicker.dll (+2 others)
[1477/2211  0s] Csc Library/Bee/artifacts/1300b0aE.dag/Unity.PathTracing.Runtime.dll (+2 others) [CacheHit 756c557f5df84e232fdd58aad2f079fd00000000000000000000000000000006]
[1588/2211  0s] Csc Library/Bee/artifacts/1300b0aE.dag/Unity.PathTracing.Runtime.dll (+2 others)
[1478/2211  0s] Csc Library/Bee/artifacts/1300b0aE.dag/Unity.RenderPipelines.GPUDriven.Runtime.dll (+2 others) [CacheHit 910941e599965d0d096e559a081a964700000000000000000000000000000006]
[1590/2211  0s] Csc Library/Bee/artifacts/1300b0aE.dag/Unity.RenderPipelines.GPUDriven.Runtime.dll (+2 others)
[1479/2211  0s] Csc Library/Bee/artifacts/1300b0aE.dag/Unity.AI.Assistant.Editor.dll (+2 others) [CacheHit e75a0949ed9de31f1c889cef011757fa00000000000000000000000000000006]
[1592/2211  0s] Csc Library/Bee/artifacts/1300b0aE.dag/Unity.AI.Assistant.Editor.dll (+2 others)
[1480/2211  0s] Csc Library/Bee/artifacts/1300b0aE.dag/Unity.AI.Generators.IO.dll (+2 others) [CacheHit 9765c31dff87539f3843fbbee66572a800000000000000000000000000000006]
[1594/2211  0s] Csc Library/Bee/artifacts/1300b0aE.dag/Unity.AI.Generators.IO.dll (+2 others)
[1481/2211  0s] Csc Library/Bee/artifacts/1300b0aE.dag/Unity.RenderPipelines.Universal.Config.Runtime.dll (+2 others) [CacheHit 1e5b8b5a0c5f7b1f0dc5c2bda2ec8c6300000000000000000000000000000006]
[1596/2211  0s] Csc Library/Bee/artifacts/1300b0aE.dag/Unity.RenderPipelines.Universal.Config.Runtime.dll (+2 others)
[1482/2211  0s] Csc Library/Bee/artifacts/1300b0aE.dag/Unity.AI.Generators.UI.AIDropdownIntegrations.dll (+2 others) [CacheHit 9d94329c0a0f58a03239c71f722807ea00000000000000000000000000000006]
[1598/2211  0s] Csc Library/Bee/artifacts/1300b0aE.dag/Unity.AI.Generators.UI.AIDropdownIntegrations.dll (+2 others)
[1483/2211  0s] Csc Library/Bee/artifacts/1300b0aE.dag/Unity.RenderPipeline.Universal.ShaderLibrary.dll (+2 others) [CacheHit b8eb80f2f07d77afba4c2f265603a01e00000000000000000000000000000006]
[1600/2211  0s] Csc Library/Bee/artifacts/1300b0aE.dag/Unity.RenderPipeline.Universal.ShaderLibrary.dll (+2 others)
[1484/2211  0s] Csc Library/Bee/artifacts/1300b0aE.dag/Unity.2D.SpriteShape.Runtime.dll (+2 others) [CacheHit a43aeca28c1b47975319e9dbd7bbde4e00000000000000000000000000000006]
[1602/2211  0s] Csc Library/Bee/artifacts/1300b0aE.dag/Unity.2D.SpriteShape.Runtime.dll (+2 others)
[1487/2211  0s] Csc Library/Bee/artifacts/1300b0aE.dag/Unity.TextMeshPro.Editor.dll (+2 others) [CacheHit a8156e85778804fbc60d823755e3e8e700000000000000000000000000000006]
[1606/2211  0s] Csc Library/Bee/artifacts/1300b0aE.dag/Unity.TextMeshPro.Editor.dll (+2 others)
[1488/2211  0s] Csc Library/Bee/artifacts/1300b0aE.dag/Unity.RenderPipelines.Core.Runtime.Shared.dll (+2 others) [CacheHit bd0d8f5401f059ab0bad9718d2fcf43500000000000000000000000000000006]
[1608/2211  0s] Csc Library/Bee/artifacts/1300b0aE.dag/Unity.RenderPipelines.Core.Runtime.Shared.dll (+2 others)
[1489/2211  0s] Csc Library/Bee/artifacts/1300b0aE.dag/Unity.2D.Common.Editor.dll (+2 others) [CacheHit baf3a3f8f7d9a9deccc4ae8b2aa5b5ca00000000000000000000000000000006]
[1610/2211  0s] Csc Library/Bee/artifacts/1300b0aE.dag/Unity.2D.Common.Editor.dll (+2 others)
[1490/2211  0s] Csc Library/Bee/artifacts/1300b0aE.dag/Unity.2D.Triangulation.Runtime.dll (+2 others) [CacheHit fa324722bc6b67a62b2f2874ed4a70b400000000000000000000000000000006]
[1612/2211  0s] Csc Library/Bee/artifacts/1300b0aE.dag/Unity.2D.Triangulation.Runtime.dll (+2 others)
[1491/2211  0s] Csc Library/Bee/artifacts/1300b0aE.dag/Unity.VisualScripting.State.dll (+2 others) [CacheHit 7be667ffbcfcd22595aaf86af199c0fe00000000000000000000000000000006]
[1614/2211  0s] Csc Library/Bee/artifacts/1300b0aE.dag/Unity.VisualScripting.State.dll (+2 others)
[1493/2211  0s] Csc Library/Bee/artifacts/1300b0aE.dag/Unity.InferenceEngine.MacBLAS.dll (+2 others) [CacheHit 343ae99cd6a6c1b4a153b617a51738af00000000000000000000000000000006]
[1617/2211  0s] Csc Library/Bee/artifacts/1300b0aE.dag/Unity.InferenceEngine.MacBLAS.dll (+2 others)
[1494/2211  0s] Csc Library/Bee/artifacts/1300b0aE.dag/Unity.InferenceEngine.Editor.Visualizer.dll (+2 others) [CacheHit f4f9a7553e1c809ce24335414ae7debc00000000000000000000000000000006]
[1619/2211  0s] Csc Library/Bee/artifacts/1300b0aE.dag/Unity.InferenceEngine.Editor.Visualizer.dll (+2 others)
[1495/2211  0s] Csc Library/Bee/artifacts/1300b0aE.dag/Unity.InferenceEngine.ONNX.Editor.dll (+2 others) [CacheHit ee87197fbbd2154a4eba63601d4145ac00000000000000000000000000000006]
[1621/2211  0s] Csc Library/Bee/artifacts/1300b0aE.dag/Unity.InferenceEngine.ONNX.Editor.dll (+2 others)
[1496/2211  0s] Csc Library/Bee/artifacts/1300b0aE.dag/Unity.VisualScripting.Flow.Editor.dll (+2 others) [CacheHit f078ef2c385ec18c943e07b93fa0fcd100000000000000000000000000000006]
[1623/2211  0s] Csc Library/Bee/artifacts/1300b0aE.dag/Unity.VisualScripting.Flow.Editor.dll (+2 others)
[1497/2211  0s] Csc Library/Bee/artifacts/1300b0aE.dag/Unity.InferenceEngine.iOSBLAS.dll (+2 others) [CacheHit 09267e4de62a95f202396f2e3fdbe90d00000000000000000000000000000006]
[1625/2211  0s] Csc Library/Bee/artifacts/1300b0aE.dag/Unity.InferenceEngine.iOSBLAS.dll (+2 others)
[1509/2211  0s] Csc Library/Bee/artifacts/1300b0aE.dag/Unity.VisualScripting.DocCodeExamples.dll (+2 others) [CacheHit b98bbc1e29d21a467f2de2cf8c73ce4100000000000000000000000000000006]
[1638/2211  0s] Csc Library/Bee/artifacts/1300b0aE.dag/Unity.VisualScripting.DocCodeExamples.dll (+2 others)
[1511/2211  0s] Csc Library/Bee/artifacts/1300b0aE.dag/Unity.PlasticSCM.Editor.Assistant.dll (+2 others) [CacheHit d9f5bdd8ffc08d31230d2cd1cec779a600000000000000000000000000000006]
[1641/2211  0s] Csc Library/Bee/artifacts/1300b0aE.dag/Unity.PlasticSCM.Editor.Assistant.dll (+2 others)
[1512/2211  0s] Csc Library/Bee/artifacts/1300b0aE.dag/Unity.PlasticSCM.Editor.Entities.dll (+2 others) [CacheHit 982d7b083f5e2cc67e596ca01f0e082e00000000000000000000000000000006]
[1643/2211  0s] Csc Library/Bee/artifacts/1300b0aE.dag/Unity.PlasticSCM.Editor.Entities.dll (+2 others)
[1520/2211  0s] Csc Library/Bee/artifacts/1300b0aE.dag/Unity.AppUI.Navigation.Editor.dll (+2 others) [CacheHit 7988d63bd9552eca4f7c32e7c2937abe00000000000000000000000000000006]
[1652/2211  0s] Csc Library/Bee/artifacts/1300b0aE.dag/Unity.AppUI.Navigation.Editor.dll (+2 others)
[1521/2211  0s] Csc Library/Bee/artifacts/1300b0aE.dag/Unity.Purchasing.dll (+2 others) [CacheHit 16a365ac1dff771456ec8ac2c0d2dc8e00000000000000000000000000000006]
[1654/2211  0s] Csc Library/Bee/artifacts/1300b0aE.dag/Unity.Purchasing.dll (+2 others)
[1522/2211  0s] Csc Library/Bee/artifacts/1300b0aE.dag/Unity.CollabProxy.Editor.dll (+2 others) [CacheHit 694a8de4978606c48735bdd76697c62f00000000000000000000000000000006]
[1656/2211  0s] Csc Library/Bee/artifacts/1300b0aE.dag/Unity.CollabProxy.Editor.dll (+2 others)
[1523/2211  0s] Csc Library/Bee/artifacts/1300b0aE.dag/ScriptablePacker.dll (+2 others) [CacheHit 2e25e619c91f09032798a2619e55d03500000000000000000000000000000006]
[1658/2211  0s] Csc Library/Bee/artifacts/1300b0aE.dag/ScriptablePacker.dll (+2 others)
[1524/2211  0s] Csc Library/Bee/artifacts/1300b0aE.dag/Unity.AppUI.Redux.Editor.dll (+2 others) [CacheHit 6f9e310ee5650ab51aa5d26e1bf7311f00000000000000000000000000000006]
[1660/2211  0s] Csc Library/Bee/artifacts/1300b0aE.dag/Unity.AppUI.Redux.Editor.dll (+2 others)
[1528/2211  0s] Csc Library/Bee/artifacts/1300b0aE.dag/Unity.Services.Core.Editor.dll (+2 others) [CacheHit 5a0e824a1503dd0e93f0f037e4aea3c300000000000000000000000000000006]
[1665/2211  0s] Csc Library/Bee/artifacts/1300b0aE.dag/Unity.Services.Core.Editor.dll (+2 others)
[1529/2211  0s] Csc Library/Bee/artifacts/1300b0aE.dag/Unity.AI.Generators.Sdk.dll (+2 others) [CacheHit b6c875471dc2aa69c36df5d46f31c0f500000000000000000000000000000006]
[1667/2211  0s] Csc Library/Bee/artifacts/1300b0aE.dag/Unity.AI.Generators.Sdk.dll (+2 others)
[1531/2211  0s] Csc Library/Bee/artifacts/1300b0aE.dag/Unity.PathTracing.Editor.dll (+2 others) [CacheHit 30d8c5da853364a86c206d8e5d61682a00000000000000000000000000000006]
[1671/2211  0s] Csc Library/Bee/artifacts/1300b0aE.dag/Unity.PathTracing.Editor.dll (+2 others)
[1534/2211  0s] Csc Library/Bee/artifacts/1300b0aE.dag/Unity.SurfaceCache.Runtime.dll (+2 others) [CacheHit 3be221222c1ef5a444c5d66d60fcc49300000000000000000000000000000006]
[1674/2211  0s] Csc Library/Bee/artifacts/1300b0aE.dag/Unity.SurfaceCache.Runtime.dll (+2 others)
[1535/2211  0s] Csc Library/Bee/artifacts/1300b0aE.dag/Unity.AI.Generators.UI.dll (+2 others) [CacheHit 5560bbf731887631d6747362c8109c3000000000000000000000000000000006]
[1676/2211  0s] Csc Library/Bee/artifacts/1300b0aE.dag/Unity.AI.Generators.UI.dll (+2 others)
[1538/2211  0s] Csc Library/Bee/artifacts/1300b0aE.dag/Unity.2D.SpriteShape.Editor.dll (+2 others) [CacheHit f82b2f8e29710f3fb0fa755be515f08a00000000000000000000000000000006]
[1680/2211  0s] Csc Library/Bee/artifacts/1300b0aE.dag/Unity.2D.SpriteShape.Editor.dll (+2 others)
[1541/2211  0s] Csc Library/Bee/artifacts/1300b0aE.dag/Unity.VisualScripting.State.Editor.dll (+2 others) [CacheHit 7095ccc0a8c510cc593c074bee4e205700000000000000000000000000000006]
[1684/2211  0s] Csc Library/Bee/artifacts/1300b0aE.dag/Unity.VisualScripting.State.Editor.dll (+2 others)
[1542/2211  0s] Csc Library/Bee/artifacts/1300b0aE.dag/Unity.VisualScripting.SettingsProvider.Editor.dll (+2 others) [CacheHit 80cd917c93e2977fd34485e067610a5000000000000000000000000000000006]
[1686/2211  0s] Csc Library/Bee/artifacts/1300b0aE.dag/Unity.VisualScripting.SettingsProvider.Editor.dll (+2 others)
[1548/2211  0s] Csc Library/Bee/artifacts/1300b0aE.dag/Unity.AI.Search.Editor.dll (+2 others) [CacheHit e49645dced9ea512ba17c83f0bf6b8cf00000000000000000000000000000006]
[1693/2211  0s] Csc Library/Bee/artifacts/1300b0aE.dag/Unity.AI.Search.Editor.dll (+2 others)
[1549/2211  0s] Csc Library/Bee/artifacts/1300b0aE.dag/Unity.Purchasing.AppleStub.dll (+2 others) [CacheHit 996679956c1ce91ae13fa0d5db43039100000000000000000000000000000006]
[1695/2211  0s] Csc Library/Bee/artifacts/1300b0aE.dag/Unity.Purchasing.AppleStub.dll (+2 others)
[1553/2211  0s] Csc Library/Bee/artifacts/1300b0aE.dag/Unity.Purchasing.AppleMacosStub.dll (+2 others) [CacheHit bc57b507c19e4b0da58725ae72a0211700000000000000000000000000000006]
[1700/2211  0s] Csc Library/Bee/artifacts/1300b0aE.dag/Unity.Purchasing.AppleMacosStub.dll (+2 others)
[1554/2211  0s] Csc Library/Bee/artifacts/1300b0aE.dag/Unity.RenderPipelines.Universal.Runtime.dll (+2 others) [CacheHit 2812bb10e0bd92e38d4a5a9229abc6be00000000000000000000000000000006]
[1702/2211  0s] Csc Library/Bee/artifacts/1300b0aE.dag/Unity.RenderPipelines.Universal.Runtime.dll (+2 others)
[1706/2211  0s] CopyFiles Library/ScriptAssemblies/Unity.Rider.Editor.dll
[1558/2211  0s] Csc Library/Bee/artifacts/1300b0aE.dag/Unity.Services.Core.Environments.Editor.dll (+2 others) [CacheHit c7a98f2d094ceac3472b50b6e584336800000000000000000000000000000006]
[1707/2211  0s] Csc Library/Bee/artifacts/1300b0aE.dag/Unity.Services.Core.Environments.Editor.dll (+2 others)
[1561/2211  0s] Csc Library/Bee/artifacts/1300b0aE.dag/Unity.RenderPipelines.Core.Editor.dll (+2 others) [CacheHit 514ca6b9b3631a85beddac1be1c4f27c00000000000000000000000000000006]
[1711/2211  0s] Csc Library/Bee/artifacts/1300b0aE.dag/Unity.RenderPipelines.Core.Editor.dll (+2 others)
[1562/2211  0s] Csc Library/Bee/artifacts/1300b0aE.dag/Unity.AI.ModelSelector.dll (+2 others) [CacheHit fac0b9d5b7af49e600876755079a1d1100000000000000000000000000000006]
[1713/2211  0s] Csc Library/Bee/artifacts/1300b0aE.dag/Unity.AI.ModelSelector.dll (+2 others)
[1566/2211  0s] Csc Library/Bee/artifacts/1300b0aE.dag/Unity.VisualScripting.Shared.Editor.dll (+2 others) [CacheHit 8f16292dfeea666cd6c64711433469fb00000000000000000000000000000006]
[1718/2211  0s] Csc Library/Bee/artifacts/1300b0aE.dag/Unity.VisualScripting.Shared.Editor.dll (+2 others)
[1567/2211  0s] Csc Library/Bee/artifacts/1300b0aE.dag/Unity.Purchasing.Stores.dll (+2 others) [CacheHit 956d0d6784e60b2f38fa2116b874688300000000000000000000000000000006]
[1720/2211  0s] Csc Library/Bee/artifacts/1300b0aE.dag/Unity.Purchasing.Stores.dll (+2 others)
[1722/2211  0s] MovedFromExtractor Library/Bee/artifacts/mvdfrm/Unity.InferenceEngine.Editor.Visualizer.ref.dll_2217253EA82FA35E.mvfrm
[1575/2211  0s] Csc Library/Bee/artifacts/1300b0aE.dag/Unity.AI.Assistant.Tools.Editor.dll (+2 others) [CacheHit 70eeef6b060fe9ae0497723a2fd6386300000000000000000000000000000006]
[1729/2211  0s] Csc Library/Bee/artifacts/1300b0aE.dag/Unity.AI.Assistant.Tools.Editor.dll (+2 others)
[1734/2211  0s] Csc Library/Bee/artifacts/1300b0aE.dag/Acuaria.Simulation.dll (+2 others)
[1737/2211  0s] Csc Library/Bee/artifacts/1300b0aE.dag/Acuaria.Audio.dll (+2 others)
[1582/2211  0s] Csc Library/Bee/artifacts/1300b0aE.dag/Unity.2D.Animation.Runtime.dll (+2 others) [CacheHit 0df67fdacbef89f805ea6a6f326de6c600000000000000000000000000000006]
[1738/2211  0s] Csc Library/Bee/artifacts/1300b0aE.dag/Unity.2D.Animation.Runtime.dll (+2 others)
[1584/2211  0s] Csc Library/Bee/artifacts/1300b0aE.dag/Unity.AI.Sound.dll (+2 others) [CacheHit 590b6ba99390f13c86ebd0715ed62bf500000000000000000000000000000006]
[1740/2211  0s] Csc Library/Bee/artifacts/1300b0aE.dag/Unity.AI.Sound.dll (+2 others)
[1585/2211  0s] Csc Library/Bee/artifacts/1300b0aE.dag/Unity.AI.Animate.dll (+2 others) [CacheHit f67c0b625999f6b5a59526e2d3944d3d00000000000000000000000000000006]
[1742/2211  0s] Csc Library/Bee/artifacts/1300b0aE.dag/Unity.AI.Animate.dll (+2 others)
[1588/2211  0s] Csc Library/Bee/artifacts/1300b0aE.dag/Unity.AI.Image.dll (+2 others) [CacheHit 5571eafb9724eea6db57456e578557af00000000000000000000000000000006]
[1746/2211  0s] Csc Library/Bee/artifacts/1300b0aE.dag/Unity.AI.Image.dll (+2 others)
[1589/2211  0s] Csc Library/Bee/artifacts/1300b0aE.dag/Unity.AI.Pbr.dll (+2 others) [CacheHit d455645fd8d84b4d2602876746942dfa00000000000000000000000000000006]
[1748/2211  0s] Csc Library/Bee/artifacts/1300b0aE.dag/Unity.AI.Pbr.dll (+2 others)
[1590/2211  0s] Csc Library/Bee/artifacts/1300b0aE.dag/Unity.AI.Mesh.dll (+2 others) [CacheHit bb808f1f67df024b222db6a4298a469600000000000000000000000000000006]
[1750/2211  0s] Csc Library/Bee/artifacts/1300b0aE.dag/Unity.AI.Mesh.dll (+2 others)
[1595/2211  0s] Csc Library/Bee/artifacts/1300b0aE.dag/Unity.RenderPipelines.Core.Editor.Shared.dll (+2 others) [CacheHit 5bbb519bd60c9f961d57094814b1a39700000000000000000000000000000006]
[1756/2211  0s] Csc Library/Bee/artifacts/1300b0aE.dag/Unity.RenderPipelines.Core.Editor.Shared.dll (+2 others)
[1596/2211  0s] Csc Library/Bee/artifacts/1300b0aE.dag/Unity.ShaderGraph.Editor.dll (+2 others) [CacheHit 4f55e26c3f7ccaa9bf3eb368f3afaf4900000000000000000000000000000006]
[1758/2211  0s] Csc Library/Bee/artifacts/1300b0aE.dag/Unity.ShaderGraph.Editor.dll (+2 others)
[1597/2211  0s] Csc Library/Bee/artifacts/1300b0aE.dag/Unity.Purchasing.Codeless.dll (+2 others) [CacheHit b5b97f51bd498840a4b9308f742a5e9100000000000000000000000000000006]
[1760/2211  0s] Csc Library/Bee/artifacts/1300b0aE.dag/Unity.Purchasing.Codeless.dll (+2 others)
[1607/2211  0s] Csc Library/Bee/artifacts/1300b0aE.dag/Unity.AI.Assistant.UI.Editor.dll (+2 others) [CacheHit b994abccf07e177ba8d6e2ffc96aecf100000000000000000000000000000006]
[1771/2211  0s] Csc Library/Bee/artifacts/1300b0aE.dag/Unity.AI.Assistant.UI.Editor.dll (+2 others)
[1608/2211  0s] Csc Library/Bee/artifacts/1300b0aE.dag/Unity.RenderPipelines.Universal.2D.Runtime.dll (+2 others) [CacheHit b369ad1a674eaab16afb28f3fb4cb46800000000000000000000000000000006]
[1773/2211  0s] Csc Library/Bee/artifacts/1300b0aE.dag/Unity.RenderPipelines.Universal.2D.Runtime.dll (+2 others)
[1609/2211  0s] Csc Library/Bee/artifacts/1300b0aE.dag/Unity.2D.IK.Runtime.dll (+2 others) [CacheHit da018ce73c1727803a5d20b716907b8300000000000000000000000000000006]
[1775/2211  0s] Csc Library/Bee/artifacts/1300b0aE.dag/Unity.2D.IK.Runtime.dll (+2 others)
[1610/2211  0s] Csc Library/Bee/artifacts/1300b0aE.dag/Unity.2D.Animation.Editor.dll (+2 others) [CacheHit 6283101af1207d918b643e07dfb602ba00000000000000000000000000000006]
[1777/2211  0s] Csc Library/Bee/artifacts/1300b0aE.dag/Unity.2D.Animation.Editor.dll (+2 others)
[1780/2211  0s] MovedFromExtractor-Combine Library/Bee/artifacts/1300b0aE.dag/Unity.InferenceEngine.Editor.dll.mvfrm
[1624/2211  0s] Csc Library/Bee/artifacts/1300b0aE.dag/UnityEditor.Purchasing.dll (+2 others) [CacheHit 7ccc4a31a7599046e1a6665ab3517d5700000000000000000000000000000006]
[1792/2211  0s] Csc Library/Bee/artifacts/1300b0aE.dag/UnityEditor.Purchasing.dll (+2 others)
[1625/2211  0s] Csc Library/Bee/artifacts/1300b0aE.dag/Unity.AI.Generators.Tools.dll (+2 others) [CacheHit 13f4fbb10c5ab6b35a28de56f42ad02b00000000000000000000000000000006]
[1794/2211  0s] Csc Library/Bee/artifacts/1300b0aE.dag/Unity.AI.Generators.Tools.dll (+2 others)
[1626/2211  0s] Csc Library/Bee/artifacts/1300b0aE.dag/Unity.RenderPipelines.Universal.2D.Editor.Overrides.dll (+2 others) [CacheHit f9ca1ff55cfad0e86ba1eb22c5106c2a00000000000000000000000000000006]
[1796/2211  0s] Csc Library/Bee/artifacts/1300b0aE.dag/Unity.RenderPipelines.Universal.2D.Editor.Overrides.dll (+2 others)
[1627/2211  0s] Csc Library/Bee/artifacts/1300b0aE.dag/Unity.2D.Aseprite.Editor.dll (+2 others) [CacheHit 56676f77e32d1f079eadec474c9731e500000000000000000000000000000006]
[1798/2211  0s] Csc Library/Bee/artifacts/1300b0aE.dag/Unity.2D.Aseprite.Editor.dll (+2 others)
[1628/2211  0s] Csc Library/Bee/artifacts/1300b0aE.dag/Unity.InferenceEngine.Editor.dll (+2 others) [CacheHit b5aa4dfd957b2eb2268a7386532f93a000000000000000000000000000000006]
[1800/2211  0s] Csc Library/Bee/artifacts/1300b0aE.dag/Unity.InferenceEngine.Editor.dll (+2 others)
[1631/2211  0s] Csc Library/Bee/artifacts/1300b0aE.dag/Unity.RenderPipelines.Universal.Editor.dll (+2 others) [CacheHit 804df32a901c6b75bee71585135b25ab00000000000000000000000000000006]
[1804/2211  0s] Csc Library/Bee/artifacts/1300b0aE.dag/Unity.RenderPipelines.Universal.Editor.dll (+2 others)
[1632/2211  0s] Csc Library/Bee/artifacts/1300b0aE.dag/Unity.2D.IK.Editor.dll (+2 others) [CacheHit 88b72c649959a203c8a8c2039211b1ab00000000000000000000000000000006]
[1806/2211  0s] Csc Library/Bee/artifacts/1300b0aE.dag/Unity.2D.IK.Editor.dll (+2 others)
[1633/2211  0s] Csc Library/Bee/artifacts/1300b0aE.dag/Unity.AI.Assistant.API.Editor.dll (+2 others) [CacheHit 87f7a088055caa0685b95b4dac1e470300000000000000000000000000000006]
[1808/2211  0s] Csc Library/Bee/artifacts/1300b0aE.dag/Unity.AI.Assistant.API.Editor.dll (+2 others)
[1636/2211  0s] Csc Library/Bee/artifacts/1300b0aE.dag/Unity.2D.Psdimporter.Editor.dll (+2 others) [CacheHit e2a3e28e3a9fafa0b0ca1f8b9664e53f00000000000000000000000000000006]
[1812/2211  0s] Csc Library/Bee/artifacts/1300b0aE.dag/Unity.2D.Psdimporter.Editor.dll (+2 others)
[1637/2211  0s] Csc Library/Bee/artifacts/1300b0aE.dag/Unity.AI.Assistant.AssetGenerators.Editor.dll (+2 others) [CacheHit 4203615ad94e2f081d02219d34cfaee700000000000000000000000000000006]
[1814/2211  0s] Csc Library/Bee/artifacts/1300b0aE.dag/Unity.AI.Assistant.AssetGenerators.Editor.dll (+2 others)
[1816/2211  0s] Csc Library/Bee/artifacts/1300b0aE.dag/Acuaria.Fish.dll (+2 others)
[1641/2211  0s] Csc Library/Bee/artifacts/1300b0aE.dag/Unity.AI.Assistant.Integrations.Profiler.Editor.dll (+2 others) [CacheHit 17ff9d02450553b77532d608581c081300000000000000000000000000000006]
[1819/2211  0s] Csc Library/Bee/artifacts/1300b0aE.dag/Unity.AI.Assistant.Integrations.Profiler.Editor.dll (+2 others)
[1642/2211  0s] Csc Library/Bee/artifacts/1300b0aE.dag/Unity.AI.MCP.Editor.dll (+2 others) [CacheHit 6b40279a6baa39c0ba5c850eaf5c230900000000000000000000000000000006]
[1821/2211  0s] Csc Library/Bee/artifacts/1300b0aE.dag/Unity.AI.MCP.Editor.dll (+2 others)
[1823/2211  0s] Csc Library/Bee/artifacts/1300b0aE.dag/Acuaria.Feeding.EditModeTests.dll (+2 others)
[1824/2211  0s] Csc Library/Bee/artifacts/1300b0aE.dag/Acuaria.Aquarium.dll (+2 others)
[1825/2211  0s] Csc Library/Bee/artifacts/1300b0aE.dag/Acuaria.Fish.EditModeTests.dll (+2 others)
[1826/2211  0s] Csc Library/Bee/artifacts/1300b0aE.dag/Acuaria.UI.dll (+2 others)
[1827/2211  0s] Csc Library/Bee/artifacts/1300b0aE.dag/Acuaria.Room.dll (+2 others)
[1828/2211  0s] Csc Library/Bee/artifacts/1300b0aE.dag/Acuaria.Aquarium.EditModeTests.dll (+2 others)
[1829/2211  0s] Csc Library/Bee/artifacts/1300b0aE.dag/Acuaria.Room.EditModeTests.dll (+2 others)
[1830/2211  0s] Csc Library/Bee/artifacts/1300b0aE.dag/Acuaria.Editor.dll (+2 others)
[1831/2211  0s] ILPP-Configuration Library/ilpp-configuration.nevergeneratedoutput
[1832/2211  0s] ILPostProcess Library/Bee/artifacts/1300b0aE.dag/post-processed/Acuaria.Simulation.dll (+pdb)
Processing assembly Library/Bee/artifacts/1300b0aE.dag/Acuaria.Simulation.dll, with 152 defines and 304 references

processors: Unity.Jobs.CodeGen.JobsILPostProcessor, zzzUnity.Burst.CodeGen.BurstILPostProcessor

running Unity.Jobs.CodeGen.JobsILPostProcessor

running zzzUnity.Burst.CodeGen.BurstILPostProcessor
[1833/2211  0s] ILPostProcess Library/Bee/artifacts/1300b0aE.dag/post-processed/Acuaria.Audio.dll (+pdb)
Processing assembly Library/Bee/artifacts/1300b0aE.dag/Acuaria.Audio.dll, with 152 defines and 304 references

processors: Unity.Jobs.CodeGen.JobsILPostProcessor, zzzUnity.Burst.CodeGen.BurstILPostProcessor

running Unity.Jobs.CodeGen.JobsILPostProcessor

running zzzUnity.Burst.CodeGen.BurstILPostProcessor
[1834/2211  0s] ILPostProcess Library/Bee/artifacts/1300b0aE.dag/post-processed/Unity.Purchasing.SecurityStub.dll (+pdb)
Processing assembly Library/Bee/artifacts/1300b0aE.dag/Unity.Purchasing.SecurityStub.dll, with 152 defines and 304 references

processors: Unity.Jobs.CodeGen.JobsILPostProcessor, zzzUnity.Burst.CodeGen.BurstILPostProcessor

running Unity.Jobs.CodeGen.JobsILPostProcessor

running zzzUnity.Burst.CodeGen.BurstILPostProcessor
[1835/2211  0s] ILPostProcess Library/Bee/artifacts/1300b0aE.dag/post-processed/Unity.Purchasing.SecurityCore.dll (+pdb)
Processing assembly Library/Bee/artifacts/1300b0aE.dag/Unity.Purchasing.SecurityCore.dll, with 152 defines and 303 references

processors: Unity.Jobs.CodeGen.JobsILPostProcessor, zzzUnity.Burst.CodeGen.BurstILPostProcessor

running Unity.Jobs.CodeGen.JobsILPostProcessor

running zzzUnity.Burst.CodeGen.BurstILPostProcessor
[1836/2211  0s] ILPostProcess Library/Bee/artifacts/1300b0aE.dag/post-processed/Unity.Services.Core.Components.dll (+pdb)
Processing assembly Library/Bee/artifacts/1300b0aE.dag/Unity.Services.Core.Components.dll, with 152 defines and 306 references

processors: Unity.Jobs.CodeGen.JobsILPostProcessor, zzzUnity.Burst.CodeGen.BurstILPostProcessor

running Unity.Jobs.CodeGen.JobsILPostProcessor

running zzzUnity.Burst.CodeGen.BurstILPostProcessor
[1837/2211  0s] ILPostProcess Library/Bee/artifacts/1300b0aE.dag/post-processed/Unity.RenderPipelines.Core.ShaderLibrary.dll (+pdb)
Processing assembly Library/Bee/artifacts/1300b0aE.dag/Unity.RenderPipelines.Core.ShaderLibrary.dll, with 152 defines and 303 references

processors: Unity.Jobs.CodeGen.JobsILPostProcessor, zzzUnity.Burst.CodeGen.BurstILPostProcessor

running Unity.Jobs.CodeGen.JobsILPostProcessor

running zzzUnity.Burst.CodeGen.BurstILPostProcessor
[1838/2211  0s] ILPostProcess Library/Bee/artifacts/1300b0aE.dag/post-processed/Unity.Services.Core.Device.dll (+pdb)
Processing assembly Library/Bee/artifacts/1300b0aE.dag/Unity.Services.Core.Device.dll, with 152 defines and 304 references

processors: Unity.Jobs.CodeGen.JobsILPostProcessor, zzzUnity.Burst.CodeGen.BurstILPostProcessor

running Unity.Jobs.CodeGen.JobsILPostProcessor

running zzzUnity.Burst.CodeGen.BurstILPostProcessor
[1839/2211  0s] ILPostProcess Library/Bee/artifacts/1300b0aE.dag/post-processed/Unity.Services.Core.Environments.Internal.dll (+pdb)
Processing assembly Library/Bee/artifacts/1300b0aE.dag/Unity.Services.Core.Environments.Internal.dll, with 152 defines and 304 references

processors: Unity.Jobs.CodeGen.JobsILPostProcessor, zzzUnity.Burst.CodeGen.BurstILPostProcessor

running Unity.Jobs.CodeGen.JobsILPostProcessor

running zzzUnity.Burst.CodeGen.BurstILPostProcessor
[1840/2211  0s] ILPostProcess Library/Bee/artifacts/1300b0aE.dag/post-processed/Unity.AI.MCP.Runtime.dll (+pdb)
Processing assembly Library/Bee/artifacts/1300b0aE.dag/Unity.AI.MCP.Runtime.dll, with 152 defines and 303 references

processors: Unity.Jobs.CodeGen.JobsILPostProcessor, zzzUnity.Burst.CodeGen.BurstILPostProcessor

running Unity.Jobs.CodeGen.JobsILPostProcessor

running zzzUnity.Burst.CodeGen.BurstILPostProcessor
[1841/2211  0s] ILPostProcess Library/Bee/artifacts/1300b0aE.dag/post-processed/Unity.Services.Core.Threading.dll (+pdb)
Processing assembly Library/Bee/artifacts/1300b0aE.dag/Unity.Services.Core.Threading.dll, with 152 defines and 305 references

processors: Unity.Jobs.CodeGen.JobsILPostProcessor, zzzUnity.Burst.CodeGen.BurstILPostProcessor

running Unity.Jobs.CodeGen.JobsILPostProcessor

running zzzUnity.Burst.CodeGen.BurstILPostProcessor
[1842/2211  0s] ILPostProcess Library/Bee/artifacts/1300b0aE.dag/post-processed/Unity.PerformanceTesting.dll (+pdb)
Processing assembly Library/Bee/artifacts/1300b0aE.dag/Unity.PerformanceTesting.dll, with 153 defines and 283 references

processors: Unity.Jobs.CodeGen.JobsILPostProcessor, zzzUnity.Burst.CodeGen.BurstILPostProcessor

running Unity.Jobs.CodeGen.JobsILPostProcessor

running zzzUnity.Burst.CodeGen.BurstILPostProcessor
[1843/2211  0s] ILPostProcess Library/Bee/artifacts/1300b0aE.dag/post-processed/Acuaria.Core.dll (+pdb)
Processing assembly Library/Bee/artifacts/1300b0aE.dag/Acuaria.Core.dll, with 152 defines and 303 references

processors: Unity.Jobs.CodeGen.JobsILPostProcessor, zzzUnity.Burst.CodeGen.BurstILPostProcessor

running Unity.Jobs.CodeGen.JobsILPostProcessor

running zzzUnity.Burst.CodeGen.BurstILPostProcessor
[1844/2211  0s] ILPostProcess Library/Bee/artifacts/1300b0aE.dag/post-processed/Acuaria.Food.dll (+pdb)
Processing assembly Library/Bee/artifacts/1300b0aE.dag/Acuaria.Food.dll, with 152 defines and 304 references

processors: Unity.Jobs.CodeGen.JobsILPostProcessor, zzzUnity.Burst.CodeGen.BurstILPostProcessor

running Unity.Jobs.CodeGen.JobsILPostProcessor

running zzzUnity.Burst.CodeGen.BurstILPostProcessor
[1845/2211  0s] ILPostProcess Library/Bee/artifacts/1300b0aE.dag/post-processed/Unity.VisualScripting.Core.dll (+pdb)
Processing assembly Library/Bee/artifacts/1300b0aE.dag/Unity.VisualScripting.Core.dll, with 157 defines and 304 references

processors: Unity.Jobs.CodeGen.JobsILPostProcessor, zzzUnity.Burst.CodeGen.BurstILPostProcessor

running Unity.Jobs.CodeGen.JobsILPostProcessor

running zzzUnity.Burst.CodeGen.BurstILPostProcessor
[1846/2211  0s] ILPostProcess Library/Bee/artifacts/1300b0aE.dag/post-processed/Unity.Services.Core.Networking.dll (+pdb)
Processing assembly Library/Bee/artifacts/1300b0aE.dag/Unity.Services.Core.Networking.dll, with 152 defines and 305 references

processors: Unity.Jobs.CodeGen.JobsILPostProcessor, zzzUnity.Burst.CodeGen.BurstILPostProcessor

running Unity.Jobs.CodeGen.JobsILPostProcessor

running zzzUnity.Burst.CodeGen.BurstILPostProcessor
[1847/2211  0s] ILPostProcess Library/Bee/artifacts/1300b0aE.dag/post-processed/Unity.InferenceEngine.iOSBLAS.dll (+pdb)
Processing assembly Library/Bee/artifacts/1300b0aE.dag/Unity.InferenceEngine.iOSBLAS.dll, with 152 defines and 304 references

processors: Unity.Jobs.CodeGen.JobsILPostProcessor, zzzUnity.Burst.CodeGen.BurstILPostProcessor

running Unity.Jobs.CodeGen.JobsILPostProcessor

running zzzUnity.Burst.CodeGen.BurstILPostProcessor
[1848/2211  0s] ILPostProcess Library/Bee/artifacts/1300b0aE.dag/post-processed/Unity.RenderPipeline.Universal.ShaderLibrary.dll (+pdb)
Processing assembly Library/Bee/artifacts/1300b0aE.dag/Unity.RenderPipeline.Universal.ShaderLibrary.dll, with 152 defines and 304 references

processors: Unity.Jobs.CodeGen.JobsILPostProcessor, zzzUnity.Burst.CodeGen.BurstILPostProcessor

running Unity.Jobs.CodeGen.JobsILPostProcessor

running zzzUnity.Burst.CodeGen.BurstILPostProcessor
[1849/2211  0s] ILPostProcess Library/Bee/artifacts/1300b0aE.dag/post-processed/Unity.Services.Core.Analytics.dll (+pdb)
Processing assembly Library/Bee/artifacts/1300b0aE.dag/Unity.Services.Core.Analytics.dll, with 152 defines and 304 references

processors: Unity.Jobs.CodeGen.JobsILPostProcessor, zzzUnity.Burst.CodeGen.BurstILPostProcessor

running Unity.Jobs.CodeGen.JobsILPostProcessor

running zzzUnity.Burst.CodeGen.BurstILPostProcessor
[1850/2211  0s] ILPostProcess Library/Bee/artifacts/1300b0aE.dag/post-processed/Unity.InferenceEngine.MacBLAS.dll (+pdb)
Processing assembly Library/Bee/artifacts/1300b0aE.dag/Unity.InferenceEngine.MacBLAS.dll, with 152 defines and 304 references

processors: Unity.Jobs.CodeGen.JobsILPostProcessor, zzzUnity.Burst.CodeGen.BurstILPostProcessor

running Unity.Jobs.CodeGen.JobsILPostProcessor

running zzzUnity.Burst.CodeGen.BurstILPostProcessor
[1851/2211  0s] ILPostProcess Library/Bee/artifacts/1300b0aE.dag/post-processed/Unity.AI.Tracing.dll (+pdb)
Processing assembly Library/Bee/artifacts/1300b0aE.dag/Unity.AI.Tracing.dll, with 152 defines and 287 references

processors: Unity.Jobs.CodeGen.JobsILPostProcessor, zzzUnity.Burst.CodeGen.BurstILPostProcessor

running Unity.Jobs.CodeGen.JobsILPostProcessor

running zzzUnity.Burst.CodeGen.BurstILPostProcessor
[1852/2211  0s] ILPostProcess Library/Bee/artifacts/1300b0aE.dag/post-processed/Unity.Purchasing.Utilities.dll (+pdb)
Processing assembly Library/Bee/artifacts/1300b0aE.dag/Unity.Purchasing.Utilities.dll, with 152 defines and 303 references

processors: Unity.Jobs.CodeGen.JobsILPostProcessor, zzzUnity.Burst.CodeGen.BurstILPostProcessor

running Unity.Jobs.CodeGen.JobsILPostProcessor

running zzzUnity.Burst.CodeGen.BurstILPostProcessor
[1853/2211  0s] ILPostProcess Library/Bee/artifacts/1300b0aE.dag/post-processed/Acuaria.Fish.dll (+pdb)
Processing assembly Library/Bee/artifacts/1300b0aE.dag/Acuaria.Fish.dll, with 152 defines and 305 references

processors: Unity.Jobs.CodeGen.JobsILPostProcessor, zzzUnity.Burst.CodeGen.BurstILPostProcessor

running Unity.Jobs.CodeGen.JobsILPostProcessor

running zzzUnity.Burst.CodeGen.BurstILPostProcessor
[1854/2211  0s] ILPostProcess Library/Bee/artifacts/1300b0aE.dag/post-processed/Unity.Microsoft.GDK.Tools.dll (+pdb)
Processing assembly Library/Bee/artifacts/1300b0aE.dag/Unity.Microsoft.GDK.Tools.dll, with 152 defines and 303 references

processors: Unity.Jobs.CodeGen.JobsILPostProcessor, zzzUnity.Burst.CodeGen.BurstILPostProcessor

running Unity.Jobs.CodeGen.JobsILPostProcessor

running zzzUnity.Burst.CodeGen.BurstILPostProcessor
[1855/2211  0s] ILPostProcess Library/Bee/artifacts/1300b0aE.dag/post-processed/Unity.Purchasing.WebshopService.dll (+pdb)
Processing assembly Library/Bee/artifacts/1300b0aE.dag/Unity.Purchasing.WebshopService.dll, with 152 defines and 307 references

processors: Unity.Jobs.CodeGen.JobsILPostProcessor, zzzUnity.Burst.CodeGen.BurstILPostProcessor

running Unity.Jobs.CodeGen.JobsILPostProcessor

running zzzUnity.Burst.CodeGen.BurstILPostProcessor
[1856/2211  0s] ILPostProcess Library/Bee/artifacts/1300b0aE.dag/post-processed/Unity.Microsoft.GDK.dll (+pdb)
Processing assembly Library/Bee/artifacts/1300b0aE.dag/Unity.Microsoft.GDK.dll, with 152 defines and 303 references

processors: Unity.Jobs.CodeGen.JobsILPostProcessor, zzzUnity.Burst.CodeGen.BurstILPostProcessor

running Unity.Jobs.CodeGen.JobsILPostProcessor

running zzzUnity.Burst.CodeGen.BurstILPostProcessor
[1857/2211  0s] ILPostProcess Library/Bee/artifacts/1300b0aE.dag/post-processed/Unity.Purchasing.LiveContentAdapterService.dll (+pdb)
Processing assembly Library/Bee/artifacts/1300b0aE.dag/Unity.Purchasing.LiveContentAdapterService.dll, with 152 defines and 307 references

processors: Unity.Jobs.CodeGen.JobsILPostProcessor, zzzUnity.Burst.CodeGen.BurstILPostProcessor

running Unity.Jobs.CodeGen.JobsILPostProcessor

running zzzUnity.Burst.CodeGen.BurstILPostProcessor
[1858/2211  0s] ILPostProcess Library/Bee/artifacts/1300b0aE.dag/post-processed/Unity.Purchasing.Stores.XboxCloudServices.dll (+pdb)
Processing assembly Library/Bee/artifacts/1300b0aE.dag/Unity.Purchasing.Stores.XboxCloudServices.dll, with 153 defines and 305 references

processors: Unity.Jobs.CodeGen.JobsILPostProcessor, zzzUnity.Burst.CodeGen.BurstILPostProcessor

running Unity.Jobs.CodeGen.JobsILPostProcessor

running zzzUnity.Burst.CodeGen.BurstILPostProcessor
[1859/2211  0s] ILPostProcess Library/Bee/artifacts/1300b0aE.dag/post-processed/Unity.InferenceEngine.Tokenization.dll (+pdb)
Processing assembly Library/Bee/artifacts/1300b0aE.dag/Unity.InferenceEngine.Tokenization.dll, with 152 defines and 287 references

processors: Unity.Jobs.CodeGen.JobsILPostProcessor, zzzUnity.Burst.CodeGen.BurstILPostProcessor

running Unity.Jobs.CodeGen.JobsILPostProcessor

running zzzUnity.Burst.CodeGen.BurstILPostProcessor
[1860/2211  0s] ILPostProcess Library/Bee/artifacts/1300b0aE.dag/post-processed/Acuaria.Room.dll (+pdb)
Processing assembly Library/Bee/artifacts/1300b0aE.dag/Acuaria.Room.dll, with 152 defines and 306 references

processors: Unity.Jobs.CodeGen.JobsILPostProcessor, zzzUnity.Burst.CodeGen.BurstILPostProcessor

running Unity.Jobs.CodeGen.JobsILPostProcessor

running zzzUnity.Burst.CodeGen.BurstILPostProcessor
[1861/2211  0s] ILPostProcess Library/Bee/artifacts/1300b0aE.dag/post-processed/Unity.AppUI.InternalAPIBridge.dll (+pdb)
Processing assembly Library/Bee/artifacts/1300b0aE.dag/Unity.AppUI.InternalAPIBridge.dll, with 153 defines and 287 references

processors: Unity.Jobs.CodeGen.JobsILPostProcessor, zzzUnity.Burst.CodeGen.BurstILPostProcessor

running Unity.Jobs.CodeGen.JobsILPostProcessor

running zzzUnity.Burst.CodeGen.BurstILPostProcessor
[1862/2211  0s] ILPostProcess Library/Bee/artifacts/1300b0aE.dag/post-processed/Unity.VisualScripting.DocCodeExamples.dll (+pdb)
Processing assembly Library/Bee/artifacts/1300b0aE.dag/Unity.VisualScripting.DocCodeExamples.dll, with 152 defines and 288 references

processors: Unity.Jobs.CodeGen.JobsILPostProcessor, zzzUnity.Burst.CodeGen.BurstILPostProcessor

running Unity.Jobs.CodeGen.JobsILPostProcessor

running zzzUnity.Burst.CodeGen.BurstILPostProcessor
[1863/2211  0s] ILPostProcess Library/Bee/artifacts/1300b0aE.dag/post-processed/Unity.InternalAPIEngineBridge.001.dll (+pdb)
Processing assembly Library/Bee/artifacts/1300b0aE.dag/Unity.InternalAPIEngineBridge.001.dll, with 152 defines and 303 references

processors: Unity.Jobs.CodeGen.JobsILPostProcessor, zzzUnity.Burst.CodeGen.BurstILPostProcessor

running Unity.Jobs.CodeGen.JobsILPostProcessor

running zzzUnity.Burst.CodeGen.BurstILPostProcessor
[1864/2211  0s] ILPostProcess Library/Bee/artifacts/1300b0aE.dag/post-processed/Unity.TextMeshPro.dll (+pdb)
Processing assembly Library/Bee/artifacts/1300b0aE.dag/Unity.TextMeshPro.dll, with 153 defines and 304 references

processors: Unity.Jobs.CodeGen.JobsILPostProcessor, zzzUnity.Burst.CodeGen.BurstILPostProcessor

running Unity.Jobs.CodeGen.JobsILPostProcessor

running zzzUnity.Burst.CodeGen.BurstILPostProcessor
[1865/2211  0s] ILPostProcess Library/Bee/artifacts/1300b0aE.dag/post-processed/UnityEngine.UI.dll (+pdb)
Processing assembly Library/Bee/artifacts/1300b0aE.dag/UnityEngine.UI.dll, with 158 defines and 301 references

processors: Unity.Jobs.CodeGen.JobsILPostProcessor, zzzUnity.Burst.CodeGen.BurstILPostProcessor

running Unity.Jobs.CodeGen.JobsILPostProcessor

running zzzUnity.Burst.CodeGen.BurstILPostProcessor
[1866/2211  0s] ILPostProcess Library/Bee/artifacts/1300b0aE.dag/post-processed/Unity.Services.Core.Configuration.dll (+pdb)
Processing assembly Library/Bee/artifacts/1300b0aE.dag/Unity.Services.Core.Configuration.dll, with 152 defines and 305 references

processors: Unity.Jobs.CodeGen.JobsILPostProcessor, zzzUnity.Burst.CodeGen.BurstILPostProcessor

running Unity.Jobs.CodeGen.JobsILPostProcessor

running zzzUnity.Burst.CodeGen.BurstILPostProcessor
[1867/2211  0s] ILPostProcess Library/Bee/artifacts/1300b0aE.dag/post-processed/Unity.VisualScripting.State.dll (+pdb)
Processing assembly Library/Bee/artifacts/1300b0aE.dag/Unity.VisualScripting.State.dll, with 152 defines and 305 references

processors: Unity.Jobs.CodeGen.JobsILPostProcessor, zzzUnity.Burst.CodeGen.BurstILPostProcessor

running Unity.Jobs.CodeGen.JobsILPostProcessor

running zzzUnity.Burst.CodeGen.BurstILPostProcessor
[1868/2211  0s] ILPostProcess Library/Bee/artifacts/1300b0aE.dag/post-processed/Unity.SurfaceCache.Runtime.dll (+pdb)
Processing assembly Library/Bee/artifacts/1300b0aE.dag/Unity.SurfaceCache.Runtime.dll, with 152 defines and 307 references

processors: Unity.Jobs.CodeGen.JobsILPostProcessor, zzzUnity.Burst.CodeGen.BurstILPostProcessor

running Unity.Jobs.CodeGen.JobsILPostProcessor

running zzzUnity.Burst.CodeGen.BurstILPostProcessor
[1869/2211  0s] ILPostProcess Library/Bee/artifacts/1300b0aE.dag/post-processed/Unity.InternalAPIEngineBridge.004.dll (+pdb)
Processing assembly Library/Bee/artifacts/1300b0aE.dag/Unity.InternalAPIEngineBridge.004.dll, with 152 defines and 303 references

processors: Unity.Jobs.CodeGen.JobsILPostProcessor, zzzUnity.Burst.CodeGen.BurstILPostProcessor

running Unity.Jobs.CodeGen.JobsILPostProcessor

running zzzUnity.Burst.CodeGen.BurstILPostProcessor
[1870/2211  0s] ILPostProcess Library/Bee/artifacts/1300b0aE.dag/post-processed/Unity.2D.Tilemap.Extras.dll (+pdb)
Processing assembly Library/Bee/artifacts/1300b0aE.dag/Unity.2D.Tilemap.Extras.dll, with 152 defines and 304 references

processors: Unity.Jobs.CodeGen.JobsILPostProcessor, zzzUnity.Burst.CodeGen.BurstILPostProcessor

running Unity.Jobs.CodeGen.JobsILPostProcessor

running zzzUnity.Burst.CodeGen.BurstILPostProcessor
[1871/2211  0s] ILPostProcess Library/Bee/artifacts/1300b0aE.dag/post-processed/Unity.VisualScripting.Flow.dll (+pdb)
Processing assembly Library/Bee/artifacts/1300b0aE.dag/Unity.VisualScripting.Flow.dll, with 160 defines and 305 references

processors: Unity.Jobs.CodeGen.JobsILPostProcessor, zzzUnity.Burst.CodeGen.BurstILPostProcessor

running Unity.Jobs.CodeGen.JobsILPostProcessor

running zzzUnity.Burst.CodeGen.BurstILPostProcessor
[1872/2211  0s] ILPostProcess Library/Bee/artifacts/1300b0aE.dag/post-processed/Acuaria.UI.dll (+pdb)
Processing assembly Library/Bee/artifacts/1300b0aE.dag/Acuaria.UI.dll, with 152 defines and 309 references

processors: Unity.Jobs.CodeGen.JobsILPostProcessor, zzzUnity.Burst.CodeGen.BurstILPostProcessor

running Unity.Jobs.CodeGen.JobsILPostProcessor

running zzzUnity.Burst.CodeGen.BurstILPostProcessor
[1873/2211  0s] ILPostProcess Library/Bee/artifacts/1300b0aE.dag/post-processed/Unity.RenderPipelines.Universal.Shaders.dll (+pdb)
Processing assembly Library/Bee/artifacts/1300b0aE.dag/Unity.RenderPipelines.Universal.Shaders.dll, with 152 defines and 303 references

processors: Unity.Jobs.CodeGen.JobsILPostProcessor, zzzUnity.Burst.CodeGen.BurstILPostProcessor

running Unity.Jobs.CodeGen.JobsILPostProcessor

running zzzUnity.Burst.CodeGen.BurstILPostProcessor
[1874/2211  0s] ILPostProcess Library/Bee/artifacts/1300b0aE.dag/post-processed/Unity.Services.Core.Scheduler.dll (+pdb)
Processing assembly Library/Bee/artifacts/1300b0aE.dag/Unity.Services.Core.Scheduler.dll, with 152 defines and 305 references

processors: Unity.Jobs.CodeGen.JobsILPostProcessor, zzzUnity.Burst.CodeGen.BurstILPostProcessor

running Unity.Jobs.CodeGen.JobsILPostProcessor

running zzzUnity.Burst.CodeGen.BurstILPostProcessor
[1875/2211  0s] ILPostProcess Library/Bee/artifacts/1300b0aE.dag/post-processed/Unity.InputSystem.dll (+pdb)
Processing assembly Library/Bee/artifacts/1300b0aE.dag/Unity.InputSystem.dll, with 164 defines and 303 references

processors: Unity.Jobs.CodeGen.JobsILPostProcessor, zzzUnity.Burst.CodeGen.BurstILPostProcessor

running Unity.Jobs.CodeGen.JobsILPostProcessor

running zzzUnity.Burst.CodeGen.BurstILPostProcessor
[1876/2211  0s] ILPostProcess Library/Bee/artifacts/1300b0aE.dag/post-processed/Acuaria.Aquarium.dll (+pdb)
Processing assembly Library/Bee/artifacts/1300b0aE.dag/Acuaria.Aquarium.dll, with 152 defines and 305 references

processors: Unity.Jobs.CodeGen.JobsILPostProcessor, zzzUnity.Burst.CodeGen.BurstILPostProcessor

running Unity.Jobs.CodeGen.JobsILPostProcessor

running zzzUnity.Burst.CodeGen.BurstILPostProcessor
[1877/2211  0s] ILPostProcess Library/Bee/artifacts/1300b0aE.dag/post-processed/Unity.Services.Core.Environments.dll (+pdb)
Processing assembly Library/Bee/artifacts/1300b0aE.dag/Unity.Services.Core.Environments.dll, with 152 defines and 305 references

processors: Unity.Jobs.CodeGen.JobsILPostProcessor, zzzUnity.Burst.CodeGen.BurstILPostProcessor

running Unity.Jobs.CodeGen.JobsILPostProcessor

running zzzUnity.Burst.CodeGen.BurstILPostProcessor
[1878/2211  0s] ILPostProcess Library/Bee/artifacts/1300b0aE.dag/post-processed/Unity.RenderPipelines.ShaderGraph.ShaderGraphLibrary.dll (+pdb)
Processing assembly Library/Bee/artifacts/1300b0aE.dag/Unity.RenderPipelines.ShaderGraph.ShaderGraphLibrary.dll, with 152 defines and 303 references

processors: Unity.Jobs.CodeGen.JobsILPostProcessor, zzzUnity.Burst.CodeGen.BurstILPostProcessor

running Unity.Jobs.CodeGen.JobsILPostProcessor

running zzzUnity.Burst.CodeGen.BurstILPostProcessor
[1879/2211  0s] ILPostProcess Library/Bee/artifacts/1300b0aE.dag/post-processed/Unity.RenderPipelines.Universal.Config.Runtime.dll (+pdb)
Processing assembly Library/Bee/artifacts/1300b0aE.dag/Unity.RenderPipelines.Universal.Config.Runtime.dll, with 152 defines and 304 references

processors: Unity.Jobs.CodeGen.JobsILPostProcessor, zzzUnity.Burst.CodeGen.BurstILPostProcessor

running Unity.Jobs.CodeGen.JobsILPostProcessor

running zzzUnity.Burst.CodeGen.BurstILPostProcessor
[1880/2211  0s] ILPostProcess Library/Bee/artifacts/1300b0aE.dag/post-processed/Unity.AppUI.Undo.dll (+pdb)
Processing assembly Library/Bee/artifacts/1300b0aE.dag/Unity.AppUI.Undo.dll, with 152 defines and 287 references

processors: Unity.Jobs.CodeGen.JobsILPostProcessor, zzzUnity.Burst.CodeGen.BurstILPostProcessor

running Unity.Jobs.CodeGen.JobsILPostProcessor

running zzzUnity.Burst.CodeGen.BurstILPostProcessor
[1881/2211  0s] ILPostProcess Library/Bee/artifacts/1300b0aE.dag/post-processed/Unity.Purchasing.PaymentProviderService.dll (+pdb)
Processing assembly Library/Bee/artifacts/1300b0aE.dag/Unity.Purchasing.PaymentProviderService.dll, with 152 defines and 307 references

processors: Unity.Jobs.CodeGen.JobsILPostProcessor, zzzUnity.Burst.CodeGen.BurstILPostProcessor

running Unity.Jobs.CodeGen.JobsILPostProcessor

running zzzUnity.Burst.CodeGen.BurstILPostProcessor
[1882/2211  0s] ILPostProcess Library/Bee/artifacts/1300b0aE.dag/post-processed/Unity.Services.Core.dll (+pdb)
Processing assembly Library/Bee/artifacts/1300b0aE.dag/Unity.Services.Core.dll, with 152 defines and 303 references

processors: Unity.Jobs.CodeGen.JobsILPostProcessor, zzzUnity.Burst.CodeGen.BurstILPostProcessor

running Unity.Jobs.CodeGen.JobsILPostProcessor

running zzzUnity.Burst.CodeGen.BurstILPostProcessor
[1883/2211  0s] ILPostProcess Library/Bee/artifacts/1300b0aE.dag/post-processed/Unity.Purchasing.AppleStub.dll (+pdb)
Processing assembly Library/Bee/artifacts/1300b0aE.dag/Unity.Purchasing.AppleStub.dll, with 152 defines and 305 references

processors: Unity.Jobs.CodeGen.JobsILPostProcessor, zzzUnity.Burst.CodeGen.BurstILPostProcessor

running Unity.Jobs.CodeGen.JobsILPostProcessor

running zzzUnity.Burst.CodeGen.BurstILPostProcessor
[1884/2211  0s] ILPostProcess Library/Bee/artifacts/1300b0aE.dag/post-processed/Unity.Purchasing.dll (+pdb)
Processing assembly Library/Bee/artifacts/1300b0aE.dag/Unity.Purchasing.dll, with 154 defines and 313 references

processors: Unity.Jobs.CodeGen.JobsILPostProcessor, zzzUnity.Burst.CodeGen.BurstILPostProcessor

running Unity.Jobs.CodeGen.JobsILPostProcessor

running zzzUnity.Burst.CodeGen.BurstILPostProcessor
[1885/2211  0s] ILPostProcess Library/Bee/artifacts/1300b0aE.dag/post-processed/Unity.Purchasing.Codeless.dll (+pdb)
Processing assembly Library/Bee/artifacts/1300b0aE.dag/Unity.Purchasing.Codeless.dll, with 152 defines and 307 references

processors: Unity.Jobs.CodeGen.JobsILPostProcessor, zzzUnity.Burst.CodeGen.BurstILPostProcessor

running Unity.Jobs.CodeGen.JobsILPostProcessor

running zzzUnity.Burst.CodeGen.BurstILPostProcessor
[1886/2211  0s] ILPostProcess Library/Bee/artifacts/1300b0aE.dag/post-processed/Unity.Services.Core.Registration.dll (+pdb)
Processing assembly Library/Bee/artifacts/1300b0aE.dag/Unity.Services.Core.Registration.dll, with 152 defines and 312 references

processors: Unity.Jobs.CodeGen.JobsILPostProcessor, zzzUnity.Burst.CodeGen.BurstILPostProcessor

running Unity.Jobs.CodeGen.JobsILPostProcessor

running zzzUnity.Burst.CodeGen.BurstILPostProcessor
[1887/2211  0s] ILPostProcess Library/Bee/artifacts/1300b0aE.dag/post-processed/Unity.Multiplayer.Center.Common.dll (+pdb)
Processing assembly Library/Bee/artifacts/1300b0aE.dag/Unity.Multiplayer.Center.Common.dll, with 152 defines and 303 references

processors: Unity.Jobs.CodeGen.JobsILPostProcessor, zzzUnity.Burst.CodeGen.BurstILPostProcessor

running Unity.Jobs.CodeGen.JobsILPostProcessor

running zzzUnity.Burst.CodeGen.BurstILPostProcessor
[1888/2211  0s] ILPostProcess Library/Bee/artifacts/1300b0aE.dag/post-processed/Unity.Purchasing.Stores.dll (+pdb)
Processing assembly Library/Bee/artifacts/1300b0aE.dag/Unity.Purchasing.Stores.dll, with 153 defines and 299 references

processors: Unity.Jobs.CodeGen.JobsILPostProcessor, zzzUnity.Burst.CodeGen.BurstILPostProcessor

running Unity.Jobs.CodeGen.JobsILPostProcessor

running zzzUnity.Burst.CodeGen.BurstILPostProcessor
[1889/2211  0s] ILPostProcess Library/Bee/artifacts/1300b0aE.dag/post-processed/Unity.Purchasing.AppleMacosStub.dll (+pdb)
Processing assembly Library/Bee/artifacts/1300b0aE.dag/Unity.Purchasing.AppleMacosStub.dll, with 152 defines and 304 references

processors: Unity.Jobs.CodeGen.JobsILPostProcessor, zzzUnity.Burst.CodeGen.BurstILPostProcessor

running Unity.Jobs.CodeGen.JobsILPostProcessor

running zzzUnity.Burst.CodeGen.BurstILPostProcessor
[1890/2211  0s] ILPostProcess Library/Bee/artifacts/1300b0aE.dag/post-processed/Unity.Services.Core.Telemetry.dll (+pdb)
Processing assembly Library/Bee/artifacts/1300b0aE.dag/Unity.Services.Core.Telemetry.dll, with 152 defines and 305 references

processors: Unity.Jobs.CodeGen.JobsILPostProcessor, zzzUnity.Burst.CodeGen.BurstILPostProcessor

running Unity.Jobs.CodeGen.JobsILPostProcessor

running zzzUnity.Burst.CodeGen.BurstILPostProcessor
[1891/2211  0s] ILPostProcess Library/Bee/artifacts/1300b0aE.dag/post-processed/Unity.InternalAPIEngineBridge.RenderPipelines.Core.Runtime.Shared.dll (+pdb)
Processing assembly Library/Bee/artifacts/1300b0aE.dag/Unity.InternalAPIEngineBridge.RenderPipelines.Core.Runtime.Shared.dll, with 152 defines and 303 references

processors: Unity.Jobs.CodeGen.JobsILPostProcessor, zzzUnity.Burst.CodeGen.BurstILPostProcessor

running Unity.Jobs.CodeGen.JobsILPostProcessor

running zzzUnity.Burst.CodeGen.BurstILPostProcessor
[1892/2211  0s] ILPostProcess Library/Bee/artifacts/1300b0aE.dag/post-processed/Unity.Mathematics.dll (+pdb)
Processing assembly Library/Bee/artifacts/1300b0aE.dag/Unity.Mathematics.dll, with 152 defines and 303 references

processors: Unity.Jobs.CodeGen.JobsILPostProcessor, zzzUnity.Burst.CodeGen.BurstILPostProcessor

running Unity.Jobs.CodeGen.JobsILPostProcessor

running zzzUnity.Burst.CodeGen.BurstILPostProcessor
[1893/2211  0s] ILPostProcess Library/Bee/artifacts/1300b0aE.dag/post-processed/Unity.RenderPipelines.Core.Runtime.Shared.dll (+pdb)
Processing assembly Library/Bee/artifacts/1300b0aE.dag/Unity.RenderPipelines.Core.Runtime.Shared.dll, with 152 defines and 306 references

processors: Unity.Jobs.CodeGen.JobsILPostProcessor, zzzUnity.Burst.CodeGen.BurstILPostProcessor

running Unity.Jobs.CodeGen.JobsILPostProcessor

running zzzUnity.Burst.CodeGen.BurstILPostProcessor
[1894/2211  0s] ILPostProcess Library/Bee/artifacts/1300b0aE.dag/post-processed/Unity.AI.Animate.Motion.Runtime.dll (+pdb)
Processing assembly Library/Bee/artifacts/1300b0aE.dag/Unity.AI.Animate.Motion.Runtime.dll, with 152 defines and 287 references

processors: Unity.Jobs.CodeGen.JobsILPostProcessor, zzzUnity.Burst.CodeGen.BurstILPostProcessor

running Unity.Jobs.CodeGen.JobsILPostProcessor

running zzzUnity.Burst.CodeGen.BurstILPostProcessor
[1895/2211  0s] ILPostProcess Library/Bee/artifacts/1300b0aE.dag/post-processed/Unity.InputSystem.ForUI.dll (+pdb)
Processing assembly Library/Bee/artifacts/1300b0aE.dag/Unity.InputSystem.ForUI.dll, with 152 defines and 304 references

processors: Unity.Jobs.CodeGen.JobsILPostProcessor, zzzUnity.Burst.CodeGen.BurstILPostProcessor

running Unity.Jobs.CodeGen.JobsILPostProcessor

running zzzUnity.Burst.CodeGen.BurstILPostProcessor
[1896/2211  0s] ILPostProcess Library/Bee/artifacts/1300b0aE.dag/post-processed/Unity.Services.Core.Internal.dll (+pdb)
Processing assembly Library/Bee/artifacts/1300b0aE.dag/Unity.Services.Core.Internal.dll, with 152 defines and 304 references

processors: Unity.Jobs.CodeGen.JobsILPostProcessor, zzzUnity.Burst.CodeGen.BurstILPostProcessor

running Unity.Jobs.CodeGen.JobsILPostProcessor

running zzzUnity.Burst.CodeGen.BurstILPostProcessor
[1897/2211  0s] ILPostProcess Library/Bee/artifacts/1300b0aE.dag/post-processed/Unity.2D.Tilemap.Editor.dll (+pdb)
Processing assembly Library/Bee/artifacts/1300b0aE.dag/Unity.2D.Tilemap.Editor.dll, with 150 defines and 315 references

processors: Unity.Jobs.CodeGen.JobsILPostProcessor, zzzUnity.Burst.CodeGen.BurstILPostProcessor

running Unity.Jobs.CodeGen.JobsILPostProcessor

running zzzUnity.Burst.CodeGen.BurstILPostProcessor
[1898/2211  0s] ILPostProcess Library/Bee/artifacts/1300b0aE.dag/post-processed/Unity.InferenceEngine.ONNX.Editor.dll (+pdb)
Processing assembly Library/Bee/artifacts/1300b0aE.dag/Unity.InferenceEngine.ONNX.Editor.dll, with 150 defines and 299 references

processors: Unity.Jobs.CodeGen.JobsILPostProcessor, zzzUnity.Burst.CodeGen.BurstILPostProcessor

running Unity.Jobs.CodeGen.JobsILPostProcessor

running zzzUnity.Burst.CodeGen.BurstILPostProcessor
[1899/2211  0s] ILPostProcess Library/Bee/artifacts/1300b0aE.dag/post-processed/Unity.InternalAPIEngineBridge.RenderPipelines.Core.Editor.dll (+pdb)
Processing assembly Library/Bee/artifacts/1300b0aE.dag/Unity.InternalAPIEngineBridge.RenderPipelines.Core.Editor.dll, with 150 defines and 315 references

processors: Unity.Jobs.CodeGen.JobsILPostProcessor, zzzUnity.Burst.CodeGen.BurstILPostProcessor

running Unity.Jobs.CodeGen.JobsILPostProcessor

running zzzUnity.Burst.CodeGen.BurstILPostProcessor
[1900/2211  0s] ILPostProcess Library/Bee/artifacts/1300b0aE.dag/post-processed/Unity.2D.Common.Runtime.dll (+pdb)
Processing assembly Library/Bee/artifacts/1300b0aE.dag/Unity.2D.Common.Runtime.dll, with 152 defines and 306 references

processors: Unity.Jobs.CodeGen.JobsILPostProcessor, zzzUnity.Burst.CodeGen.BurstILPostProcessor

running Unity.Jobs.CodeGen.JobsILPostProcessor

running zzzUnity.Burst.CodeGen.BurstILPostProcessor
[1901/2211  0s] ILPostProcess Library/Bee/artifacts/1300b0aE.dag/post-processed/Unity.Timeline.dll (+pdb)
Processing assembly Library/Bee/artifacts/1300b0aE.dag/Unity.Timeline.dll, with 153 defines and 303 references

processors: Unity.Jobs.CodeGen.JobsILPostProcessor, zzzUnity.Burst.CodeGen.BurstILPostProcessor

running Unity.Jobs.CodeGen.JobsILPostProcessor

running zzzUnity.Burst.CodeGen.BurstILPostProcessor
[1902/2211  0s] ILPostProcess Library/Bee/artifacts/1300b0aE.dag/post-processed/Unity.InputSystem.TestFramework.dll (+pdb)
Processing assembly Library/Bee/artifacts/1300b0aE.dag/Unity.InputSystem.TestFramework.dll, with 153 defines and 285 references

processors: Unity.Jobs.CodeGen.JobsILPostProcessor, zzzUnity.Burst.CodeGen.BurstILPostProcessor

running Unity.Jobs.CodeGen.JobsILPostProcessor

running zzzUnity.Burst.CodeGen.BurstILPostProcessor
[1903/2211  0s] ILPostProcess Library/Bee/artifacts/1300b0aE.dag/post-processed/Unity.AI.Assistant.Runtime.dll (+pdb)
Processing assembly Library/Bee/artifacts/1300b0aE.dag/Unity.AI.Assistant.Runtime.dll, with 152 defines and 283 references

processors: Unity.Jobs.CodeGen.JobsILPostProcessor, zzzUnity.Burst.CodeGen.BurstILPostProcessor

running Unity.Jobs.CodeGen.JobsILPostProcessor

running zzzUnity.Burst.CodeGen.BurstILPostProcessor
[1904/2211  0s] ILPostProcess Library/Bee/artifacts/1300b0aE.dag/post-processed/Unity.AI.Toolkit.Compliance.dll (+pdb)
Processing assembly Library/Bee/artifacts/1300b0aE.dag/Unity.AI.Toolkit.Compliance.dll, with 150 defines and 315 references

processors: Unity.Jobs.CodeGen.JobsILPostProcessor, zzzUnity.Burst.CodeGen.BurstILPostProcessor

running Unity.Jobs.CodeGen.JobsILPostProcessor

running zzzUnity.Burst.CodeGen.BurstILPostProcessor
[1905/2211  0s] ILPostProcess Library/Bee/artifacts/1300b0aE.dag/post-processed/Unity.Timeline.Editor.dll (+pdb)
Processing assembly Library/Bee/artifacts/1300b0aE.dag/Unity.Timeline.Editor.dll, with 151 defines and 316 references

processors: Unity.Jobs.CodeGen.JobsILPostProcessor, zzzUnity.Burst.CodeGen.BurstILPostProcessor

running Unity.Jobs.CodeGen.JobsILPostProcessor

running zzzUnity.Burst.CodeGen.BurstILPostProcessor
[1906/2211  0s] ILPostProcess Library/Bee/artifacts/1300b0aE.dag/post-processed/HFDownloader.dll (+pdb)
Processing assembly Library/Bee/artifacts/1300b0aE.dag/HFDownloader.dll, with 150 defines and 299 references

processors: Unity.Jobs.CodeGen.JobsILPostProcessor, zzzUnity.Burst.CodeGen.BurstILPostProcessor

running Unity.Jobs.CodeGen.JobsILPostProcessor

running zzzUnity.Burst.CodeGen.BurstILPostProcessor
[1907/2211  0s] ILPostProcess Library/Bee/artifacts/1300b0aE.dag/post-processed/Acuaria.Editor.dll (+pdb)
Processing assembly Library/Bee/artifacts/1300b0aE.dag/Acuaria.Editor.dll, with 150 defines and 327 references

processors: Unity.Jobs.CodeGen.JobsILPostProcessor, zzzUnity.Burst.CodeGen.BurstILPostProcessor

running Unity.Jobs.CodeGen.JobsILPostProcessor

running zzzUnity.Burst.CodeGen.BurstILPostProcessor
[1908/2211  0s] ILPostProcess Library/Bee/artifacts/1300b0aE.dag/post-processed/Unity.Services.Core.Configuration.Editor.dll (+pdb)
Processing assembly Library/Bee/artifacts/1300b0aE.dag/Unity.Services.Core.Configuration.Editor.dll, with 150 defines and 318 references

processors: Unity.Jobs.CodeGen.JobsILPostProcessor, zzzUnity.Burst.CodeGen.BurstILPostProcessor

running Unity.Jobs.CodeGen.JobsILPostProcessor

running zzzUnity.Burst.CodeGen.BurstILPostProcessor
[1909/2211  0s] ILPostProcess Library/Bee/artifacts/1300b0aE.dag/post-processed/Unity.AI.Toolkit.Asset.dll (+pdb)
Processing assembly Library/Bee/artifacts/1300b0aE.dag/Unity.AI.Toolkit.Asset.dll, with 150 defines and 316 references

processors: Unity.Jobs.CodeGen.JobsILPostProcessor, zzzUnity.Burst.CodeGen.BurstILPostProcessor

running Unity.Jobs.CodeGen.JobsILPostProcessor

running zzzUnity.Burst.CodeGen.BurstILPostProcessor
[1910/2211  0s] ILPostProcess Library/Bee/artifacts/1300b0aE.dag/post-processed/Unity.Purchasing.Editor.Shared.dll (+pdb)
Processing assembly Library/Bee/artifacts/1300b0aE.dag/Unity.Purchasing.Editor.Shared.dll, with 150 defines and 315 references

processors: Unity.Jobs.CodeGen.JobsILPostProcessor, zzzUnity.Burst.CodeGen.BurstILPostProcessor

running Unity.Jobs.CodeGen.JobsILPostProcessor

running zzzUnity.Burst.CodeGen.BurstILPostProcessor
[1911/2211  0s] ILPostProcess Library/Bee/artifacts/1300b0aE.dag/post-processed/Unity.RenderPipelines.Universal.Runtime.dll (+pdb)
Processing assembly Library/Bee/artifacts/1300b0aE.dag/Unity.RenderPipelines.Universal.Runtime.dll, with 159 defines and 313 references

processors: Unity.Jobs.CodeGen.JobsILPostProcessor, zzzUnity.Burst.CodeGen.BurstILPostProcessor

running Unity.Jobs.CodeGen.JobsILPostProcessor

running zzzUnity.Burst.CodeGen.BurstILPostProcessor
[1912/2211  1s] ILPostProcess Library/Bee/artifacts/1300b0aE.dag/post-processed/Unity.RenderPipelines.Core.Runtime.dll (+pdb)
Processing assembly Library/Bee/artifacts/1300b0aE.dag/Unity.RenderPipelines.Core.Runtime.dll, with 156 defines and 307 references

processors: Unity.Jobs.CodeGen.JobsILPostProcessor, zzzUnity.Burst.CodeGen.BurstILPostProcessor

running Unity.Jobs.CodeGen.JobsILPostProcessor

running zzzUnity.Burst.CodeGen.BurstILPostProcessor
[1913/2211  0s] ILPostProcess Library/Bee/artifacts/1300b0aE.dag/post-processed/Unity.2D.Aseprite.Common.dll (+pdb)
Processing assembly Library/Bee/artifacts/1300b0aE.dag/Unity.2D.Aseprite.Common.dll, with 150 defines and 318 references

processors: Unity.Jobs.CodeGen.JobsILPostProcessor, zzzUnity.Burst.CodeGen.BurstILPostProcessor

running Unity.Jobs.CodeGen.JobsILPostProcessor

running zzzUnity.Burst.CodeGen.BurstILPostProcessor
[1914/2211  1s] ILPostProcess Library/Bee/artifacts/1300b0aE.dag/post-processed/Unity.PathTracing.Runtime.dll (+pdb)
Processing assembly Library/Bee/artifacts/1300b0aE.dag/Unity.PathTracing.Runtime.dll, with 153 defines and 307 references

processors: Unity.Jobs.CodeGen.JobsILPostProcessor, zzzUnity.Burst.CodeGen.BurstILPostProcessor

running Unity.Jobs.CodeGen.JobsILPostProcessor

running zzzUnity.Burst.CodeGen.BurstILPostProcessor
[1915/2211  0s] ILPostProcess Library/Bee/artifacts/1300b0aE.dag/post-processed/Unity.AppUI.dll (+pdb)
Processing assembly Library/Bee/artifacts/1300b0aE.dag/Unity.AppUI.dll, with 161 defines and 289 references

processors: Unity.Jobs.CodeGen.JobsILPostProcessor, zzzUnity.Burst.CodeGen.BurstILPostProcessor

running Unity.Jobs.CodeGen.JobsILPostProcessor

running zzzUnity.Burst.CodeGen.BurstILPostProcessor
[1916/2211  0s] ILPostProcess Library/Bee/artifacts/1300b0aE.dag/post-processed/Unity.AppUI.MVVM.dll (+pdb)
Processing assembly Library/Bee/artifacts/1300b0aE.dag/Unity.AppUI.MVVM.dll, with 153 defines and 289 references

processors: Unity.Jobs.CodeGen.JobsILPostProcessor, zzzUnity.Burst.CodeGen.BurstILPostProcessor

running Unity.Jobs.CodeGen.JobsILPostProcessor

running zzzUnity.Burst.CodeGen.BurstILPostProcessor
[1917/2211  0s] ILPostProcess Library/Bee/artifacts/1300b0aE.dag/post-processed/Unity.AppUI.Redux.dll (+pdb)
Processing assembly Library/Bee/artifacts/1300b0aE.dag/Unity.AppUI.Redux.dll, with 152 defines and 289 references

processors: Unity.Jobs.CodeGen.JobsILPostProcessor, zzzUnity.Burst.CodeGen.BurstILPostProcessor

running Unity.Jobs.CodeGen.JobsILPostProcessor

running zzzUnity.Burst.CodeGen.BurstILPostProcessor
[1918/2211  0s] ILPostProcess Library/Bee/artifacts/1300b0aE.dag/post-processed/Unity.AppUI.Navigation.dll (+pdb)
Processing assembly Library/Bee/artifacts/1300b0aE.dag/Unity.AppUI.Navigation.dll, with 154 defines and 289 references

processors: Unity.Jobs.CodeGen.JobsILPostProcessor, zzzUnity.Burst.CodeGen.BurstILPostProcessor

running Unity.Jobs.CodeGen.JobsILPostProcessor

running zzzUnity.Burst.CodeGen.BurstILPostProcessor
[1919/2211  0s] ILPostProcess Library/Bee/artifacts/1300b0aE.dag/post-processed/Unity.PathTracing.Editor.dll (+pdb)
Processing assembly Library/Bee/artifacts/1300b0aE.dag/Unity.PathTracing.Editor.dll, with 151 defines and 319 references

processors: Unity.Jobs.CodeGen.JobsILPostProcessor, zzzUnity.Burst.CodeGen.BurstILPostProcessor

running Unity.Jobs.CodeGen.JobsILPostProcessor

running zzzUnity.Burst.CodeGen.BurstILPostProcessor
[1920/2211  1s] ILPostProcess Library/Bee/artifacts/1300b0aE.dag/post-processed/Unity.UnifiedRayTracing.Runtime.dll (+pdb)
Processing assembly Library/Bee/artifacts/1300b0aE.dag/Unity.UnifiedRayTracing.Runtime.dll, with 153 defines and 306 references

processors: Unity.Jobs.CodeGen.JobsILPostProcessor, zzzUnity.Burst.CodeGen.BurstILPostProcessor

running Unity.Jobs.CodeGen.JobsILPostProcessor

running zzzUnity.Burst.CodeGen.BurstILPostProcessor
[1921/2211  1s] ILPostProcess Library/Bee/artifacts/1300b0aE.dag/post-processed/Unity.2D.IK.Runtime.dll (+pdb)
Processing assembly Library/Bee/artifacts/1300b0aE.dag/Unity.2D.IK.Runtime.dll, with 152 defines and 307 references

processors: Unity.Jobs.CodeGen.JobsILPostProcessor, zzzUnity.Burst.CodeGen.BurstILPostProcessor

running Unity.Jobs.CodeGen.JobsILPostProcessor

running zzzUnity.Burst.CodeGen.BurstILPostProcessor
[1922/2211  1s] ILPostProcess Library/Bee/artifacts/1300b0aE.dag/post-processed/Unity.RenderPipelines.Universal.2D.Runtime.dll (+pdb)
Processing assembly Library/Bee/artifacts/1300b0aE.dag/Unity.RenderPipelines.Universal.2D.Runtime.dll, with 158 defines and 311 references

processors: Unity.Jobs.CodeGen.JobsILPostProcessor, zzzUnity.Burst.CodeGen.BurstILPostProcessor

running Unity.Jobs.CodeGen.JobsILPostProcessor

running zzzUnity.Burst.CodeGen.BurstILPostProcessor
[1923/2211  1s] ILPostProcess Library/Bee/artifacts/1300b0aE.dag/post-processed/Unity.2D.SpriteShape.Runtime.dll (+pdb)
Processing assembly Library/Bee/artifacts/1300b0aE.dag/Unity.2D.SpriteShape.Runtime.dll, with 153 defines and 307 references

processors: Unity.Jobs.CodeGen.JobsILPostProcessor, zzzUnity.Burst.CodeGen.BurstILPostProcessor

running Unity.Jobs.CodeGen.JobsILPostProcessor

running zzzUnity.Burst.CodeGen.BurstILPostProcessor
[1924/2211  1s] ILPostProcess Library/Bee/artifacts/1300b0aE.dag/post-processed/Unity.Burst.dll (+pdb)
Processing assembly Library/Bee/artifacts/1300b0aE.dag/Unity.Burst.dll, with 152 defines and 287 references

processors: Unity.Jobs.CodeGen.JobsILPostProcessor, zzzUnity.Burst.CodeGen.BurstILPostProcessor

running Unity.Jobs.CodeGen.JobsILPostProcessor

running zzzUnity.Burst.CodeGen.BurstILPostProcessor
[1925/2211  0s] ILPostProcess Library/Bee/artifacts/1300b0aE.dag/post-processed/Unity.AI.Assistant.Agent.Dynamic.Extension.Editor.dll (+pdb)
Processing assembly Library/Bee/artifacts/1300b0aE.dag/Unity.AI.Assistant.Agent.Dynamic.Extension.Editor.dll, with 150 defines and 315 references

processors: Unity.Jobs.CodeGen.JobsILPostProcessor, zzzUnity.Burst.CodeGen.BurstILPostProcessor

running Unity.Jobs.CodeGen.JobsILPostProcessor

running zzzUnity.Burst.CodeGen.BurstILPostProcessor
[1926/2211  0s] ILPostProcess Library/Bee/artifacts/1300b0aE.dag/post-processed/IAPResolver.dll (+pdb)
Processing assembly Library/Bee/artifacts/1300b0aE.dag/IAPResolver.dll, with 150 defines and 315 references

processors: Unity.Jobs.CodeGen.JobsILPostProcessor, zzzUnity.Burst.CodeGen.BurstILPostProcessor

running Unity.Jobs.CodeGen.JobsILPostProcessor

running zzzUnity.Burst.CodeGen.BurstILPostProcessor
[1927/2211  0s] ILPostProcess Library/Bee/artifacts/1300b0aE.dag/post-processed/Unity.AI.Toolkit.Accounts.dll (+pdb)
Processing assembly Library/Bee/artifacts/1300b0aE.dag/Unity.AI.Toolkit.Accounts.dll, with 150 defines and 317 references

processors: Unity.Jobs.CodeGen.JobsILPostProcessor, zzzUnity.Burst.CodeGen.BurstILPostProcessor

running Unity.Jobs.CodeGen.JobsILPostProcessor

running zzzUnity.Burst.CodeGen.BurstILPostProcessor
[1928/2211  0s] ILPostProcess Library/Bee/artifacts/1300b0aE.dag/post-processed/Unity.Rendering.LightTransport.Editor.dll (+pdb)
Processing assembly Library/Bee/artifacts/1300b0aE.dag/Unity.Rendering.LightTransport.Editor.dll, with 150 defines and 315 references

processors: Unity.Jobs.CodeGen.JobsILPostProcessor, zzzUnity.Burst.CodeGen.BurstILPostProcessor

running Unity.Jobs.CodeGen.JobsILPostProcessor

running zzzUnity.Burst.CodeGen.BurstILPostProcessor
[1929/2211  1s] ILPostProcess Library/Bee/artifacts/1300b0aE.dag/post-processed/Unity.2D.Animation.Runtime.dll (+pdb)
Processing assembly Library/Bee/artifacts/1300b0aE.dag/Unity.2D.Animation.Runtime.dll, with 154 defines and 309 references

processors: Unity.Jobs.CodeGen.JobsILPostProcessor, zzzUnity.Burst.CodeGen.BurstILPostProcessor

running Unity.Jobs.CodeGen.JobsILPostProcessor

running zzzUnity.Burst.CodeGen.BurstILPostProcessor
[1930/2211  0s] ILPostProcess Library/Bee/artifacts/1300b0aE.dag/post-processed/Unity.2D.Sprite.Editor.dll (+pdb)
Processing assembly Library/Bee/artifacts/1300b0aE.dag/Unity.2D.Sprite.Editor.dll, with 150 defines and 315 references

processors: Unity.Jobs.CodeGen.JobsILPostProcessor, zzzUnity.Burst.CodeGen.BurstILPostProcessor

running Unity.Jobs.CodeGen.JobsILPostProcessor

running zzzUnity.Burst.CodeGen.BurstILPostProcessor
[1931/2211  0s] ILPostProcess Library/Bee/artifacts/1300b0aE.dag/post-processed/UnityEditor.UI.Analytics.dll (+pdb)
Processing assembly Library/Bee/artifacts/1300b0aE.dag/UnityEditor.UI.Analytics.dll, with 150 defines and 316 references

processors: Unity.Jobs.CodeGen.JobsILPostProcessor, zzzUnity.Burst.CodeGen.BurstILPostProcessor

running Unity.Jobs.CodeGen.JobsILPostProcessor

running zzzUnity.Burst.CodeGen.BurstILPostProcessor
[1932/2211  0s] ILPostProcess Library/Bee/artifacts/1300b0aE.dag/post-processed/Unity.AI.Assistant.Annotations.Editor.dll (+pdb)
Processing assembly Library/Bee/artifacts/1300b0aE.dag/Unity.AI.Assistant.Annotations.Editor.dll, with 150 defines and 315 references

processors: Unity.Jobs.CodeGen.JobsILPostProcessor, zzzUnity.Burst.CodeGen.BurstILPostProcessor

running Unity.Jobs.CodeGen.JobsILPostProcessor

running zzzUnity.Burst.CodeGen.BurstILPostProcessor
[1933/2211  0s] ILPostProcess Library/Bee/artifacts/1300b0aE.dag/post-processed/Unity.PlasticSCM.Editor.Assistant.dll (+pdb)
Processing assembly Library/Bee/artifacts/1300b0aE.dag/Unity.PlasticSCM.Editor.Assistant.dll, with 151 defines and 317 references

processors: Unity.Jobs.CodeGen.JobsILPostProcessor, zzzUnity.Burst.CodeGen.BurstILPostProcessor

running Unity.Jobs.CodeGen.JobsILPostProcessor

running zzzUnity.Burst.CodeGen.BurstILPostProcessor
[1934/2211  1s] ILPostProcess Library/Bee/artifacts/1300b0aE.dag/post-processed/Unity.RenderPipelines.GPUDriven.Runtime.dll (+pdb)
Processing assembly Library/Bee/artifacts/1300b0aE.dag/Unity.RenderPipelines.GPUDriven.Runtime.dll, with 152 defines and 307 references

processors: Unity.Jobs.CodeGen.JobsILPostProcessor, zzzUnity.Burst.CodeGen.BurstILPostProcessor

running Unity.Jobs.CodeGen.JobsILPostProcessor

running zzzUnity.Burst.CodeGen.BurstILPostProcessor
[1935/2211  0s] ILPostProcess Library/Bee/artifacts/1300b0aE.dag/post-processed/Unity.AI.Toolkit.Utility.dll (+pdb)
Processing assembly Library/Bee/artifacts/1300b0aE.dag/Unity.AI.Toolkit.Utility.dll, with 150 defines and 315 references

processors: Unity.Jobs.CodeGen.JobsILPostProcessor, zzzUnity.Burst.CodeGen.BurstILPostProcessor

running Unity.Jobs.CodeGen.JobsILPostProcessor

running zzzUnity.Burst.CodeGen.BurstILPostProcessor
[1936/2211  0s] ILPostProcess Library/Bee/artifacts/1300b0aE.dag/post-processed/Acuaria.Fish.EditModeTests.dll (+pdb)
Processing assembly Library/Bee/artifacts/1300b0aE.dag/Acuaria.Fish.EditModeTests.dll, with 150 defines and 300 references

processors: Unity.Jobs.CodeGen.JobsILPostProcessor, zzzUnity.Burst.CodeGen.BurstILPostProcessor

running Unity.Jobs.CodeGen.JobsILPostProcessor

running zzzUnity.Burst.CodeGen.BurstILPostProcessor
[1937/2211  0s] ILPostProcess Library/Bee/artifacts/1300b0aE.dag/post-processed/Unity.AI.Generators.Asset.dll (+pdb)
Processing assembly Library/Bee/artifacts/1300b0aE.dag/Unity.AI.Generators.Asset.dll, with 150 defines and 320 references

processors: Unity.Jobs.CodeGen.JobsILPostProcessor, zzzUnity.Burst.CodeGen.BurstILPostProcessor

running Unity.Jobs.CodeGen.JobsILPostProcessor

running zzzUnity.Burst.CodeGen.BurstILPostProcessor
[1938/2211  0s] ILPostProcess Library/Bee/artifacts/1300b0aE.dag/post-processed/Unity.AI.Generators.IO.dll (+pdb)
Processing assembly Library/Bee/artifacts/1300b0aE.dag/Unity.AI.Generators.IO.dll, with 150 defines and 320 references

processors: Unity.Jobs.CodeGen.JobsILPostProcessor, zzzUnity.Burst.CodeGen.BurstILPostProcessor

running Unity.Jobs.CodeGen.JobsILPostProcessor

running zzzUnity.Burst.CodeGen.BurstILPostProcessor
[1939/2211  0s] ILPostProcess Library/Bee/artifacts/1300b0aE.dag/post-processed/Unity.VisualScripting.State.Editor.dll (+pdb)
Processing assembly Library/Bee/artifacts/1300b0aE.dag/Unity.VisualScripting.State.Editor.dll, with 150 defines and 320 references

processors: Unity.Jobs.CodeGen.JobsILPostProcessor, zzzUnity.Burst.CodeGen.BurstILPostProcessor

running Unity.Jobs.CodeGen.JobsILPostProcessor

running zzzUnity.Burst.CodeGen.BurstILPostProcessor
[1940/2211  0s] ILPostProcess Library/Bee/artifacts/1300b0aE.dag/post-processed/Unity.2D.Tilemap.Extras.Editor.dll (+pdb)
Processing assembly Library/Bee/artifacts/1300b0aE.dag/Unity.2D.Tilemap.Extras.Editor.dll, with 150 defines and 317 references

processors: Unity.Jobs.CodeGen.JobsILPostProcessor, zzzUnity.Burst.CodeGen.BurstILPostProcessor

running Unity.Jobs.CodeGen.JobsILPostProcessor

running zzzUnity.Burst.CodeGen.BurstILPostProcessor
[1941/2211  0s] ILPostProcess Library/Bee/artifacts/1300b0aE.dag/post-processed/Unity.VisualScripting.Flow.Editor.dll (+pdb)
Processing assembly Library/Bee/artifacts/1300b0aE.dag/Unity.VisualScripting.Flow.Editor.dll, with 152 defines and 319 references

processors: Unity.Jobs.CodeGen.JobsILPostProcessor, zzzUnity.Burst.CodeGen.BurstILPostProcessor

running Unity.Jobs.CodeGen.JobsILPostProcessor

running zzzUnity.Burst.CodeGen.BurstILPostProcessor
[1942/2211  0s] ILPostProcess Library/Bee/artifacts/1300b0aE.dag/post-processed/Unity.InferenceEngine.Editor.Visualizer.dll (+pdb)
Processing assembly Library/Bee/artifacts/1300b0aE.dag/Unity.InferenceEngine.Editor.Visualizer.dll, with 150 defines and 322 references

processors: Unity.Jobs.CodeGen.JobsILPostProcessor, zzzUnity.Burst.CodeGen.BurstILPostProcessor

running Unity.Jobs.CodeGen.JobsILPostProcessor

running zzzUnity.Burst.CodeGen.BurstILPostProcessor
[1943/2211  0s] ILPostProcess Library/Bee/artifacts/1300b0aE.dag/post-processed/Unity.AI.Assistant.Tools.Editor.dll (+pdb)
Processing assembly Library/Bee/artifacts/1300b0aE.dag/Unity.AI.Assistant.Tools.Editor.dll, with 150 defines and 308 references

processors: Unity.Jobs.CodeGen.JobsILPostProcessor, zzzUnity.Burst.CodeGen.BurstILPostProcessor

running Unity.Jobs.CodeGen.JobsILPostProcessor

running zzzUnity.Burst.CodeGen.BurstILPostProcessor
[1944/2211  0s] ILPostProcess Library/Bee/artifacts/1300b0aE.dag/post-processed/Unity.AI.Generators.UI.AIDropdownIntegrations.dll (+pdb)
Processing assembly Library/Bee/artifacts/1300b0aE.dag/Unity.AI.Generators.UI.AIDropdownIntegrations.dll, with 150 defines and 318 references

processors: Unity.Jobs.CodeGen.JobsILPostProcessor, zzzUnity.Burst.CodeGen.BurstILPostProcessor

running Unity.Jobs.CodeGen.JobsILPostProcessor

running zzzUnity.Burst.CodeGen.BurstILPostProcessor
[1945/2211  0s] ILPostProcess Library/Bee/artifacts/1300b0aE.dag/post-processed/Unity.AI.Assistant.UI.Editor.dll (+pdb)
Processing assembly Library/Bee/artifacts/1300b0aE.dag/Unity.AI.Assistant.UI.Editor.dll, with 150 defines and 312 references

processors: Unity.Jobs.CodeGen.JobsILPostProcessor, zzzUnity.Burst.CodeGen.BurstILPostProcessor

running Unity.Jobs.CodeGen.JobsILPostProcessor

running zzzUnity.Burst.CodeGen.BurstILPostProcessor
[1946/2211  0s] ILPostProcess Library/Bee/artifacts/1300b0aE.dag/post-processed/Unity.Multiplayer.Center.Editor.dll (+pdb)
Processing assembly Library/Bee/artifacts/1300b0aE.dag/Unity.Multiplayer.Center.Editor.dll, with 150 defines and 316 references

processors: Unity.Jobs.CodeGen.JobsILPostProcessor, zzzUnity.Burst.CodeGen.BurstILPostProcessor

running Unity.Jobs.CodeGen.JobsILPostProcessor

running zzzUnity.Burst.CodeGen.BurstILPostProcessor
[1947/2211  0s] ILPostProcess Library/Bee/artifacts/1300b0aE.dag/post-processed/Unity.AI.Generators.UI.dll (+pdb)
Processing assembly Library/Bee/artifacts/1300b0aE.dag/Unity.AI.Generators.UI.dll, with 150 defines and 310 references

processors: Unity.Jobs.CodeGen.JobsILPostProcessor, zzzUnity.Burst.CodeGen.BurstILPostProcessor

running Unity.Jobs.CodeGen.JobsILPostProcessor

running zzzUnity.Burst.CodeGen.BurstILPostProcessor
[1948/2211  0s] ILPostProcess Library/Bee/artifacts/1300b0aE.dag/post-processed/Unity.Collections.Editor.dll (+pdb)
Processing assembly Library/Bee/artifacts/1300b0aE.dag/Unity.Collections.Editor.dll, with 151 defines and 316 references

processors: Unity.Jobs.CodeGen.JobsILPostProcessor, zzzUnity.Burst.CodeGen.BurstILPostProcessor

running Unity.Jobs.CodeGen.JobsILPostProcessor

running zzzUnity.Burst.CodeGen.BurstILPostProcessor
[1949/2211  0s] ILPostProcess Library/Bee/artifacts/1300b0aE.dag/post-processed/Unity.AI.ModelSelector.dll (+pdb)
Processing assembly Library/Bee/artifacts/1300b0aE.dag/Unity.AI.ModelSelector.dll, with 150 defines and 324 references

processors: Unity.Jobs.CodeGen.JobsILPostProcessor, zzzUnity.Burst.CodeGen.BurstILPostProcessor

running Unity.Jobs.CodeGen.JobsILPostProcessor

running zzzUnity.Burst.CodeGen.BurstILPostProcessor
[1950/2211  0s] ILPostProcess Library/Bee/artifacts/1300b0aE.dag/post-processed/Unity.ShaderGraph.Editor.dll (+pdb)
Processing assembly Library/Bee/artifacts/1300b0aE.dag/Unity.ShaderGraph.Editor.dll, with 150 defines and 320 references

processors: Unity.Jobs.CodeGen.JobsILPostProcessor, zzzUnity.Burst.CodeGen.BurstILPostProcessor

running Unity.Jobs.CodeGen.JobsILPostProcessor

running zzzUnity.Burst.CodeGen.BurstILPostProcessor
[1951/2211  0s] ILPostProcess Library/Bee/artifacts/1300b0aE.dag/post-processed/Unity.Searcher.Editor.dll (+pdb)
Processing assembly Library/Bee/artifacts/1300b0aE.dag/Unity.Searcher.Editor.dll, with 150 defines and 315 references

processors: Unity.Jobs.CodeGen.JobsILPostProcessor, zzzUnity.Burst.CodeGen.BurstILPostProcessor

running Unity.Jobs.CodeGen.JobsILPostProcessor

running zzzUnity.Burst.CodeGen.BurstILPostProcessor
[1952/2211  0s] ILPostProcess Library/Bee/artifacts/1300b0aE.dag/post-processed/Unity.AI.Generators.Redux.dll (+pdb)
Processing assembly Library/Bee/artifacts/1300b0aE.dag/Unity.AI.Generators.Redux.dll, with 150 defines and 318 references

processors: Unity.Jobs.CodeGen.JobsILPostProcessor, zzzUnity.Burst.CodeGen.BurstILPostProcessor

running Unity.Jobs.CodeGen.JobsILPostProcessor

running zzzUnity.Burst.CodeGen.BurstILPostProcessor
[1953/2211  0s] ILPostProcess Library/Bee/artifacts/1300b0aE.dag/post-processed/Acuaria.Feeding.EditModeTests.dll (+pdb)
Processing assembly Library/Bee/artifacts/1300b0aE.dag/Acuaria.Feeding.EditModeTests.dll, with 150 defines and 300 references

processors: Unity.Jobs.CodeGen.JobsILPostProcessor, zzzUnity.Burst.CodeGen.BurstILPostProcessor

running Unity.Jobs.CodeGen.JobsILPostProcessor

running zzzUnity.Burst.CodeGen.BurstILPostProcessor
[1954/2211  0s] ILPostProcess Library/Bee/artifacts/1300b0aE.dag/post-processed/Acuaria.Aquarium.EditModeTests.dll (+pdb)
Processing assembly Library/Bee/artifacts/1300b0aE.dag/Acuaria.Aquarium.EditModeTests.dll, with 150 defines and 304 references

processors: Unity.Jobs.CodeGen.JobsILPostProcessor, zzzUnity.Burst.CodeGen.BurstILPostProcessor

running Unity.Jobs.CodeGen.JobsILPostProcessor

running zzzUnity.Burst.CodeGen.BurstILPostProcessor
[1955/2211  0s] ILPostProcess Library/Bee/artifacts/1300b0aE.dag/post-processed/Unity.ShaderGraph.Utilities.dll (+pdb)
Processing assembly Library/Bee/artifacts/1300b0aE.dag/Unity.ShaderGraph.Utilities.dll, with 150 defines and 315 references

processors: Unity.Jobs.CodeGen.JobsILPostProcessor, zzzUnity.Burst.CodeGen.BurstILPostProcessor

running Unity.Jobs.CodeGen.JobsILPostProcessor

running zzzUnity.Burst.CodeGen.BurstILPostProcessor
[1956/2211  0s] ILPostProcess Library/Bee/artifacts/1300b0aE.dag/post-processed/Unity.AI.Generators.IO.Srp.dll (+pdb)
Processing assembly Library/Bee/artifacts/1300b0aE.dag/Unity.AI.Generators.IO.Srp.dll, with 150 defines and 315 references

processors: Unity.Jobs.CodeGen.JobsILPostProcessor, zzzUnity.Burst.CodeGen.BurstILPostProcessor

running Unity.Jobs.CodeGen.JobsILPostProcessor

running zzzUnity.Burst.CodeGen.BurstILPostProcessor
[1957/2211  0s] ILPostProcess Library/Bee/artifacts/1300b0aE.dag/post-processed/Unity.InternalAPIEditorBridge.ShaderGraph.Editor.dll (+pdb)
Processing assembly Library/Bee/artifacts/1300b0aE.dag/Unity.InternalAPIEditorBridge.ShaderGraph.Editor.dll, with 150 defines and 315 references

processors: Unity.Jobs.CodeGen.JobsILPostProcessor, zzzUnity.Burst.CodeGen.BurstILPostProcessor

running Unity.Jobs.CodeGen.JobsILPostProcessor

running zzzUnity.Burst.CodeGen.BurstILPostProcessor
[1958/2211  0s] ILPostProcess Library/Bee/artifacts/1300b0aE.dag/post-processed/Unity.AI.Toolkit.GenerationObjectPicker.dll (+pdb)
Processing assembly Library/Bee/artifacts/1300b0aE.dag/Unity.AI.Toolkit.GenerationObjectPicker.dll, with 151 defines and 318 references

processors: Unity.Jobs.CodeGen.JobsILPostProcessor, zzzUnity.Burst.CodeGen.BurstILPostProcessor

running Unity.Jobs.CodeGen.JobsILPostProcessor

running zzzUnity.Burst.CodeGen.BurstILPostProcessor
[1959/2211  0s] ILPostProcess Library/Bee/artifacts/1300b0aE.dag/post-processed/Unity.AI.Sound.dll (+pdb)
Processing assembly Library/Bee/artifacts/1300b0aE.dag/Unity.AI.Sound.dll, with 150 defines and 331 references

processors: Unity.Jobs.CodeGen.JobsILPostProcessor, zzzUnity.Burst.CodeGen.BurstILPostProcessor

running Unity.Jobs.CodeGen.JobsILPostProcessor

running zzzUnity.Burst.CodeGen.BurstILPostProcessor
[1960/2211  0s] ILPostProcess Library/Bee/artifacts/1300b0aE.dag/post-processed/Unity.InferenceEngine.Microsoft.Msagl.dll (+pdb)
Processing assembly Library/Bee/artifacts/1300b0aE.dag/Unity.InferenceEngine.Microsoft.Msagl.dll, with 150 defines and 315 references

processors: Unity.Jobs.CodeGen.JobsILPostProcessor, zzzUnity.Burst.CodeGen.BurstILPostProcessor

running Unity.Jobs.CodeGen.JobsILPostProcessor

running zzzUnity.Burst.CodeGen.BurstILPostProcessor
[1961/2211  0s] ILPostProcess Library/Bee/artifacts/1300b0aE.dag/post-processed/Unity.AI.Toolkit.GenerationContextMenu.dll (+pdb)
Processing assembly Library/Bee/artifacts/1300b0aE.dag/Unity.AI.Toolkit.GenerationContextMenu.dll, with 150 defines and 316 references

processors: Unity.Jobs.CodeGen.JobsILPostProcessor, zzzUnity.Burst.CodeGen.BurstILPostProcessor

running Unity.Jobs.CodeGen.JobsILPostProcessor

running zzzUnity.Burst.CodeGen.BurstILPostProcessor
[1962/2211  0s] ILPostProcess Library/Bee/artifacts/1300b0aE.dag/post-processed/Unity.AI.Assistant.API.Editor.dll (+pdb)
Processing assembly Library/Bee/artifacts/1300b0aE.dag/Unity.AI.Assistant.API.Editor.dll, with 150 defines and 319 references

processors: Unity.Jobs.CodeGen.JobsILPostProcessor, zzzUnity.Burst.CodeGen.BurstILPostProcessor

running Unity.Jobs.CodeGen.JobsILPostProcessor

running zzzUnity.Burst.CodeGen.BurstILPostProcessor
[1963/2211  0s] ILPostProcess Library/Bee/artifacts/1300b0aE.dag/post-processed/Unity.AI.Image.dll (+pdb)
Processing assembly Library/Bee/artifacts/1300b0aE.dag/Unity.AI.Image.dll, with 150 defines and 332 references

processors: Unity.Jobs.CodeGen.JobsILPostProcessor, zzzUnity.Burst.CodeGen.BurstILPostProcessor

running Unity.Jobs.CodeGen.JobsILPostProcessor

running zzzUnity.Burst.CodeGen.BurstILPostProcessor
[1964/2211  0s] ILPostProcess Library/Bee/artifacts/1300b0aE.dag/post-processed/Unity.AI.Search.Editor.dll (+pdb)
Processing assembly Library/Bee/artifacts/1300b0aE.dag/Unity.AI.Search.Editor.dll, with 151 defines and 307 references

processors: Unity.Jobs.CodeGen.JobsILPostProcessor, zzzUnity.Burst.CodeGen.BurstILPostProcessor

running Unity.Jobs.CodeGen.JobsILPostProcessor

running zzzUnity.Burst.CodeGen.BurstILPostProcessor
[1965/2211  0s] ILPostProcess Library/Bee/artifacts/1300b0aE.dag/post-processed/Unity.Services.Core.Editor.dll (+pdb)
Processing assembly Library/Bee/artifacts/1300b0aE.dag/Unity.Services.Core.Editor.dll, with 150 defines and 325 references

processors: Unity.Jobs.CodeGen.JobsILPostProcessor, zzzUnity.Burst.CodeGen.BurstILPostProcessor

running Unity.Jobs.CodeGen.JobsILPostProcessor

running zzzUnity.Burst.CodeGen.BurstILPostProcessor
[1966/2211  0s] ILPostProcess Library/Bee/artifacts/1300b0aE.dag/post-processed/Unity.Services.Core.Environments.Editor.dll (+pdb)
Processing assembly Library/Bee/artifacts/1300b0aE.dag/Unity.Services.Core.Environments.Editor.dll, with 150 defines and 320 references

processors: Unity.Jobs.CodeGen.JobsILPostProcessor, zzzUnity.Burst.CodeGen.BurstILPostProcessor

running Unity.Jobs.CodeGen.JobsILPostProcessor

running zzzUnity.Burst.CodeGen.BurstILPostProcessor
[1967/2211  0s] ILPostProcess Library/Bee/artifacts/1300b0aE.dag/post-processed/Unity.VisualScripting.SettingsProvider.Editor.dll (+pdb)
Processing assembly Library/Bee/artifacts/1300b0aE.dag/Unity.VisualScripting.SettingsProvider.Editor.dll, with 150 defines and 320 references

processors: Unity.Jobs.CodeGen.JobsILPostProcessor, zzzUnity.Burst.CodeGen.BurstILPostProcessor

running Unity.Jobs.CodeGen.JobsILPostProcessor

running zzzUnity.Burst.CodeGen.BurstILPostProcessor
[1968/2211  1s] ILPostProcess Library/Bee/artifacts/1300b0aE.dag/post-processed/Unity.RenderPipelines.Core.Editor.dll (+pdb)
Processing assembly Library/Bee/artifacts/1300b0aE.dag/Unity.RenderPipelines.Core.Editor.dll, with 153 defines and 324 references

processors: Unity.Jobs.CodeGen.JobsILPostProcessor, zzzUnity.Burst.CodeGen.BurstILPostProcessor

running Unity.Jobs.CodeGen.JobsILPostProcessor

running zzzUnity.Burst.CodeGen.BurstILPostProcessor
[1969/2211  2s] ILPostProcess Library/Bee/artifacts/1300b0aE.dag/post-processed/Unity.Collections.dll (+pdb)
Processing assembly Library/Bee/artifacts/1300b0aE.dag/Unity.Collections.dll, with 154 defines and 305 references

processors: Unity.Jobs.CodeGen.JobsILPostProcessor, zzzUnity.Burst.CodeGen.BurstILPostProcessor

running Unity.Jobs.CodeGen.JobsILPostProcessor

running zzzUnity.Burst.CodeGen.BurstILPostProcessor
[1970/2211  0s] ILPostProcess Library/Bee/artifacts/1300b0aE.dag/post-processed/Acuaria.Room.EditModeTests.dll (+pdb)
Processing assembly Library/Bee/artifacts/1300b0aE.dag/Acuaria.Room.EditModeTests.dll, with 150 defines and 299 references

processors: Unity.Jobs.CodeGen.JobsILPostProcessor, zzzUnity.Burst.CodeGen.BurstILPostProcessor

running Unity.Jobs.CodeGen.JobsILPostProcessor

running zzzUnity.Burst.CodeGen.BurstILPostProcessor
[1971/2211  0s] ILPostProcess Library/Bee/artifacts/1300b0aE.dag/post-processed/Unity.AI.Pbr.dll (+pdb)
Processing assembly Library/Bee/artifacts/1300b0aE.dag/Unity.AI.Pbr.dll, with 150 defines and 331 references

processors: Unity.Jobs.CodeGen.JobsILPostProcessor, zzzUnity.Burst.CodeGen.BurstILPostProcessor

running Unity.Jobs.CodeGen.JobsILPostProcessor

running zzzUnity.Burst.CodeGen.BurstILPostProcessor
[1972/2211  0s] ILPostProcess Library/Bee/artifacts/1300b0aE.dag/post-processed/Unity.CollabProxy.Editor.dll (+pdb)
Processing assembly Library/Bee/artifacts/1300b0aE.dag/Unity.CollabProxy.Editor.dll, with 150 defines and 316 references

processors: Unity.Jobs.CodeGen.JobsILPostProcessor, zzzUnity.Burst.CodeGen.BurstILPostProcessor

running Unity.Jobs.CodeGen.JobsILPostProcessor

running zzzUnity.Burst.CodeGen.BurstILPostProcessor
[1973/2211  0s] ILPostProcess Library/Bee/artifacts/1300b0aE.dag/post-processed/Unity.AI.Generators.Sdk.dll (+pdb)
Processing assembly Library/Bee/artifacts/1300b0aE.dag/Unity.AI.Generators.Sdk.dll, with 150 defines and 319 references

processors: Unity.Jobs.CodeGen.JobsILPostProcessor, zzzUnity.Burst.CodeGen.BurstILPostProcessor

running Unity.Jobs.CodeGen.JobsILPostProcessor

running zzzUnity.Burst.CodeGen.BurstILPostProcessor
[1974/2211  0s] ILPostProcess Library/Bee/artifacts/1300b0aE.dag/post-processed/Unity.VisualScripting.Core.Editor.dll (+pdb)
Processing assembly Library/Bee/artifacts/1300b0aE.dag/Unity.VisualScripting.Core.Editor.dll, with 150 defines and 316 references

processors: Unity.Jobs.CodeGen.JobsILPostProcessor, zzzUnity.Burst.CodeGen.BurstILPostProcessor

running Unity.Jobs.CodeGen.JobsILPostProcessor

running zzzUnity.Burst.CodeGen.BurstILPostProcessor
[1975/2211  1s] ILPostProcess Library/Bee/artifacts/1300b0aE.dag/post-processed/Unity.PlasticSCM.Editor.dll (+pdb)
Processing assembly Library/Bee/artifacts/1300b0aE.dag/Unity.PlasticSCM.Editor.dll, with 151 defines and 304 references

processors: Unity.Jobs.CodeGen.JobsILPostProcessor, zzzUnity.Burst.CodeGen.BurstILPostProcessor

running Unity.Jobs.CodeGen.JobsILPostProcessor

running zzzUnity.Burst.CodeGen.BurstILPostProcessor
[1976/2211  0s] ILPostProcess Library/Bee/artifacts/1300b0aE.dag/post-processed/Unity.PlasticSCM.Editor.Entities.dll (+pdb)
Processing assembly Library/Bee/artifacts/1300b0aE.dag/Unity.PlasticSCM.Editor.Entities.dll, with 150 defines and 316 references

processors: Unity.Jobs.CodeGen.JobsILPostProcessor, zzzUnity.Burst.CodeGen.BurstILPostProcessor

running Unity.Jobs.CodeGen.JobsILPostProcessor

running zzzUnity.Burst.CodeGen.BurstILPostProcessor
[1977/2211  0s] ILPostProcess Library/Bee/artifacts/1300b0aE.dag/post-processed/Unity.PerformanceTesting.Editor.dll (+pdb)
Processing assembly Library/Bee/artifacts/1300b0aE.dag/Unity.PerformanceTesting.Editor.dll, with 151 defines and 299 references

processors: Unity.Jobs.CodeGen.JobsILPostProcessor, zzzUnity.Burst.CodeGen.BurstILPostProcessor

running Unity.Jobs.CodeGen.JobsILPostProcessor

running zzzUnity.Burst.CodeGen.BurstILPostProcessor
[1978/2211  0s] ILPostProcess Library/Bee/artifacts/1300b0aE.dag/post-processed/Unity.2D.Common.Editor.dll (+pdb)
Processing assembly Library/Bee/artifacts/1300b0aE.dag/Unity.2D.Common.Editor.dll, with 150 defines and 319 references

processors: Unity.Jobs.CodeGen.JobsILPostProcessor, zzzUnity.Burst.CodeGen.BurstILPostProcessor

running Unity.Jobs.CodeGen.JobsILPostProcessor

running zzzUnity.Burst.CodeGen.BurstILPostProcessor
[1979/2211  0s] ILPostProcess Library/Bee/artifacts/1300b0aE.dag/post-processed/Unity.AppUI.Navigation.Editor.dll (+pdb)
Processing assembly Library/Bee/artifacts/1300b0aE.dag/Unity.AppUI.Navigation.Editor.dll, with 151 defines and 319 references

processors: Unity.Jobs.CodeGen.JobsILPostProcessor, zzzUnity.Burst.CodeGen.BurstILPostProcessor

running Unity.Jobs.CodeGen.JobsILPostProcessor

running zzzUnity.Burst.CodeGen.BurstILPostProcessor
[1980/2211  0s] ILPostProcess Library/Bee/artifacts/1300b0aE.dag/post-processed/Unity.AppUI.Redux.Editor.dll (+pdb)
Processing assembly Library/Bee/artifacts/1300b0aE.dag/Unity.AppUI.Redux.Editor.dll, with 154 defines and 303 references

processors: Unity.Jobs.CodeGen.JobsILPostProcessor, zzzUnity.Burst.CodeGen.BurstILPostProcessor

running Unity.Jobs.CodeGen.JobsILPostProcessor

running zzzUnity.Burst.CodeGen.BurstILPostProcessor
[1981/2211  0s] ILPostProcess Library/Bee/artifacts/1300b0aE.dag/post-processed/UnityEditor.UI.dll (+pdb)
Processing assembly Library/Bee/artifacts/1300b0aE.dag/UnityEditor.UI.dll, with 153 defines and 314 references

processors: Unity.Jobs.CodeGen.JobsILPostProcessor, zzzUnity.Burst.CodeGen.BurstILPostProcessor

running Unity.Jobs.CodeGen.JobsILPostProcessor

running zzzUnity.Burst.CodeGen.BurstILPostProcessor
[1982/2211  0s] ILPostProcess Library/Bee/artifacts/1300b0aE.dag/post-processed/UnityEditor.Purchasing.dll (+pdb)
Processing assembly Library/Bee/artifacts/1300b0aE.dag/UnityEditor.Purchasing.dll, with 152 defines and 307 references

processors: Unity.Jobs.CodeGen.JobsILPostProcessor, zzzUnity.Burst.CodeGen.BurstILPostProcessor

running Unity.Jobs.CodeGen.JobsILPostProcessor

running zzzUnity.Burst.CodeGen.BurstILPostProcessor
[1983/2211  0s] ILPostProcess Library/Bee/artifacts/1300b0aE.dag/post-processed/Unity.AppUI.Editor.dll (+pdb)
Processing assembly Library/Bee/artifacts/1300b0aE.dag/Unity.AppUI.Editor.dll, with 153 defines and 317 references

processors: Unity.Jobs.CodeGen.JobsILPostProcessor, zzzUnity.Burst.CodeGen.BurstILPostProcessor

running Unity.Jobs.CodeGen.JobsILPostProcessor

running zzzUnity.Burst.CodeGen.BurstILPostProcessor
[1984/2211  0s] ILPostProcess Library/Bee/artifacts/1300b0aE.dag/post-processed/ScriptablePacker.dll (+pdb)
Processing assembly Library/Bee/artifacts/1300b0aE.dag/ScriptablePacker.dll, with 150 defines and 302 references

processors: Unity.Jobs.CodeGen.JobsILPostProcessor, zzzUnity.Burst.CodeGen.BurstILPostProcessor

running Unity.Jobs.CodeGen.JobsILPostProcessor

running zzzUnity.Burst.CodeGen.BurstILPostProcessor
[1985/2211  0s] ILPostProcess Library/Bee/artifacts/1300b0aE.dag/post-processed/Unity.Microsoft.GDK.Discovery.dll (+pdb)
Processing assembly Library/Bee/artifacts/1300b0aE.dag/Unity.Microsoft.GDK.Discovery.dll, with 150 defines and 315 references

processors: Unity.Jobs.CodeGen.JobsILPostProcessor, zzzUnity.Burst.CodeGen.BurstILPostProcessor

running Unity.Jobs.CodeGen.JobsILPostProcessor

running zzzUnity.Burst.CodeGen.BurstILPostProcessor
[1986/2211  0s] ILPostProcess Library/Bee/artifacts/1300b0aE.dag/post-processed/Unity.2D.Triangulation.Runtime.dll (+pdb)
Processing assembly Library/Bee/artifacts/1300b0aE.dag/Unity.2D.Triangulation.Runtime.dll, with 150 defines and 302 references

processors: Unity.Jobs.CodeGen.JobsILPostProcessor, zzzUnity.Burst.CodeGen.BurstILPostProcessor

running Unity.Jobs.CodeGen.JobsILPostProcessor

running zzzUnity.Burst.CodeGen.BurstILPostProcessor
[1987/2211  0s] CopyFiles Library/ScriptAssemblies/Unity.Services.Core.Registration.dll
[1988/2211  0s] CopyFiles Library/ScriptAssemblies/Unity.PerformanceTesting.dll
[1989/2211  0s] CopyFiles Library/ScriptAssemblies/Unity.RenderPipelines.Universal.Config.Runtime.dll
[1990/2211  0s] CopyFiles Library/ScriptAssemblies/Unity.Timeline.dll
[1991/2211  0s] CopyFiles Library/ScriptAssemblies/Unity.Microsoft.GDK.Tools.dll
[1992/2211  0s] CopyFiles Library/ScriptAssemblies/Unity.InputSystem.ForUI.dll
[1993/2211  0s] ILPostProcess Library/Bee/artifacts/1300b0aE.dag/post-processed/Unity.VisualScripting.Shared.Editor.dll (+pdb)
Processing assembly Library/Bee/artifacts/1300b0aE.dag/Unity.VisualScripting.Shared.Editor.dll, with 150 defines and 321 references

processors: Unity.Jobs.CodeGen.JobsILPostProcessor, zzzUnity.Burst.CodeGen.BurstILPostProcessor

running Unity.Jobs.CodeGen.JobsILPostProcessor

running zzzUnity.Burst.CodeGen.BurstILPostProcessor
[1994/2211  0s] CopyFiles Library/ScriptAssemblies/Unity.Purchasing.PaymentProviderService.dll
[1995/2211  0s] CopyFiles Library/ScriptAssemblies/Unity.Purchasing.SecurityStub.dll
[1996/2211  0s] ILPostProcess Library/Bee/artifacts/1300b0aE.dag/post-processed/Unity.AI.Assistant.Bridge.Editor.dll (+pdb)
Processing assembly Library/Bee/artifacts/1300b0aE.dag/Unity.AI.Assistant.Bridge.Editor.dll, with 151 defines and 315 references

processors: Unity.Jobs.CodeGen.JobsILPostProcessor, zzzUnity.Burst.CodeGen.BurstILPostProcessor

running Unity.Jobs.CodeGen.JobsILPostProcessor

running zzzUnity.Burst.CodeGen.BurstILPostProcessor
[1997/2211  0s] ILPostProcess Library/Bee/artifacts/1300b0aE.dag/post-processed/Unity.Microsoft.GDK.Editor.dll (+pdb)
Processing assembly Library/Bee/artifacts/1300b0aE.dag/Unity.Microsoft.GDK.Editor.dll, with 150 defines and 317 references

processors: Unity.Jobs.CodeGen.JobsILPostProcessor, zzzUnity.Burst.CodeGen.BurstILPostProcessor

running Unity.Jobs.CodeGen.JobsILPostProcessor

running zzzUnity.Burst.CodeGen.BurstILPostProcessor
[1998/2211  0s] CopyFiles Library/ScriptAssemblies/Unity.InferenceEngine.iOSBLAS.dll
[1999/2211  0s] CopyFiles Library/ScriptAssemblies/Unity.InferenceEngine.Tokenization.dll
[2000/2211  0s] ILPostProcess Library/Bee/artifacts/1300b0aE.dag/post-processed/Unity.2D.IK.Editor.dll (+pdb)
Processing assembly Library/Bee/artifacts/1300b0aE.dag/Unity.2D.IK.Editor.dll, with 150 defines and 322 references

processors: Unity.Jobs.CodeGen.JobsILPostProcessor, zzzUnity.Burst.CodeGen.BurstILPostProcessor

running Unity.Jobs.CodeGen.JobsILPostProcessor

running zzzUnity.Burst.CodeGen.BurstILPostProcessor
[2001/2211  0s] ILPostProcess Library/Bee/artifacts/1300b0aE.dag/post-processed/PsdPlugin.dll (+pdb)
Processing assembly Library/Bee/artifacts/1300b0aE.dag/PsdPlugin.dll, with 150 defines and 316 references

processors: Unity.Jobs.CodeGen.JobsILPostProcessor, zzzUnity.Burst.CodeGen.BurstILPostProcessor

running Unity.Jobs.CodeGen.JobsILPostProcessor

running zzzUnity.Burst.CodeGen.BurstILPostProcessor
[2002/2211  0s] ILPostProcess Library/Bee/artifacts/1300b0aE.dag/post-processed/Unity.InternalAPIEditorBridge.001.dll (+pdb)
Processing assembly Library/Bee/artifacts/1300b0aE.dag/Unity.InternalAPIEditorBridge.001.dll, with 151 defines and 316 references

processors: Unity.Jobs.CodeGen.JobsILPostProcessor, zzzUnity.Burst.CodeGen.BurstILPostProcessor

running Unity.Jobs.CodeGen.JobsILPostProcessor

running zzzUnity.Burst.CodeGen.BurstILPostProcessor
[2003/2211  0s] ILPostProcess Library/Bee/artifacts/1300b0aE.dag/post-processed/Unity.RenderPipelines.Core.Editor.Shared.dll (+pdb)
Processing assembly Library/Bee/artifacts/1300b0aE.dag/Unity.RenderPipelines.Core.Editor.Shared.dll, with 150 defines and 322 references

processors: Unity.Jobs.CodeGen.JobsILPostProcessor, zzzUnity.Burst.CodeGen.BurstILPostProcessor

running Unity.Jobs.CodeGen.JobsILPostProcessor

running zzzUnity.Burst.CodeGen.BurstILPostProcessor
[2004/2211  0s] CopyFiles Library/ScriptAssemblies/Acuaria.Food.dll
[2005/2211  0s] CopyFiles Library/ScriptAssemblies/Unity.InputSystem.TestFramework.dll
[2006/2211  0s] CopyFiles Library/ScriptAssemblies/Unity.RenderPipelines.Universal.Shaders.dll
[2007/2211  0s] CopyFiles Library/ScriptAssemblies/Unity.SurfaceCache.Runtime.dll
[2008/2211  0s] CopyFiles Library/ScriptAssemblies/Unity.Purchasing.AppleStub.dll
[2009/2211  0s] CopyFiles Library/ScriptAssemblies/Unity.AppUI.Redux.dll
[2010/2211  0s] CopyFiles Library/ScriptAssemblies/Unity.AI.Tracing.dll
[2011/2211  0s] CopyFiles Library/ScriptAssemblies/Unity.2D.SpriteShape.Runtime.dll
[2012/2211  0s] CopyFiles Library/ScriptAssemblies/Unity.AppUI.Navigation.dll
[2013/2211  0s] CopyFiles Library/ScriptAssemblies/Unity.InternalAPIEngineBridge.001.dll
[2014/2211  0s] CopyFiles Library/ScriptAssemblies/Unity.Services.Core.Environments.dll
[2015/2211  0s] CopyFiles Library/ScriptAssemblies/Unity.AppUI.MVVM.dll
[2016/2211  0s] CopyFiles Library/ScriptAssemblies/Unity.Purchasing.Stores.XboxCloudServices.dll
[2017/2211  0s] CopyFiles Library/ScriptAssemblies/Unity.Services.Core.Components.dll
[2018/2211  0s] CopyFiles Library/ScriptAssemblies/Acuaria.Simulation.dll
[2019/2211  0s] CopyFiles Library/ScriptAssemblies/Unity.VisualScripting.DocCodeExamples.dll
[2020/2211  0s] CopyFiles Library/ScriptAssemblies/Unity.Purchasing.Codeless.dll
[2021/2211  0s] CopyFiles Library/ScriptAssemblies/Acuaria.Aquarium.dll
[2022/2211  0s] CopyFiles Library/ScriptAssemblies/Unity.InputSystem.dll
[2023/2211  0s] CopyFiles Library/ScriptAssemblies/Acuaria.Fish.dll
[2024/2211  0s] CopyFiles Library/ScriptAssemblies/Acuaria.Core.dll
[2025/2211  0s] CopyFiles Library/ScriptAssemblies/Unity.RenderPipelines.ShaderGraph.ShaderGraphLibrary.dll
[2026/2211  0s] CopyFiles Library/ScriptAssemblies/Unity.2D.IK.Runtime.dll
[2027/2211  0s] CopyFiles Library/ScriptAssemblies/Acuaria.UI.dll
[2028/2211  0s] CopyFiles Library/ScriptAssemblies/Unity.2D.Common.Runtime.dll
[2029/2211  0s] CopyFiles Library/ScriptAssemblies/Unity.AI.Assistant.Runtime.dll
[2030/2211  0s] CopyFiles Library/ScriptAssemblies/Unity.AppUI.Undo.dll
[2031/2211  0s] CopyFiles Library/ScriptAssemblies/Unity.Services.Core.Configuration.dll
[2032/2211  0s] CopyFiles Library/ScriptAssemblies/Unity.Purchasing.AppleMacosStub.dll
[2033/2211  0s] CopyFiles Library/ScriptAssemblies/Unity.AI.Animate.Motion.Runtime.dll
[2034/2211  0s] CopyFiles Library/ScriptAssemblies/Unity.Purchasing.SecurityCore.dll
[2035/2211  0s] CopyFiles Library/ScriptAssemblies/Unity.InternalAPIEngineBridge.RenderPipelines.Core.Runtime.Shared.dll
[2036/2211  0s] ILPostProcess Library/Bee/artifacts/1300b0aE.dag/post-processed/Unity.InputSystem.DocCodeSamples.dll (+pdb)
Processing assembly Library/Bee/artifacts/1300b0aE.dag/Unity.InputSystem.DocCodeSamples.dll, with 150 defines and 299 references

processors: Unity.Jobs.CodeGen.JobsILPostProcessor, zzzUnity.Burst.CodeGen.BurstILPostProcessor

running Unity.Jobs.CodeGen.JobsILPostProcessor

running zzzUnity.Burst.CodeGen.BurstILPostProcessor
[2037/2211  0s] ILPostProcess Library/Bee/artifacts/1300b0aE.dag/post-processed/Unity.TextMeshPro.Editor.dll (+pdb)
Processing assembly Library/Bee/artifacts/1300b0aE.dag/Unity.TextMeshPro.Editor.dll, with 150 defines and 317 references

processors: Unity.Jobs.CodeGen.JobsILPostProcessor, zzzUnity.Burst.CodeGen.BurstILPostProcessor

running Unity.Jobs.CodeGen.JobsILPostProcessor

running zzzUnity.Burst.CodeGen.BurstILPostProcessor
[2038/2211  0s] ILPostProcess Library/Bee/artifacts/1300b0aE.dag/post-processed/Unity.InferenceEngine.Editor.dll (+pdb)
Processing assembly Library/Bee/artifacts/1300b0aE.dag/Unity.InferenceEngine.Editor.dll, with 150 defines and 305 references

processors: Unity.Jobs.CodeGen.JobsILPostProcessor, zzzUnity.Burst.CodeGen.BurstILPostProcessor

running Unity.Jobs.CodeGen.JobsILPostProcessor

running zzzUnity.Burst.CodeGen.BurstILPostProcessor
[2039/2211  0s] CopyFiles Library/ScriptAssemblies/Unity.2D.Tilemap.Extras.dll
[2040/2211  0s] CopyFiles Library/ScriptAssemblies/Acuaria.Audio.dll
[2041/2211  0s] CopyFiles Library/ScriptAssemblies/Unity.Multiplayer.Center.Common.dll
[2042/2211  0s] CopyFiles Library/ScriptAssemblies/Unity.Services.Core.Scheduler.dll
[2043/2211  0s] CopyFiles Library/ScriptAssemblies/Unity.TextMeshPro.dll
[2044/2211  0s] CopyFiles Library/ScriptAssemblies/Unity.Services.Core.Networking.dll
[2045/2211  0s] CopyFiles Library/ScriptAssemblies/Unity.Purchasing.WebshopService.dll
[2046/2211  0s] CopyFiles Library/ScriptAssemblies/Unity.AppUI.InternalAPIBridge.dll
[2047/2211  0s] CopyFiles Library/ScriptAssemblies/Unity.AI.MCP.Runtime.dll
[2048/2211  0s] CopyFiles Library/ScriptAssemblies/Unity.Purchasing.LiveContentAdapterService.dll
[2049/2211  0s] CopyFiles Library/ScriptAssemblies/Unity.Purchasing.dll
[2050/2211  0s] CopyFiles Library/ScriptAssemblies/Unity.VisualScripting.Flow.dll
[2051/2211  0s] CopyFiles Library/ScriptAssemblies/Unity.RenderPipelines.Universal.Runtime.dll
[2052/2211  0s] CopyFiles Library/ScriptAssemblies/UnityEngine.UI.dll
[2053/2211  0s] CopyFiles Library/ScriptAssemblies/Unity.RenderPipelines.Core.ShaderLibrary.dll
[2054/2211  0s] CopyFiles Library/ScriptAssemblies/Acuaria.Room.dll
[2055/2211  0s] CopyFiles Library/ScriptAssemblies/Unity.InternalAPIEngineBridge.004.dll
[2056/2211  0s] CopyFiles Library/ScriptAssemblies/Unity.Mathematics.dll
[2057/2211  0s] CopyFiles Library/ScriptAssemblies/Unity.Microsoft.GDK.dll
[2058/2211  0s] CopyFiles Library/ScriptAssemblies/Unity.Services.Core.Environments.Internal.dll
[2059/2211  0s] CopyFiles Library/ScriptAssemblies/Unity.RenderPipelines.Core.Runtime.Shared.dll
[2060/2211  0s] CopyFiles Library/ScriptAssemblies/Unity.VisualScripting.State.dll
[2061/2211  0s] CopyFiles Library/ScriptAssemblies/Unity.Services.Core.Telemetry.dll
[2062/2211  0s] CopyFiles Library/ScriptAssemblies/Unity.Purchasing.Utilities.dll
[2063/2211  0s] CopyFiles Library/ScriptAssemblies/Unity.Services.Core.Internal.dll
[2064/2211  0s] CopyFiles Library/ScriptAssemblies/Unity.InferenceEngine.MacBLAS.dll
[2065/2211  0s] CopyFiles Library/ScriptAssemblies/Unity.VisualScripting.Core.dll
[2066/2211  0s] CopyFiles Library/ScriptAssemblies/Unity.Services.Core.dll
[2067/2211  0s] CopyFiles Library/ScriptAssemblies/Unity.Services.Core.Device.dll
[2068/2211  0s] CopyFiles Library/ScriptAssemblies/Unity.Services.Core.Analytics.dll
[2069/2211  0s] CopyFiles Library/ScriptAssemblies/Unity.Services.Core.Threading.dll
[2070/2211  0s] CopyFiles Library/ScriptAssemblies/Unity.RenderPipeline.Universal.ShaderLibrary.dll
[2071/2211  0s] CopyFiles Library/ScriptAssemblies/Unity.Purchasing.Stores.dll
[2072/2211  0s] CopyFiles Library/ScriptAssemblies/Unity.InferenceEngine.Editor.pdb
[2073/2211  0s] ILPostProcess Library/Bee/artifacts/1300b0aE.dag/post-processed/Unity.2D.Tooling.Editor.dll (+pdb)
Processing assembly Library/Bee/artifacts/1300b0aE.dag/Unity.2D.Tooling.Editor.dll, with 150 defines and 318 references

processors: Unity.Jobs.CodeGen.JobsILPostProcessor, zzzUnity.Burst.CodeGen.BurstILPostProcessor

running Unity.Jobs.CodeGen.JobsILPostProcessor

running zzzUnity.Burst.CodeGen.BurstILPostProcessor
[2074/2211  0s] CopyFiles Library/ScriptAssemblies/Unity.RenderPipelines.Core.Runtime.dll
[2075/2211  0s] CopyFiles Library/ScriptAssemblies/Unity.TextMeshPro.Editor.pdb
[2076/2211  0s] CopyFiles Library/ScriptAssemblies/Unity.InputSystem.DocCodeSamples.dll
[2077/2211  0s] CopyFiles Library/ScriptAssemblies/Unity.InputSystem.DocCodeSamples.pdb
[2078/2211  0s] ILPostProcess Library/Bee/artifacts/1300b0aE.dag/post-processed/Unity.2D.Aseprite.Editor.dll (+pdb)
Processing assembly Library/Bee/artifacts/1300b0aE.dag/Unity.2D.Aseprite.Editor.dll, with 152 defines and 325 references

processors: Unity.Jobs.CodeGen.JobsILPostProcessor, zzzUnity.Burst.CodeGen.BurstILPostProcessor

running Unity.Jobs.CodeGen.JobsILPostProcessor

running zzzUnity.Burst.CodeGen.BurstILPostProcessor
[2079/2211  0s] CopyFiles Library/ScriptAssemblies/Unity.2D.Aseprite.Editor.pdb
[2080/2211  3s] ILPostProcess Library/Bee/artifacts/1300b0aE.dag/post-processed/Unity.InferenceEngine.dll (+pdb)
Processing assembly Library/Bee/artifacts/1300b0aE.dag/Unity.InferenceEngine.dll, with 152 defines and 306 references

processors: Unity.Jobs.CodeGen.JobsILPostProcessor, zzzUnity.Burst.CodeGen.BurstILPostProcessor

running Unity.Jobs.CodeGen.JobsILPostProcessor

running zzzUnity.Burst.CodeGen.BurstILPostProcessor
[2081/2211  0s] ILPostProcess Library/Bee/artifacts/1300b0aE.dag/post-processed/Unity.AI.Pbr.Srp.dll (+pdb)
Processing assembly Library/Bee/artifacts/1300b0aE.dag/Unity.AI.Pbr.Srp.dll, with 150 defines and 316 references

processors: Unity.Jobs.CodeGen.JobsILPostProcessor, zzzUnity.Burst.CodeGen.BurstILPostProcessor

running Unity.Jobs.CodeGen.JobsILPostProcessor

running zzzUnity.Burst.CodeGen.BurstILPostProcessor
[2082/2211  0s] ILPostProcess Library/Bee/artifacts/1300b0aE.dag/post-processed/Unity.AI.Assistant.Editor.dll (+pdb)
Processing assembly Library/Bee/artifacts/1300b0aE.dag/Unity.AI.Assistant.Editor.dll, with 150 defines and 309 references

processors: Unity.Jobs.CodeGen.JobsILPostProcessor, zzzUnity.Burst.CodeGen.BurstILPostProcessor

running Unity.Jobs.CodeGen.JobsILPostProcessor

running zzzUnity.Burst.CodeGen.BurstILPostProcessor
[2083/2211  0s] ILPostProcess Library/Bee/artifacts/1300b0aE.dag/post-processed/Unity.AI.Generators.Contexts.dll (+pdb)
Processing assembly Library/Bee/artifacts/1300b0aE.dag/Unity.AI.Generators.Contexts.dll, with 150 defines and 315 references

processors: Unity.Jobs.CodeGen.JobsILPostProcessor, zzzUnity.Burst.CodeGen.BurstILPostProcessor

running Unity.Jobs.CodeGen.JobsILPostProcessor

running zzzUnity.Burst.CodeGen.BurstILPostProcessor
[2084/2211  0s] ILPostProcess Library/Bee/artifacts/1300b0aE.dag/post-processed/Unity.AI.Toolkit.Async.dll (+pdb)
Processing assembly Library/Bee/artifacts/1300b0aE.dag/Unity.AI.Toolkit.Async.dll, with 150 defines and 315 references

processors: Unity.Jobs.CodeGen.JobsILPostProcessor, zzzUnity.Burst.CodeGen.BurstILPostProcessor

running Unity.Jobs.CodeGen.JobsILPostProcessor

running zzzUnity.Burst.CodeGen.BurstILPostProcessor
[2085/2211  0s] ILPostProcess Library/Bee/artifacts/1300b0aE.dag/post-processed/Unity.2D.SpriteShape.Editor.dll (+pdb)
Processing assembly Library/Bee/artifacts/1300b0aE.dag/Unity.2D.SpriteShape.Editor.dll, with 151 defines and 320 references

processors: Unity.Jobs.CodeGen.JobsILPostProcessor, zzzUnity.Burst.CodeGen.BurstILPostProcessor

running Unity.Jobs.CodeGen.JobsILPostProcessor

running zzzUnity.Burst.CodeGen.BurstILPostProcessor
[2086/2211  0s] CopyFiles Library/ScriptAssemblies/Unity.AI.Pbr.Srp.dll
[2087/2211  0s] CopyFiles Library/ScriptAssemblies/Unity.AI.Assistant.Editor.pdb
[2088/2211  0s] CopyFiles Library/ScriptAssemblies/Unity.AI.Pbr.Srp.pdb
[2089/2211  0s] CopyFiles Library/ScriptAssemblies/Unity.InferenceEngine.pdb
[2090/2211  0s] CopyFiles Library/ScriptAssemblies/Unity.2D.Tooling.Editor.pdb
[2091/2211  0s] CopyFiles Library/ScriptAssemblies/Unity.RenderPipelines.Core.Editor.Shared.pdb
[2092/2211  0s] CopyFiles Library/ScriptAssemblies/Unity.InternalAPIEditorBridge.001.pdb
[2093/2211  0s] CopyFiles Library/ScriptAssemblies/Unity.AI.Generators.Contexts.pdb
[2094/2211  0s] CopyFiles Library/ScriptAssemblies/Unity.2D.SpriteShape.Editor.pdb
[2095/2211  0s] ILPostProcess Library/Bee/artifacts/1300b0aE.dag/post-processed/Unity.2D.Common.Path.Editor.dll (+pdb)
Processing assembly Library/Bee/artifacts/1300b0aE.dag/Unity.2D.Common.Path.Editor.dll, with 150 defines and 315 references

processors: Unity.Jobs.CodeGen.JobsILPostProcessor, zzzUnity.Burst.CodeGen.BurstILPostProcessor

running Unity.Jobs.CodeGen.JobsILPostProcessor

running zzzUnity.Burst.CodeGen.BurstILPostProcessor
[2096/2211  0s] ILPostProcess Library/Bee/artifacts/1300b0aE.dag/post-processed/Unity.AI.Assistant.Integrations.Profiler.Editor.dll (+pdb)
Processing assembly Library/Bee/artifacts/1300b0aE.dag/Unity.AI.Assistant.Integrations.Profiler.Editor.dll, with 150 defines and 320 references

processors: Unity.Jobs.CodeGen.JobsILPostProcessor, zzzUnity.Burst.CodeGen.BurstILPostProcessor

running Unity.Jobs.CodeGen.JobsILPostProcessor

running zzzUnity.Burst.CodeGen.BurstILPostProcessor
[2097/2211  0s] CopyFiles Library/ScriptAssemblies/Unity.AI.Assistant.Integrations.Profiler.Editor.pdb
[2098/2211  0s] CopyFiles Library/ScriptAssemblies/Unity.RenderPipelines.Core.Editor.Shared.dll
[2099/2211  0s] CopyFiles Library/ScriptAssemblies/Unity.2D.Common.Path.Editor.pdb
[2100/2211  0s] CopyFiles Library/ScriptAssemblies/Unity.AI.Toolkit.Async.pdb
[2101/2211  0s] ILPostProcess Library/Bee/artifacts/1300b0aE.dag/post-processed/Unity.2D.Psdimporter.Editor.dll (+pdb)
Processing assembly Library/Bee/artifacts/1300b0aE.dag/Unity.2D.Psdimporter.Editor.dll, with 152 defines and 325 references

processors: Unity.Jobs.CodeGen.JobsILPostProcessor, zzzUnity.Burst.CodeGen.BurstILPostProcessor

running Unity.Jobs.CodeGen.JobsILPostProcessor

running zzzUnity.Burst.CodeGen.BurstILPostProcessor
[2102/2211  0s] CopyFiles Library/ScriptAssemblies/Unity.2D.Animation.Runtime.dll
[2103/2211  0s] CopyFiles Library/ScriptAssemblies/Unity.2D.IK.Editor.pdb
[2104/2211  0s] CopyFiles Library/ScriptAssemblies/PsdPlugin.pdb
[2105/2211  0s] CopyFiles Library/ScriptAssemblies/PsdPlugin.dll
[2106/2211  0s] CopyFiles Library/ScriptAssemblies/Unity.Microsoft.GDK.Editor.dll
[2107/2211  0s] CopyFiles Library/ScriptAssemblies/Unity.Microsoft.GDK.Editor.pdb
[2108/2211  0s] CopyFiles Library/ScriptAssemblies/Unity.AI.Assistant.Bridge.Editor.dll
[2109/2211  0s] CopyFiles Library/ScriptAssemblies/Unity.AI.Assistant.Bridge.Editor.pdb
[2110/2211  0s] CopyFiles Library/ScriptAssemblies/Unity.VisualScripting.Shared.Editor.pdb
[2111/2211  0s] CopyFiles Library/ScriptAssemblies/Unity.AppUI.dll
[2112/2211  0s] CopyFiles Library/ScriptAssemblies/Unity.VisualScripting.Shared.Editor.dll
[2113/2211  0s] CopyFiles Library/ScriptAssemblies/Unity.2D.Triangulation.Runtime.dll
[2114/2211  0s] CopyFiles Library/ScriptAssemblies/Unity.2D.Triangulation.Runtime.pdb
[2115/2211  0s] CopyFiles Library/ScriptAssemblies/ScriptablePacker.dll
[2116/2211  0s] CopyFiles Library/ScriptAssemblies/ScriptablePacker.pdb
[2117/2211  0s] CopyFiles Library/ScriptAssemblies/Unity.Microsoft.GDK.Discovery.dll
[2118/2211  0s] CopyFiles Library/ScriptAssemblies/Unity.Microsoft.GDK.Discovery.pdb
[2119/2211  0s] CopyFiles Library/ScriptAssemblies/Unity.2D.Psdimporter.Editor.pdb
[2120/2211  0s] CopyFiles Library/ScriptAssemblies/UnityEditor.Purchasing.pdb
[2121/2211  0s] CopyFiles Library/ScriptAssemblies/Unity.AppUI.Editor.dll
[2122/2211  0s] CopyFiles Library/ScriptAssemblies/Unity.AppUI.Editor.pdb
[2123/2211  0s] ILPostProcess Library/Bee/artifacts/1300b0aE.dag/post-processed/Unity.2D.Animation.Editor.dll (+pdb)
Processing assembly Library/Bee/artifacts/1300b0aE.dag/Unity.2D.Animation.Editor.dll, with 152 defines and 325 references

processors: Unity.Jobs.CodeGen.JobsILPostProcessor, zzzUnity.Burst.CodeGen.BurstILPostProcessor

running Unity.Jobs.CodeGen.JobsILPostProcessor

running zzzUnity.Burst.CodeGen.BurstILPostProcessor
[2124/2211  0s] CopyFiles Library/ScriptAssemblies/Unity.2D.Animation.Editor.pdb
[2125/2211  0s] CopyFiles Library/ScriptAssemblies/Unity.2D.Tooling.Editor.dll
[2126/2211  0s] CopyFiles Library/ScriptAssemblies/UnityEditor.UI.pdb
[2127/2211  0s] ILPostProcess Library/Bee/artifacts/1300b0aE.dag/post-processed/Unity.AI.Mesh.dll (+pdb)
Processing assembly Library/Bee/artifacts/1300b0aE.dag/Unity.AI.Mesh.dll, with 150 defines and 329 references

processors: Unity.Jobs.CodeGen.JobsILPostProcessor, zzzUnity.Burst.CodeGen.BurstILPostProcessor

running Unity.Jobs.CodeGen.JobsILPostProcessor

running zzzUnity.Burst.CodeGen.BurstILPostProcessor
[2128/2211  0s] CopyFiles Library/ScriptAssemblies/Unity.Burst.dll
[2129/2211  0s] CopyFiles Library/ScriptAssemblies/Unity.AppUI.Redux.Editor.pdb
[2130/2211  0s] CopyFiles Library/ScriptAssemblies/Unity.AppUI.Navigation.Editor.dll
[2131/2211  0s] CopyFiles Library/ScriptAssemblies/Unity.AppUI.Navigation.Editor.pdb
[2132/2211  0s] CopyFiles Library/ScriptAssemblies/Unity.2D.Common.Editor.dll
[2133/2211  0s] CopyFiles Library/ScriptAssemblies/Unity.2D.Common.Editor.pdb
[2134/2211  0s] CopyFiles Library/ScriptAssemblies/Unity.PerformanceTesting.Editor.dll
[2135/2211  0s] CopyFiles Library/ScriptAssemblies/Unity.PerformanceTesting.Editor.pdb
[2136/2211  0s] CopyFiles Library/ScriptAssemblies/Unity.2D.Common.Path.Editor.dll
[2137/2211  0s] CopyFiles Library/ScriptAssemblies/Unity.PlasticSCM.Editor.Entities.dll
[2138/2211  0s] CopyFiles Library/ScriptAssemblies/Unity.PlasticSCM.Editor.Entities.pdb
[2139/2211  0s] CopyFiles Library/ScriptAssemblies/Unity.PlasticSCM.Editor.pdb
[2140/2211  0s] CopyFiles Library/ScriptAssemblies/Unity.AI.Generators.Sdk.dll
[2141/2211  0s] CopyFiles Library/ScriptAssemblies/Unity.AI.Generators.Sdk.pdb
[2142/2211  0s] CopyFiles Library/ScriptAssemblies/Unity.VisualScripting.Core.Editor.pdb
[2143/2211  0s] CopyFiles Library/ScriptAssemblies/Unity.AI.Mesh.pdb
[2144/2211  0s] CopyFiles Library/ScriptAssemblies/Unity.VisualScripting.Core.Editor.dll
[2145/2211  0s] CopyFiles Library/ScriptAssemblies/Unity.CollabProxy.Editor.dll
[2146/2211  0s] CopyFiles Library/ScriptAssemblies/Unity.CollabProxy.Editor.pdb
[2147/2211  0s] CopyFiles Library/ScriptAssemblies/Unity.AI.Pbr.pdb
[2148/2211  0s] CopyFiles Library/ScriptAssemblies/Unity.AI.Pbr.dll
[2149/2211  0s] CopyFiles Library/ScriptAssemblies/Unity.Collections.pdb
[2150/2211  0s] CopyFiles Library/ScriptAssemblies/Acuaria.Room.EditModeTests.dll
[2151/2211  0s] CopyFiles Library/ScriptAssemblies/Acuaria.Room.EditModeTests.pdb
[2152/2211  0s] CopyFiles Library/ScriptAssemblies/Unity.RenderPipelines.Core.Editor.pdb
[2153/2211  0s] CopyFiles Library/ScriptAssemblies/Unity.AI.Generators.Contexts.dll
[2154/2211  0s] CopyFiles Library/ScriptAssemblies/Unity.Services.Core.Environments.Editor.dll
[2155/2211  0s] CopyFiles Library/ScriptAssemblies/Unity.Services.Core.Environments.Editor.pdb
[2156/2211  0s] CopyFiles Library/ScriptAssemblies/Unity.VisualScripting.SettingsProvider.Editor.dll
[2157/2211  0s] CopyFiles Library/ScriptAssemblies/Unity.VisualScripting.SettingsProvider.Editor.pdb
[2158/2211  0s] CopyFiles Library/ScriptAssemblies/Unity.Services.Core.Editor.pdb
[2159/2211  0s] CopyFiles Library/ScriptAssemblies/Unity.Services.Core.Editor.dll
[2160/2211  0s] CopyFiles Library/ScriptAssemblies/Unity.AI.Search.Editor.pdb
[2161/2211  0s] CopyFiles Library/ScriptAssemblies/UnityEditor.UI.dll
[2162/2211  0s] CopyFiles Library/ScriptAssemblies/Unity.AI.Image.dll
[2163/2211  0s] CopyFiles Library/ScriptAssemblies/Unity.AI.Image.pdb
[2164/2211  0s] CopyFiles Library/ScriptAssemblies/Unity.AI.Assistant.API.Editor.dll
[2165/2211  0s] CopyFiles Library/ScriptAssemblies/Unity.AI.Assistant.API.Editor.pdb
[2166/2211  0s] CopyFiles Library/ScriptAssemblies/Unity.InferenceEngine.Microsoft.Msagl.pdb
[2167/2211  0s] CopyFiles Library/ScriptAssemblies/Unity.InferenceEngine.Microsoft.Msagl.dll
[2168/2211  0s] CopyFiles Library/ScriptAssemblies/Unity.AppUI.Redux.Editor.dll
[2169/2211  0s] CopyFiles Library/ScriptAssemblies/Unity.AI.Sound.pdb
[2170/2211  0s] CopyFiles Library/ScriptAssemblies/Unity.AI.Toolkit.GenerationContextMenu.pdb
[2171/2211  0s] CopyFiles Library/ScriptAssemblies/Unity.AI.Toolkit.GenerationContextMenu.dll
[2172/2211  0s] CopyFiles Library/ScriptAssemblies/Unity.AI.Toolkit.GenerationObjectPicker.dll
[2173/2211  0s] CopyFiles Library/ScriptAssemblies/Unity.AI.Toolkit.GenerationObjectPicker.pdb
[2174/2211  0s] CopyFiles Library/ScriptAssemblies/Unity.AI.Generators.IO.Srp.dll
[2175/2211  0s] CopyFiles Library/ScriptAssemblies/Unity.AI.Generators.IO.Srp.pdb
[2176/2211  0s] CopyFiles Library/ScriptAssemblies/Unity.InternalAPIEditorBridge.ShaderGraph.Editor.pdb
[2177/2211  0s] CopyFiles Library/ScriptAssemblies/Unity.InternalAPIEditorBridge.ShaderGraph.Editor.dll
[2178/2211  0s] CopyFiles Library/ScriptAssemblies/Acuaria.Aquarium.EditModeTests.dll
[2179/2211  0s] CopyFiles Library/ScriptAssemblies/Unity.AI.Toolkit.Async.dll
[2180/2211  0s] CopyFiles Library/ScriptAssemblies/Acuaria.Aquarium.EditModeTests.pdb
[2181/2211  0s] CopyFiles Library/ScriptAssemblies/Acuaria.Feeding.EditModeTests.pdb
[2182/2211  0s] CopyFiles Library/ScriptAssemblies/Acuaria.Feeding.EditModeTests.dll
[2183/2211  0s] CopyFiles Library/ScriptAssemblies/Unity.ShaderGraph.Utilities.pdb
[2184/2211  0s] CopyFiles Library/ScriptAssemblies/Unity.ShaderGraph.Utilities.dll
[2185/2211  0s] CopyFiles Library/ScriptAssemblies/Unity.AI.Generators.Redux.dll
[2186/2211  0s] CopyFiles Library/ScriptAssemblies/Unity.AI.Generators.Redux.pdb
[2187/2211  0s] CopyFiles Library/ScriptAssemblies/Unity.ShaderGraph.Editor.pdb
[2188/2211  0s] CopyFiles Library/ScriptAssemblies/Unity.Searcher.Editor.pdb
[2189/2211  0s] CopyFiles Library/ScriptAssemblies/Unity.Searcher.Editor.dll
[2190/2211  0s] CopyFiles Library/ScriptAssemblies/Unity.Collections.dll
[2191/2211  0s] CopyFiles Library/ScriptAssemblies/Unity.AI.ModelSelector.pdb
[2192/2211  0s] CopyFiles Library/ScriptAssemblies/Unity.Collections.Editor.pdb
[2193/2211  0s] CopyFiles Library/ScriptAssemblies/Unity.Collections.Editor.dll
[2194/2211  0s] CopyFiles Library/ScriptAssemblies/Unity.AI.Generators.UI.pdb
[2195/2211  0s] CopyFiles Library/ScriptAssemblies/Unity.AI.Generators.UI.dll
[2196/2211  0s] CopyFiles Library/ScriptAssemblies/Unity.Multiplayer.Center.Editor.dll
[2197/2211  0s] CopyFiles Library/ScriptAssemblies/Unity.Multiplayer.Center.Editor.pdb
[2198/2211  0s] CopyFiles Library/ScriptAssemblies/Unity.AI.Assistant.UI.Editor.dll
[2199/2211  0s] CopyFiles Library/ScriptAssemblies/Unity.AI.Search.Editor.dll
[2200/2211  0s] CopyFiles Library/ScriptAssemblies/Unity.AI.Generators.UI.AIDropdownIntegrations.dll
[2201/2211  0s] CopyFiles Library/ScriptAssemblies/Unity.AI.Assistant.UI.Editor.pdb
[2202/2211  0s] CopyFiles Library/ScriptAssemblies/Unity.AI.Generators.UI.AIDropdownIntegrations.pdb
[2203/2211  0s] CopyFiles Library/ScriptAssemblies/Acuaria.Fish.EditModeTests.dll
[2204/2211  0s] CopyFiles Library/ScriptAssemblies/Acuaria.Fish.EditModeTests.pdb
[2205/2211  0s] ILPostProcess Library/Bee/artifacts/1300b0aE.dag/post-processed/Unity.Microsoft.GDK.Tools.Editor.dll (+pdb)
Processing assembly Library/Bee/artifacts/1300b0aE.dag/Unity.Microsoft.GDK.Tools.Editor.dll, with 150 defines and 317 references

processors: Unity.Jobs.CodeGen.JobsILPostProcessor, zzzUnity.Burst.CodeGen.BurstILPostProcessor

running Unity.Jobs.CodeGen.JobsILPostProcessor

running zzzUnity.Burst.CodeGen.BurstILPostProcessor
[2206/2211  0s] CopyFiles Library/ScriptAssemblies/Unity.AI.Generators.IO.pdb
[2207/2211  0s] CopyFiles Library/ScriptAssemblies/Unity.Microsoft.GDK.Tools.Editor.pdb
[2208/2211  0s] CopyFiles Library/ScriptAssemblies/Unity.2D.SpriteShape.Editor.dll
[2209/2211  0s] CopyFiles Library/ScriptAssemblies/Unity.AI.Assistant.Tools.Editor.pdb
[2210/2211  0s] CopyFiles Library/ScriptAssemblies/Unity.VisualScripting.State.Editor.dll
[2211/2211  0s] CopyFiles Library/ScriptAssemblies/Unity.VisualScripting.State.Editor.pdb
[2212/2211  0s] CopyFiles Library/ScriptAssemblies/Unity.UnifiedRayTracing.Runtime.dll
[2213/2211  0s] CopyFiles Library/ScriptAssemblies/Unity.InferenceEngine.Editor.Visualizer.pdb
[2214/2211  0s] CopyFiles Library/ScriptAssemblies/Unity.RenderPipelines.Universal.2D.Runtime.dll
[2215/2211  0s] CopyFiles Library/ScriptAssemblies/Unity.2D.Tilemap.Extras.Editor.pdb
[2216/2211  0s] CopyFiles Library/ScriptAssemblies/Unity.VisualScripting.Flow.Editor.pdb
[2217/2211  0s] CopyFiles Library/ScriptAssemblies/Unity.VisualScripting.Flow.Editor.dll
[2218/2211  0s] CopyFiles Library/ScriptAssemblies/Unity.AI.Toolkit.Utility.pdb
[2219/2211  0s] CopyFiles Library/ScriptAssemblies/Unity.AI.Toolkit.Utility.dll
[2220/2211  0s] CopyFiles Library/ScriptAssemblies/Unity.AI.Generators.Asset.dll
[2221/2211  0s] CopyFiles Library/ScriptAssemblies/Unity.AI.Generators.Asset.pdb
[2222/2211  0s] CopyFiles Library/ScriptAssemblies/Unity.RenderPipelines.GPUDriven.Runtime.pdb
[2223/2211  0s] CopyFiles Library/ScriptAssemblies/Unity.AI.Assistant.Annotations.Editor.pdb
[2224/2211  0s] CopyFiles Library/ScriptAssemblies/Unity.AI.Assistant.Annotations.Editor.dll
[2225/2211  0s] CopyFiles Library/ScriptAssemblies/UnityEditor.UI.Analytics.dll
[2226/2211  0s] CopyFiles Library/ScriptAssemblies/UnityEditor.UI.Analytics.pdb
[2227/2211  0s] CopyFiles Library/ScriptAssemblies/Unity.PlasticSCM.Editor.Assistant.dll
[2228/2211  0s] CopyFiles Library/ScriptAssemblies/Unity.PlasticSCM.Editor.Assistant.pdb
[2229/2211  0s] CopyFiles Library/ScriptAssemblies/Unity.2D.Animation.Runtime.pdb
[2230/2211  0s] CopyFiles Library/ScriptAssemblies/Unity.2D.Sprite.Editor.dll
[2231/2211  0s] CopyFiles Library/ScriptAssemblies/Unity.2D.Sprite.Editor.pdb
[2232/2211  0s] CopyFiles Library/ScriptAssemblies/Unity.Rendering.LightTransport.Editor.pdb
[2233/2211  0s] CopyFiles Library/ScriptAssemblies/Unity.Rendering.LightTransport.Editor.dll
[2234/2211  0s] CopyFiles Library/ScriptAssemblies/Unity.AI.Toolkit.Accounts.dll
[2235/2211  0s] CopyFiles Library/ScriptAssemblies/Unity.AI.Toolkit.Accounts.pdb
[2236/2211  0s] CopyFiles Library/ScriptAssemblies/IAPResolver.pdb
[2237/2211  0s] CopyFiles Library/ScriptAssemblies/IAPResolver.dll
[2238/2211  0s] CopyFiles Library/ScriptAssemblies/Unity.AI.Assistant.Agent.Dynamic.Extension.Editor.dll
[2239/2211  0s] CopyFiles Library/ScriptAssemblies/Unity.AI.Assistant.Agent.Dynamic.Extension.Editor.pdb
[2240/2211  0s] CopyFiles Library/ScriptAssemblies/Unity.Burst.pdb
[2241/2211  0s] CopyFiles Library/ScriptAssemblies/Unity.InternalAPIEditorBridge.001.dll
[2242/2211  0s] CopyFiles Library/ScriptAssemblies/Unity.2D.SpriteShape.Runtime.pdb
[2243/2211  0s] CopyFiles Library/ScriptAssemblies/Unity.RenderPipelines.Universal.2D.Runtime.pdb
[2244/2211  0s] CopyFiles Library/ScriptAssemblies/Unity.PathTracing.Editor.pdb
[2245/2211  0s] CopyFiles Library/ScriptAssemblies/Unity.2D.IK.Runtime.pdb
[2246/2211  0s] CopyFiles Library/ScriptAssemblies/Unity.UnifiedRayTracing.Runtime.pdb
[2247/2211  0s] CopyFiles Library/ScriptAssemblies/Unity.PathTracing.Editor.dll
[2248/2211  0s] CopyFiles Library/ScriptAssemblies/Unity.AppUI.Navigation.pdb
[2249/2211  0s] CopyFiles Library/ScriptAssemblies/Unity.AppUI.Redux.pdb
[2250/2211  0s] CopyFiles Library/ScriptAssemblies/Unity.AppUI.MVVM.pdb
[2251/2211  0s] CopyFiles Library/ScriptAssemblies/Unity.AppUI.pdb
[2252/2211  0s] CopyFiles Library/ScriptAssemblies/Unity.PathTracing.Runtime.pdb
[2253/2211  0s] CopyFiles Library/ScriptAssemblies/Unity.2D.Aseprite.Common.dll
[2254/2211  0s] CopyFiles Library/ScriptAssemblies/Unity.2D.Aseprite.Common.pdb
[2255/2211  0s] CopyFiles Library/ScriptAssemblies/Unity.RenderPipelines.Universal.Runtime.pdb
[2256/2211  0s] CopyFiles Library/ScriptAssemblies/Unity.RenderPipelines.Core.Runtime.pdb
[2257/2211  0s] CopyFiles Library/ScriptAssemblies/Unity.Purchasing.Editor.Shared.dll
[2258/2211  0s] CopyFiles Library/ScriptAssemblies/Unity.Purchasing.Editor.Shared.pdb
[2259/2211  0s] CopyFiles Library/ScriptAssemblies/Unity.Services.Core.Configuration.Editor.pdb
[2260/2211  0s] CopyFiles Library/ScriptAssemblies/Unity.Services.Core.Configuration.Editor.dll
[2261/2211  0s] CopyFiles Library/ScriptAssemblies/Unity.AI.Toolkit.Asset.dll
[2262/2211  0s] CopyFiles Library/ScriptAssemblies/Unity.AI.Toolkit.Asset.pdb
[2263/2211  0s] CopyFiles Library/ScriptAssemblies/HFDownloader.pdb
[2264/2211  0s] CopyFiles Library/ScriptAssemblies/HFDownloader.dll
[2265/2211  0s] CopyFiles Library/ScriptAssemblies/Acuaria.Editor.pdb
[2266/2211  0s] CopyFiles Library/ScriptAssemblies/Unity.RenderPipelines.GPUDriven.Runtime.dll
[2267/2211  0s] CopyFiles Library/ScriptAssemblies/Unity.Timeline.Editor.pdb
[2268/2211  0s] CopyFiles Library/ScriptAssemblies/Unity.Timeline.Editor.dll
[2269/2211  0s] CopyFiles Library/ScriptAssemblies/Unity.AI.Toolkit.Compliance.pdb
[2270/2211  0s] CopyFiles Library/ScriptAssemblies/Unity.AI.Toolkit.Compliance.dll
[2271/2211  0s] CopyFiles Library/ScriptAssemblies/Unity.InputSystem.TestFramework.pdb
[2272/2211  0s] CopyFiles Library/ScriptAssemblies/Unity.AI.Assistant.Runtime.pdb
[2273/2211  0s] CopyFiles Library/ScriptAssemblies/Unity.Timeline.pdb
[2274/2211  0s] CopyFiles Library/ScriptAssemblies/Unity.2D.Common.Runtime.pdb
[2275/2211  0s] CopyFiles Library/ScriptAssemblies/Unity.InternalAPIEngineBridge.RenderPipelines.Core.Editor.dll
[2276/2211  0s] CopyFiles Library/ScriptAssemblies/Unity.InternalAPIEngineBridge.RenderPipelines.Core.Editor.pdb
[2277/2211  0s] CopyFiles Library/ScriptAssemblies/Unity.2D.Tilemap.Editor.pdb
[2278/2211  0s] CopyFiles Library/ScriptAssemblies/Unity.Services.Core.Internal.pdb
[2279/2211  0s] CopyFiles Library/ScriptAssemblies/Unity.2D.Tilemap.Editor.dll
[2280/2211  0s] CopyFiles Library/ScriptAssemblies/Unity.InferenceEngine.ONNX.Editor.pdb
[2281/2211  0s] CopyFiles Library/ScriptAssemblies/Unity.InferenceEngine.ONNX.Editor.dll
[2282/2211  0s] CopyFiles Library/ScriptAssemblies/Unity.InputSystem.ForUI.pdb
[2283/2211  0s] CopyFiles Library/ScriptAssemblies/Unity.AI.Animate.Motion.Runtime.pdb
[2284/2211  0s] CopyFiles Library/ScriptAssemblies/Unity.RenderPipelines.Core.Runtime.Shared.pdb
[2285/2211  0s] CopyFiles Library/ScriptAssemblies/Unity.InternalAPIEngineBridge.RenderPipelines.Core.Runtime.Shared.pdb
[2286/2211  0s] CopyFiles Library/ScriptAssemblies/Unity.Mathematics.pdb
[2287/2211  0s] CopyFiles Library/ScriptAssemblies/Unity.Services.Core.Telemetry.pdb
[2288/2211  0s] CopyFiles Library/ScriptAssemblies/Unity.Purchasing.Stores.pdb
[2289/2211  0s] CopyFiles Library/ScriptAssemblies/Unity.Multiplayer.Center.Common.pdb
[2290/2211  0s] CopyFiles Library/ScriptAssemblies/Unity.Purchasing.AppleMacosStub.pdb
[2291/2211  0s] CopyFiles Library/ScriptAssemblies/Unity.Services.Core.Registration.pdb
[2292/2211  0s] CopyFiles Library/ScriptAssemblies/Unity.Purchasing.pdb
[2293/2211  0s] CopyFiles Library/ScriptAssemblies/Unity.Purchasing.AppleStub.pdb
[2294/2211  0s] CopyFiles Library/ScriptAssemblies/Unity.Purchasing.Codeless.pdb
[2295/2211  0s] CopyFiles Library/ScriptAssemblies/Unity.Services.Core.pdb
[2296/2211  0s] CopyFiles Library/ScriptAssemblies/Unity.AppUI.Undo.pdb
[2297/2211  0s] CopyFiles Library/ScriptAssemblies/Unity.Purchasing.PaymentProviderService.pdb
[2298/2211  0s] CopyFiles Library/ScriptAssemblies/Unity.RenderPipelines.ShaderGraph.ShaderGraphLibrary.pdb
[2299/2211  0s] CopyFiles Library/ScriptAssemblies/Unity.RenderPipelines.Universal.Config.Runtime.pdb
[2300/2211  0s] CopyFiles Library/ScriptAssemblies/Unity.Services.Core.Environments.pdb
[2301/2211  0s] CopyFiles Library/ScriptAssemblies/Acuaria.Aquarium.pdb
[2302/2211  0s] CopyFiles Library/ScriptAssemblies/Unity.Services.Core.Scheduler.pdb
[2303/2211  0s] CopyFiles Library/ScriptAssemblies/Unity.InputSystem.pdb
[2304/2211  0s] CopyFiles Library/ScriptAssemblies/Unity.RenderPipelines.Universal.Shaders.pdb
[2305/2211  0s] CopyFiles Library/ScriptAssemblies/Acuaria.UI.pdb
[2306/2211  0s] CopyFiles Library/ScriptAssemblies/Unity.2D.IK.Editor.dll
[2307/2211  0s] CopyFiles Library/ScriptAssemblies/Unity.VisualScripting.Flow.pdb
[2308/2211  0s] CopyFiles Library/ScriptAssemblies/Unity.2D.Tilemap.Extras.pdb
[2309/2211  0s] CopyFiles Library/ScriptAssemblies/Unity.InternalAPIEngineBridge.004.pdb
[2310/2211  0s] CopyFiles Library/ScriptAssemblies/Unity.VisualScripting.State.pdb
[2311/2211  0s] CopyFiles Library/ScriptAssemblies/Unity.SurfaceCache.Runtime.pdb
[2312/2211  0s] CopyFiles Library/ScriptAssemblies/Unity.Services.Core.Configuration.pdb
[2313/2211  0s] CopyFiles Library/ScriptAssemblies/UnityEngine.UI.pdb
[2314/2211  0s] CopyFiles Library/ScriptAssemblies/Unity.VisualScripting.DocCodeExamples.pdb
[2315/2211  0s] CopyFiles Library/ScriptAssemblies/Unity.InternalAPIEngineBridge.001.pdb
[2316/2211  0s] CopyFiles Library/ScriptAssemblies/Acuaria.Room.pdb
[2317/2211  0s] CopyFiles Library/ScriptAssemblies/Unity.TextMeshPro.pdb
[2318/2211  0s] CopyFiles Library/ScriptAssemblies/Unity.2D.Psdimporter.Editor.dll
[2319/2211  0s] CopyFiles Library/ScriptAssemblies/Unity.Purchasing.Stores.XboxCloudServices.pdb
[2320/2211  0s] CopyFiles Library/ScriptAssemblies/Unity.AppUI.InternalAPIBridge.pdb
[2321/2211  0s] CopyFiles Library/ScriptAssemblies/Unity.InferenceEngine.Tokenization.pdb
[2322/2211  0s] CopyFiles Library/ScriptAssemblies/Unity.Purchasing.LiveContentAdapterService.pdb
[2323/2211  0s] CopyFiles Library/ScriptAssemblies/Unity.Microsoft.GDK.pdb
[2324/2211  0s] CopyFiles Library/ScriptAssemblies/Unity.Microsoft.GDK.Tools.pdb
[2325/2211  0s] CopyFiles Library/ScriptAssemblies/Unity.Purchasing.WebshopService.pdb
[2326/2211  0s] CopyFiles Library/ScriptAssemblies/Acuaria.Fish.pdb
[2327/2211  0s] CopyFiles Library/ScriptAssemblies/Unity.Purchasing.Utilities.pdb
[2328/2211  0s] CopyFiles Library/ScriptAssemblies/Unity.InferenceEngine.MacBLAS.pdb
[2329/2211  0s] CopyFiles Library/ScriptAssemblies/Unity.AI.Tracing.pdb
[2330/2211  0s] CopyFiles Library/ScriptAssemblies/Unity.Services.Core.Analytics.pdb
[2331/2211  0s] CopyFiles Library/ScriptAssemblies/Unity.InferenceEngine.iOSBLAS.pdb
[2332/2211  0s] CopyFiles Library/ScriptAssemblies/Unity.Services.Core.Networking.pdb
[2333/2211  0s] CopyFiles Library/ScriptAssemblies/Unity.RenderPipeline.Universal.ShaderLibrary.pdb
[2334/2211  0s] CopyFiles Library/ScriptAssemblies/Acuaria.Food.pdb
[2335/2211  0s] CopyFiles Library/ScriptAssemblies/Unity.VisualScripting.Core.pdb
[2336/2211  0s] CopyFiles Library/ScriptAssemblies/Acuaria.Core.pdb
[2337/2211  0s] CopyFiles Library/ScriptAssemblies/Unity.PerformanceTesting.pdb
[2338/2211  0s] CopyFiles Library/ScriptAssemblies/Unity.Services.Core.Threading.pdb
[2339/2211  0s] CopyFiles Library/ScriptAssemblies/Unity.AI.MCP.Runtime.pdb
[2340/2211  0s] CopyFiles Library/ScriptAssemblies/Unity.Services.Core.Environments.Internal.pdb
[2341/2211  0s] CopyFiles Library/ScriptAssemblies/Unity.Services.Core.Device.pdb
[2342/2211  0s] CopyFiles Library/ScriptAssemblies/Unity.RenderPipelines.Core.ShaderLibrary.pdb
[2343/2211  0s] CopyFiles Library/ScriptAssemblies/Unity.Services.Core.Components.pdb
[2344/2211  0s] CopyFiles Library/ScriptAssemblies/Unity.Purchasing.SecurityCore.pdb
[2345/2211  0s] CopyFiles Library/ScriptAssemblies/Unity.Purchasing.SecurityStub.pdb
[2346/2211  0s] CopyFiles Library/ScriptAssemblies/Acuaria.Audio.pdb
[2347/2211  0s] CopyFiles Library/ScriptAssemblies/Acuaria.Simulation.pdb
[2348/2211  0s] CopyFiles Library/ScriptAssemblies/Unity.2D.Aseprite.Editor.dll
[2349/2211  0s] CopyFiles Library/ScriptAssemblies/Unity.InferenceEngine.Editor.dll
[2350/2211  0s] CopyFiles Library/ScriptAssemblies/Acuaria.Editor.dll
[2351/2211  0s] CopyFiles Library/ScriptAssemblies/Unity.AI.Sound.dll
[2352/2211  0s] ILPostProcess Library/Bee/artifacts/1300b0aE.dag/post-processed/Unity.RenderPipelines.Universal.Editor.dll (+pdb)
Processing assembly Library/Bee/artifacts/1300b0aE.dag/Unity.RenderPipelines.Universal.Editor.dll, with 154 defines and 330 references

processors: Unity.Jobs.CodeGen.JobsILPostProcessor, zzzUnity.Burst.CodeGen.BurstILPostProcessor

running Unity.Jobs.CodeGen.JobsILPostProcessor

running zzzUnity.Burst.CodeGen.BurstILPostProcessor
[2353/2211  0s] ILPostProcess Library/Bee/artifacts/1300b0aE.dag/post-processed/Unity.RenderPipelines.Universal.2D.Editor.Overrides.dll (+pdb)
Processing assembly Library/Bee/artifacts/1300b0aE.dag/Unity.RenderPipelines.Universal.2D.Editor.Overrides.dll, with 152 defines and 325 references

processors: Unity.Jobs.CodeGen.JobsILPostProcessor, zzzUnity.Burst.CodeGen.BurstILPostProcessor

running Unity.Jobs.CodeGen.JobsILPostProcessor

running zzzUnity.Burst.CodeGen.BurstILPostProcessor
[2354/2211  0s] CopyFiles Library/ScriptAssemblies/Unity.PathTracing.Runtime.dll
[2355/2211  0s] ILPostProcess Library/Bee/artifacts/1300b0aE.dag/post-processed/Unity.Burst.Editor.dll (+pdb)
Processing assembly Library/Bee/artifacts/1300b0aE.dag/Unity.Burst.Editor.dll, with 150 defines and 316 references

processors: Unity.Jobs.CodeGen.JobsILPostProcessor, zzzUnity.Burst.CodeGen.BurstILPostProcessor

running Unity.Jobs.CodeGen.JobsILPostProcessor

running zzzUnity.Burst.CodeGen.BurstILPostProcessor
[2356/2211  0s] CopyFiles Library/ScriptAssemblies/Unity.RenderPipelines.Universal.Editor.pdb
[2357/2211  0s] CopyFiles Library/ScriptAssemblies/Unity.RenderPipelines.Universal.2D.Editor.Overrides.pdb
[2358/2211  0s] CopyFiles Library/ScriptAssemblies/Unity.Burst.Editor.pdb
[2359/2211  0s] CopyFiles Library/ScriptAssemblies/Unity.AI.Generators.IO.dll
[2360/2211  0s] CopyFiles Library/ScriptAssemblies/Unity.InferenceEngine.Editor.Visualizer.dll
[2361/2211  0s] CopyFiles Library/ScriptAssemblies/Unity.RenderPipelines.Universal.2D.Editor.Overrides.dll
[2362/2211  0s] CopyFiles Library/ScriptAssemblies/Unity.InferenceEngine.dll
[2363/2211  0s] CopyFiles Library/ScriptAssemblies/Unity.AI.ModelSelector.dll
[2364/2211  0s] CopyFiles Library/ScriptAssemblies/Unity.2D.Tilemap.Extras.Editor.dll
[2365/2211  0s] CopyFiles Library/ScriptAssemblies/Unity.AI.Assistant.Editor.dll
[2366/2211  0s] CopyFiles Library/ScriptAssemblies/Unity.2D.Animation.Editor.dll
[2367/2211  0s] CopyFiles Library/ScriptAssemblies/Unity.AI.Assistant.Tools.Editor.dll
[2368/2211  0s] CopyFiles Library/ScriptAssemblies/Unity.PlasticSCM.Editor.dll
[2369/2211  0s] ILPostProcess Library/Bee/artifacts/1300b0aE.dag/post-processed/Unity.AI.Generators.Tools.dll (+pdb)
Processing assembly Library/Bee/artifacts/1300b0aE.dag/Unity.AI.Generators.Tools.dll, with 150 defines and 328 references

processors: Unity.Jobs.CodeGen.JobsILPostProcessor, zzzUnity.Burst.CodeGen.BurstILPostProcessor

running Unity.Jobs.CodeGen.JobsILPostProcessor

running zzzUnity.Burst.CodeGen.BurstILPostProcessor
[2370/2211  0s] ILPostProcess Library/Bee/artifacts/1300b0aE.dag/post-processed/Unity.AI.MCP.Editor.dll (+pdb)
Processing assembly Library/Bee/artifacts/1300b0aE.dag/Unity.AI.MCP.Editor.dll, with 150 defines and 307 references

processors: Unity.Jobs.CodeGen.JobsILPostProcessor, zzzUnity.Burst.CodeGen.BurstILPostProcessor

running Unity.Jobs.CodeGen.JobsILPostProcessor

running zzzUnity.Burst.CodeGen.BurstILPostProcessor
[2371/2211  0s] ILPostProcess Library/Bee/artifacts/1300b0aE.dag/post-processed/Unity.AI.Animate.dll (+pdb)
Processing assembly Library/Bee/artifacts/1300b0aE.dag/Unity.AI.Animate.dll, with 150 defines and 332 references

processors: Unity.Jobs.CodeGen.JobsILPostProcessor, zzzUnity.Burst.CodeGen.BurstILPostProcessor

running Unity.Jobs.CodeGen.JobsILPostProcessor

running zzzUnity.Burst.CodeGen.BurstILPostProcessor
[2372/2211  0s] ILPostProcess Library/Bee/artifacts/1300b0aE.dag/post-processed/Unity.AI.Assistant.AssetGenerators.Editor.dll (+pdb)
Processing assembly Library/Bee/artifacts/1300b0aE.dag/Unity.AI.Assistant.AssetGenerators.Editor.dll, with 150 defines and 304 references

processors: Unity.Jobs.CodeGen.JobsILPostProcessor, zzzUnity.Burst.CodeGen.BurstILPostProcessor

running Unity.Jobs.CodeGen.JobsILPostProcessor

running zzzUnity.Burst.CodeGen.BurstILPostProcessor
[2373/2211  0s] CopyFiles Library/ScriptAssemblies/UnityEditor.Purchasing.dll
[2374/2211  0s] CopyFiles Library/ScriptAssemblies/Unity.AI.Assistant.Integrations.Profiler.Editor.dll
[2375/2211  0s] CopyFiles Library/ScriptAssemblies/Unity.AI.Animate.pdb
[2376/2211  0s] CopyFiles Library/ScriptAssemblies/Unity.AI.Generators.Tools.pdb
[2377/2211  0s] CopyFiles Library/ScriptAssemblies/Unity.AI.Assistant.AssetGenerators.Editor.pdb
[2378/2211  0s] CopyFiles Library/ScriptAssemblies/Unity.AI.MCP.Editor.pdb
[2379/2211  0s] CopyFiles Library/ScriptAssemblies/Unity.AI.Mesh.dll
[2380/2211  0s] CopyFiles Library/ScriptAssemblies/Unity.ShaderGraph.Editor.dll
[2381/2211  0s] CopyFiles Library/ScriptAssemblies/Unity.AI.MCP.Editor.dll
[2382/2211  0s] CopyFiles Library/ScriptAssemblies/Unity.Microsoft.GDK.Tools.Editor.dll
[2383/2211  0s] CopyFiles Library/ScriptAssemblies/Unity.RenderPipelines.Core.Editor.dll
[2384/2211  0s] CopyFiles Library/ScriptAssemblies/Unity.RenderPipelines.Universal.Editor.dll
[2385/2211  0s] CopyFiles Library/ScriptAssemblies/Unity.AI.Generators.Tools.dll
[2386/2211  0s] CopyFiles Library/ScriptAssemblies/Unity.AI.Assistant.AssetGenerators.Editor.dll
[2387/2211  0s] CopyFiles Library/ScriptAssemblies/Unity.AI.Animate.dll
[2388/2211  0s] CopyFiles Library/ScriptAssemblies/Unity.Burst.Editor.dll
[2389/2211  0s] CopyFiles Library/ScriptAssemblies/Unity.TextMeshPro.Editor.dll
*** Tundra build success (9.65 seconds), 964 items updated, 2211 evaluated
Total cache size 268179504
Total cache size after purge 268179504, took 00:00:00.1704917
Reloading assemblies after forced synchronous recompile.
[Licensing::Client] Successfully resolved entitlement details
[Licensing::Client] Successfully resolved entitlement details
Begin MonoManager ReloadAssembly
Refreshing native plugins compatible for Editor in 11.75 ms, found 7 plugins.
Native extension for iOS target not found
Native extension for Android target not found
Native extension for WindowsStandalone target not found
Native extension for WebGL target not found
Refreshing native plugins compatible for Editor in 19.41 ms, found 7 plugins.
[Licensing::Client] Error: Code 404 while processing request (status: Found 0 entitlement groups and 0 free entitlements matching requested entitlement ids)
[Licensing::Client] Error: Code 404 while processing request (status: Found 0 entitlement groups and 0 free entitlements matching requested entitlement ids)
[Licensing::Client] Error: Code 404 while processing request (status: Found 0 entitlement groups and 0 free entitlements matching requested entitlement ids)
ScheduleIndexationOnStartup MainProcess:True IndexOnStartup:True
Mono: successfully reloaded assembly
- Finished resetting the current domain, in  5.438 seconds
Domain Reload Profiling: 7119ms
	BeginReloadAssembly (709ms)
		DisableScriptedObjects (40ms)
		CreateAndSetChildDomain (469ms)
	RebuildCommonClasses (11ms)
	RebuildNativeTypeToScriptingClass (19ms)
	initialDomainReloadingComplete (101ms)
	LoadAllAssembliesAndSetupDomain (839ms)
		LoadAssemblies (224ms)
		AnalyzeDomain (537ms)
			TypeCache.Refresh (275ms)
				TypeCache.ScanAssembly (254ms)
			BuildScriptInfoCaches (250ms)
			ResolveRequiredComponents (9ms)
	FinalizeReload (5439ms)
		SetupLoadedEditorAssemblies (0ms)
			InitializePlatformSupportModulesInManaged (13ms)
			BeforeProcessingInitializeOnLoad (357ms)
			ProcessInitializeOnLoadAttributes (3789ms)
			ProcessInitializeOnLoadMethodAttributes (909ms)
			AfterProcessingInitializeOnLoad (5ms)
		AwakeInstancesAfterBackupRestoration (56ms)
Importing 'GUID: 1142bbad8b9e8c44c83a9775ff120d37 - Path: Packages/com.unity.render-pipelines.core/Tests/Editor/UnifiedRayTracing/TraceRays.urtshader' with importer (ScriptedImporter : Unity.Rendering.LightTransport.Editor:UnityEditor.Rendering.UnifiedRayTracing:UnifiedRTShaderImporter)
Launched and connected shader compiler UnityShaderCompiler.exe after 0.02 seconds
Imported 'GUID: 1142bbad8b9e8c44c83a9775ff120d37' -> (Import Result ID: 'f612254ae90e7b55fdea03f67ae339ac') in 0.359 seconds [static and dynamic dependencies]. Details - ImportResultOutputID=cfe44816f457b4f0cb68cb5092172cfb DependenciesID=aa25249c592ad100ae5c518307f94900 StaticDependenciesID=83382896bf2194e2afb7a814a9f914cd 
Importing 'GUID: d19f4f8a13b6edb48b986a47ec96402e - Path: Packages/com.unity.render-pipelines.core/Runtime/PathTracing/Shaders/LightmapShadowMaskIntegration.urtshader' with importer (ScriptedImporter : Unity.Rendering.LightTransport.Editor:UnityEditor.Rendering.UnifiedRayTracing:UnifiedRTShaderImporter)
Imported 'GUID: d19f4f8a13b6edb48b986a47ec96402e' -> (Import Result ID: '6175c899c0e9ab50eaaec8d03f52f562') in 0.047 seconds [static and dynamic dependencies]. Details - ImportResultOutputID=be93355c08c95dff0ab54e00439f8939 DependenciesID=bf718590fd15df214c44df06b063cfaf StaticDependenciesID=14c19d6e640993fbe77b1f068828bf12 
Importing 'GUID: 737a1597422c12547a8714d76a9406ec - Path: Packages/com.unity.render-pipelines.core/Runtime/PathTracing/Shaders/LightmapGBufferDebug.urtshader' with importer (ScriptedImporter : Unity.Rendering.LightTransport.Editor:UnityEditor.Rendering.UnifiedRayTracing:UnifiedRTShaderImporter)
Imported 'GUID: 737a1597422c12547a8714d76a9406ec' -> (Import Result ID: 'dd5c846f219030abe6f3e8900a724411') in 0.011 seconds [static and dynamic dependencies]. Details - ImportResultOutputID=c1b3e7507a4d7e362c28da129bc81dba DependenciesID=820f44de815bb8f84f7fe0407d1fd626 StaticDependenciesID=8d11f009385b3a4cea3b53c3339efefb 
Importing 'GUID: f32463968f29423cad25aee15a14b9f1 - Path: Packages/com.unity.render-pipelines.core/Runtime/Lighting/SurfaceCache/PunctualLightSampling.urtshader' with importer (ScriptedImporter : Unity.Rendering.LightTransport.Editor:UnityEditor.Rendering.UnifiedRayTracing:UnifiedRTShaderImporter)
Imported 'GUID: f32463968f29423cad25aee15a14b9f1' -> (Import Result ID: '18900be59a08bf492d189ef9ed088d01') in 0.018 seconds [static and dynamic dependencies]. Details - ImportResultOutputID=99adeb08f05655d665b853ac48f939d0 DependenciesID=3483842d755d8eccc62931e18a0ffc82 StaticDependenciesID=fae2d39a41418b21bab2b70cd0d272f0 
Importing 'GUID: 1451d029813b192429211be28181beab - Path: Packages/com.unity.render-pipelines.core/Runtime/PathTracing/Shaders/LightmapNormalIntegration.urtshader' with importer (ScriptedImporter : Unity.Rendering.LightTransport.Editor:UnityEditor.Rendering.UnifiedRayTracing:UnifiedRTShaderImporter)
Imported 'GUID: 1451d029813b192429211be28181beab' -> (Import Result ID: '61277c4d9a86851fe52185740eee87e0') in 0.010 seconds [static and dynamic dependencies]. Details - ImportResultOutputID=fe6e322bd46143b37b83db4cba7da1f6 DependenciesID=eed4e0afec4f427da6de849e2dc01975 StaticDependenciesID=6695b2a8ac591a9580bdd3907887ec37 
Importing 'GUID: 94a070d33e408384bafc1dea4a565df9 - Path: Packages/com.unity.render-pipelines.core/Editor/Lighting/ProbeVolume/RenderingLayerMask/TraceRenderingLayerMask.urtshader' with importer (ScriptedImporter : Unity.Rendering.LightTransport.Editor:UnityEditor.Rendering.UnifiedRayTracing:UnifiedRTShaderImporter)
Imported 'GUID: 94a070d33e408384bafc1dea4a565df9' -> (Import Result ID: 'e8a09683a689b5acf546ae74e6f08fa7') in 0.008 seconds [static and dynamic dependencies]. Details - ImportResultOutputID=3fdcea1b911374618a3bf8add81964b8 DependenciesID=0c6960b846a3a1852ae2b69c49fb2457 StaticDependenciesID=76c56abbfe1dea1698b482e1c311a1b3 
Importing 'GUID: 94a39d12848d8d64ca962a72b74e7c50 - Path: Packages/com.unity.render-pipelines.core/Runtime/Lighting/SurfaceCache/Estimation.urtshader' with importer (ScriptedImporter : Unity.Rendering.LightTransport.Editor:UnityEditor.Rendering.UnifiedRayTracing:UnifiedRTShaderImporter)
Imported 'GUID: 94a39d12848d8d64ca962a72b74e7c50' -> (Import Result ID: '485f0fe9eae505b03b164b9549352fbd') in 0.008 seconds [static and dynamic dependencies]. Details - ImportResultOutputID=81c3867be0beae0542f5b2fc7b33f245 DependenciesID=9da34d07e3156f0b4419029f3257b8ca StaticDependenciesID=3d83c90598d39b20511fc2d468edef81 
Importing 'GUID: 6513c3b892e933c4f8d00c19d5c47532 - Path: Packages/com.unity.render-pipelines.core/Tests/Editor/UnifiedRayTracing/TraceTransparentRays.urtshader' with importer (ScriptedImporter : Unity.Rendering.LightTransport.Editor:UnityEditor.Rendering.UnifiedRayTracing:UnifiedRTShaderImporter)
Imported 'GUID: 6513c3b892e933c4f8d00c19d5c47532' -> (Import Result ID: '4884f819b4a522f545d6c73e71428ac6') in 0.006 seconds [static and dynamic dependencies]. Details - ImportResultOutputID=8a244bd006e46a29d2f7f0466bb75437 DependenciesID=a96713a378a802d1b1502fce768a056b StaticDependenciesID=8372fb0bb36e1468fa9601c49a86d0e6 
Importing 'GUID: 7624adbeb148b5c48ab5ab660cc2602a - Path: Packages/com.unity.render-pipelines.core/Runtime/PathTracing/Shaders/LightmapIndirectIntegration.urtshader' with importer (ScriptedImporter : Unity.Rendering.LightTransport.Editor:UnityEditor.Rendering.UnifiedRayTracing:UnifiedRTShaderImporter)
Imported 'GUID: 7624adbeb148b5c48ab5ab660cc2602a' -> (Import Result ID: '9b8fe5e6da1d235a68501ca7b7eeae31') in 0.012 seconds [static and dynamic dependencies]. Details - ImportResultOutputID=9777b3081f13cde519ecedd3f35b5f12 DependenciesID=92b88ecb8f04c147854cce89086cbd73 StaticDependenciesID=67a45332e0f51102f9bb9c93a750d036 
Importing 'GUID: e9f4de6d1e07fb94f9a60d35b618f724 - Path: Packages/com.unity.render-pipelines.core/Runtime/PathTracing/Shaders/LightmapGBufferIntegration.urtshader' with importer (ScriptedImporter : Unity.Rendering.LightTransport.Editor:UnityEditor.Rendering.UnifiedRayTracing:UnifiedRTShaderImporter)
Imported 'GUID: e9f4de6d1e07fb94f9a60d35b618f724' -> (Import Result ID: 'a6193733ac2a0322355e6d3a47b11de5') in 0.012 seconds [static and dynamic dependencies]. Details - ImportResultOutputID=4219514f73a5f91b1b3840c653e6b409 DependenciesID=56167d12393f495fd6d497ce80ae519a StaticDependenciesID=8b26c93a6e3373b36ba430a420b17d9a 
Importing 'GUID: 5a2a534753fbdb44e96c3c78b5a6999d - Path: Packages/com.unity.render-pipelines.core/Editor/Lighting/ProbeVolume/DynamicGI/DynamicGISkyOcclusion.urtshader' with importer (ScriptedImporter : Unity.Rendering.LightTransport.Editor:UnityEditor.Rendering.UnifiedRayTracing:UnifiedRTShaderImporter)
Imported 'GUID: 5a2a534753fbdb44e96c3c78b5a6999d' -> (Import Result ID: 'f6fb1848adceff98a20f7dee1fec061f') in 0.008 seconds [static and dynamic dependencies]. Details - ImportResultOutputID=24851d1c8611fbe7f82c750a23a32441 DependenciesID=b8132bf845d08d717b1a74a1e437fa13 StaticDependenciesID=41b936436a30154af8a3b61f441fd564 
Importing 'GUID: 5bbebdef5916845478fcef13fa10d89f - Path: Packages/com.unity.render-pipelines.core/Runtime/PathTracing/Shaders/LightmapDirectIntegration.urtshader' with importer (ScriptedImporter : Unity.Rendering.LightTransport.Editor:UnityEditor.Rendering.UnifiedRayTracing:UnifiedRTShaderImporter)
Imported 'GUID: 5bbebdef5916845478fcef13fa10d89f' -> (Import Result ID: '5edb7d07477038db62c183847d739dd8') in 0.009 seconds [static and dynamic dependencies]. Details - ImportResultOutputID=7308df8a7f66893330a68f8e1b8df7c9 DependenciesID=03cf192bebadd5675671f2b4d5bdf0e0 StaticDependenciesID=49e7ce722dcdec23942b360d8297bad5 
Importing 'GUID: fbc59f55df2416344b008dc23753cae2 - Path: Packages/com.unity.render-pipelines.core/Tests/Editor/UnifiedRayTracing/TraceRaysAndFetchAttributes.urtshader' with importer (ScriptedImporter : Unity.Rendering.LightTransport.Editor:UnityEditor.Rendering.UnifiedRayTracing:UnifiedRTShaderImporter)
Imported 'GUID: fbc59f55df2416344b008dc23753cae2' -> (Import Result ID: '8963aee5c6b0007cab75549cb63bcc8b') in 0.006 seconds [static and dynamic dependencies]. Details - ImportResultOutputID=c1d4f31c9a2bcfbb6122d9994e4d90f4 DependenciesID=5788047303f1b55171df2ce1cdcebbd8 StaticDependenciesID=8530ce6573ae9a6cd0b7e3b83f0a29ad 
Importing 'GUID: 1c410815c01ce1d4d82c645c0cd45747 - Path: Packages/com.unity.render-pipelines.core/Runtime/PathTracing/Shaders/LightmapAOIntegration.urtshader' with importer (ScriptedImporter : Unity.Rendering.LightTransport.Editor:UnityEditor.Rendering.UnifiedRayTracing:UnifiedRTShaderImporter)
Imported 'GUID: 1c410815c01ce1d4d82c645c0cd45747' -> (Import Result ID: '15be6dacc9a7be847779e3335ec98f7f') in 0.010 seconds [static and dynamic dependencies]. Details - ImportResultOutputID=0693c18a6885514ddad8f3785850f14d DependenciesID=ed4219b01286b56690bb5019c781143c StaticDependenciesID=750dfd3ce8976c275bbe79cdc0d3127f 
Importing 'GUID: 2c32233d92a2d0745930664c087c5c9a - Path: Packages/com.unity.render-pipelines.core/Runtime/PathTracing/Shaders/ProbeIntegrationValidity.urtshader' with importer (ScriptedImporter : Unity.Rendering.LightTransport.Editor:UnityEditor.Rendering.UnifiedRayTracing:UnifiedRTShaderImporter)
Imported 'GUID: 2c32233d92a2d0745930664c087c5c9a' -> (Import Result ID: 'e0e2bfa41f467e98a13e93ee5b9bdbce') in 0.010 seconds [static and dynamic dependencies]. Details - ImportResultOutputID=5f2caf72975cd3e68e3e24c491e367e3 DependenciesID=22c0005968f4f18846dbc5d595ecf1cf StaticDependenciesID=29b4a31e24ae88c796e0b3135dc8eb9b 
Importing 'GUID: ace95ac84e213794891b4bd7c9b3c158 - Path: Packages/com.unity.render-pipelines.core/Runtime/PathTracing/Shaders/LightmapValidityIntegration.urtshader' with importer (ScriptedImporter : Unity.Rendering.LightTransport.Editor:UnityEditor.Rendering.UnifiedRayTracing:UnifiedRTShaderImporter)
Imported 'GUID: ace95ac84e213794891b4bd7c9b3c158' -> (Import Result ID: '414536cf7c5bfa3240a669fe75cceb24') in 0.010 seconds [static and dynamic dependencies]. Details - ImportResultOutputID=a77f9306f266ac2a2f4a6376dc77ca8a DependenciesID=683e828acabfcfb4140e8f5dbee7f0c4 StaticDependenciesID=ba52e4c5fecd98843b40eedfc4866f08 
Importing 'GUID: 5ecdabd800f05984696f22ba95284516 - Path: Packages/com.unity.render-pipelines.core/Runtime/PathTracing/Shaders/ProbeIntegrationIndirect.urtshader' with importer (ScriptedImporter : Unity.Rendering.LightTransport.Editor:UnityEditor.Rendering.UnifiedRayTracing:UnifiedRTShaderImporter)
Imported 'GUID: 5ecdabd800f05984696f22ba95284516' -> (Import Result ID: 'b9bd6feb4bd3e914aecead7738b1b697') in 0.010 seconds [static and dynamic dependencies]. Details - ImportResultOutputID=1fba7e3952bbb7c6e607822e5333807d DependenciesID=056dd27906d846d545aa37377e815230 StaticDependenciesID=e2c127f94ccdcb83ca23463fb1f2a2e5 
Importing 'GUID: 6e0b547bab30a804c8123974120d583f - Path: Packages/com.unity.render-pipelines.core/Tests/Runtime/PathTracing/PathIteratorTest.urtshader' with importer (ScriptedImporter : Unity.Rendering.LightTransport.Editor:UnityEditor.Rendering.UnifiedRayTracing:UnifiedRTShaderImporter)
Imported 'GUID: 6e0b547bab30a804c8123974120d583f' -> (Import Result ID: 'cd9abcd4dcc5eb0efb7fe8529d11d05e') in 0.019 seconds [static and dynamic dependencies]. Details - ImportResultOutputID=6d8bc338541c20ec3aaa60a75ab87e12 DependenciesID=fc113ddb1139db1fdf01011e49e4e758 StaticDependenciesID=109768bf87f2aa9106ce5a61082f1a11 
Importing 'GUID: de3013e16d99f2746ab1735ec06a660b - Path: Packages/com.unity.render-pipelines.core/Runtime/PathTracing/Shaders/ProbeIntegrationOcclusion.urtshader' with importer (ScriptedImporter : Unity.Rendering.LightTransport.Editor:UnityEditor.Rendering.UnifiedRayTracing:UnifiedRTShaderImporter)
Imported 'GUID: de3013e16d99f2746ab1735ec06a660b' -> (Import Result ID: '487bc9ff66fdbe2f88ff54555e98d69a') in 0.010 seconds [static and dynamic dependencies]. Details - ImportResultOutputID=8ea88f449880425352e79d6f22812e2a DependenciesID=d2b8867f634d5257837e4635923fc80b StaticDependenciesID=b27c26bc9001d433eb4742192dec8cdb 
Importing 'GUID: 1f9bfe60b4ad75943a5281839c1a4e5c - Path: Packages/com.unity.render-pipelines.core/Runtime/PathTracing/Shaders/ProbeIntegrationDirect.urtshader' with importer (ScriptedImporter : Unity.Rendering.LightTransport.Editor:UnityEditor.Rendering.UnifiedRayTracing:UnifiedRTShaderImporter)
Imported 'GUID: 1f9bfe60b4ad75943a5281839c1a4e5c' -> (Import Result ID: '5c01a617c8ee57379a1c317579cefdb7') in 0.010 seconds [static and dynamic dependencies]. Details - ImportResultOutputID=49eb19cb3b6da4cca9c4724768d612ef DependenciesID=959f4686b14710715f1d424f67c915d7 StaticDependenciesID=9976b23c91526db98b62402ee2637b09 
Importing 'GUID: ff2cbab5da58bf04d82c5f34037ed123 - Path: Packages/com.unity.render-pipelines.core/Editor/Lighting/ProbeVolume/VirtualOffset/TraceVirtualOffset.urtshader' with importer (ScriptedImporter : Unity.Rendering.LightTransport.Editor:UnityEditor.Rendering.UnifiedRayTracing:UnifiedRTShaderImporter)
Imported 'GUID: ff2cbab5da58bf04d82c5f34037ed123' -> (Import Result ID: 'f9787f9f89b66eeb06081eba86e4cefe') in 0.011 seconds [static and dynamic dependencies]. Details - ImportResultOutputID=93f81e7a07181f4b50caadac372d0ecb DependenciesID=f28afd03a42a3f02ab5369871e739305 StaticDependenciesID=bb01cef5f5bbfce7bb5614b4f3a2af7b 
Starting new worker id: 0 with log in C:/Users/ricar/Documents/github/acuaria/Acuaria/Logs/AssetImportWorkerHW0.log
Refreshing native plugins compatible for Editor in 8.66 ms, found 7 plugins.

Asset Pipeline Refresh (id=11f02792b8fecd741b6697dff3e769dd): Total: 139.588 seconds - Initiated by InitialRefreshV2(ForceSynchronousImport)
	(Values over 0.05ms)
	Summary:
		Imports: total=23 (actual=23, local cache=0, cache server=0)
		Asset DB Process Time: managed=14 ms, native=62759 ms
		Asset DB Callback time: managed=612 ms, native=308 ms
		Scripting: domain reloads=2, domain reload time=5620 ms, compile time=70184 ms, other=90 ms
		Project Asset Count: scripts=2949, non-scripts=6371
		Asset File Changes: new=0, changed=1, moved=0, deleted=0
		Scan Filter Count: 0
	InvokePackagesCallback: 21.148ms
	ApplyChangesToAssetFolders: 0.734ms
	Scan: 265.916ms
	Collect global state as custom dependencies: 9.516ms
	OnSourceAssetsModified: 0.753ms
	CategorizeScriptCompilationAssets: 75.602ms
	ProcessAssetsWithTransientArtifactChanges: 138.922ms
	CategorizeAssets: 226.618ms
	CompileScripts: 70183.515ms
	ImportOutOfDateAssets: 13578.833ms (12784.905ms without children)
		ImportManagerImport: 692.493ms (4.377ms without children)
			UpdateCategorizedAssets: 2.050ms
		CollectScriptTypesHashes: 6.749ms
		ReloadNativeAssets: 1.309ms
		UnloadImportedAssets: 1.636ms
		ReloadImportedAssets: 2.357ms
		EnsureUptoDateAssetsAreRegisteredWithGuidPM: 2.266ms
		ImportSchedulerStart: 96.180ms
	PostProcessAllAssets: 887.213ms
		ComputeShaderImportPostprocess 141.580ms
		RaytracingShaderImportPostprocess 125.000ms
		VCAutoAddAssetPostprocess 3.039ms
		XRBuildSystem.XRAssetImported 2.297ms
		WindowTitlePostprocess 0.234ms
		SpriteAtlasDatabase.OnAssetPostprocessCallback 0.183ms
		PostProcessCallbackCreateDeferredMaterials 0.141ms
		SpeedTreeImporter.PostprocessAllAssets 0.096ms
		ShaderAssetModifiedCallback 0.083ms
		BlockShaderImporter.PostprocessAllAssets 0.054ms
		MonoPostProcessAllAssets: 611.352ms
			AssetPostprocessor.OnPostprocessAllAssets 270.953ms
			AssetReferenceReimportMonitor.OnPostprocessAllAssets 29.968ms
			StyleCatalogPostProcessor.OnPostprocessAllAssets 29.040ms
			UniversalRenderPipelineGlobalSettingsPostprocessor.OnPostprocessAllAssets 13.917ms
			BuilderAssetPostprocessor.OnPostprocessAllAssets 8.203ms
			SyncVS.PostprocessSyncProject 3.151ms
			ShaderGraphAssetPostProcessor.OnPostprocessAllAssets 2.366ms
			GraphRefreshPostprocessor.OnPostprocessAllAssets 2.105ms
			SpeedTree9Postprocessor.OnPostprocessAllAssets 2.001ms
			WindowAssetPostprocessingWatcher.OnPostprocessAllAssets 1.960ms
			RetainedModeAssetPostprocessor.OnPostprocessAllAssets 1.937ms
			AssetChangedListener.OnPostprocessAllAssets 1.733ms
			RenderPipelineGlobalSettingsPostprocessor.OnPostprocessAllAssets 1.491ms
			EditModeScopePostprocessor.OnPostprocessAllAssets 1.413ms
			UVCSAssetPostprocessor.OnPostprocessAllAssets 1.083ms
			AssetChangeDetector.OnPostprocessAllAssets 1.002ms
			MaterialPostprocessor.OnPostprocessAllAssets 0.964ms
			SpriteSlicePostprocessor.OnPostprocessAllAssets 0.963ms
			SpriteShapeAssetPostProcessor.OnPostprocessAllAssets 0.798ms
			ArtifactBrowserPostProcessor.OnPostprocessAllAssets 0.769ms
			InputActionAssetPostprocessor.OnPostprocessAllAssets 0.621ms
			SpriteEditorTexturePostprocessor.OnPostprocessAllAssets 0.609ms
			AssetProcessor.OnPostprocessAllAssets 0.567ms
			TMPro_TexturePostProcessor.OnPostprocessAllAssets 0.562ms
			TextAssetPostProcessor.OnPostprocessAllAssets 0.520ms
			SkillsProjectAssetPostprocessor.OnPostprocessAllAssets 0.497ms
			InputActionJsonNameModifierAssetProcessor.OnPostprocessAllAssets 0.479ms
			ModelAssetProcessor.OnPostprocessAllAssets 0.460ms
			PostProcessor.OnPostprocessAllAssets 0.455ms
			SampleDependencyImporterPostProcessor.OnPostprocessAllAssets 0.447ms
			ShaderReflectionAssetPostProcessor.OnPostprocessAllAssets 0.383ms
			AudioMixerPostprocessor.OnPostprocessAllAssets 0.348ms
			ReferencedClipsPostProcessor.OnPostprocessAllAssets 0.328ms
			GdkAssemblyAssetProcessor.OnPostprocessAllAssets 0.305ms
			AssetEvents.OnPostprocessAllAssets 0.253ms
			TerrainToolbarOverlayPostProcessor.OnPostprocessAllAssets 0.236ms
			SpriteLibraryAssetPostprocessor.OnPostprocessAllAssets 0.216ms
			ProjectSettingsPostprocessor.OnPostprocessAllAssets 0.183ms
			AssetDatabaseCallbacks.OnPostprocessAllAssets 0.177ms
			SpeedTreePostProcessor.OnPostprocessAllAssets 0.174ms
			SamplePostprocessor.OnPostprocessAllAssets 0.170ms
			ConfigAssetsTracker.OnPostprocessAllAssets 0.167ms
			AssetPostprocessorProxy.OnPostprocessAllAssets 0.158ms
			PSDImportPostProcessor.OnPostprocessAllAssets 0.149ms
			AudioContainerPostProcessor.OnPostprocessAllAssets 0.132ms
			AssetReloadNotifier.OnPostprocessAllAssets 0.126ms
			ScenarioDriftAssetsTracker.OnPostprocessAllAssets 0.113ms
			PSDImporterAssetPostProcessor.OnPostprocessAllAssets 0.085ms
			TrackSelectedAssetsProcessor.OnPostprocessAllAssets 0.072ms
	PostAssetChangesProfiler: 13.010ms
	UnloadStreamsBegin: 3.813ms
	PersistCurrentRevisions: 0.827ms
	GenerateScriptTypeHashes: 10.717ms
	GenerateScriptTypeSerializationHashes: 15.898ms
	Untracked: 54169.196ms

Application.AssetDatabase Initial Refresh End
Shader Hidden/ChartRasterizerHardware is not supported: GPU does not support conservative rasterization
Scanning for USB devices : 3.828ms
Initializing Unity extensions:
[MODES] ModeService[none].Initialize
[MODES] ModeService[none].LoadModes
[MODES] Loading mode Default (0) for mode-current-id-Acuaria
[Licensing::Client] Successfully resolved entitlement details
Unloading 86 Unused Serialized files (Serialized files now loaded: 0)
Unloading 13062 unused Assets / (4.9 MB). Loaded Objects now: 13936.
Memory consumption went from 0.66 GB to 0.65 GB.
Total: 37.406500 ms (FindLiveObjects: 0.998800 ms CreateObjectMapping: 4.894400 ms MarkObjects: 26.750000 ms  DeleteObjects: 4.564000 ms)

Importing 'GUID: 9d0c98d1187ef144c9f92d977fec302a - Path: Assets/_Acuaria/Data/Decorations' with importer (DefaultImporter)
Imported 'GUID: 9d0c98d1187ef144c9f92d977fec302a' -> (Import Result ID: '514924d473a003ecd788cc5f4c80164a') in 0.013 seconds [static dependencies only]. Details - ImportResultOutputID=c9f827f92479dbf0a24ce5939204bcbf DependenciesID=819e98d55d4cc14586c7baeebb8e0bc4 StaticDependenciesID=eb92c0de4a3430c6c4966ce945f22a87 
Refreshing native plugins compatible for Editor in 8.67 ms, found 7 plugins.
Asset Pipeline Refresh (id=d339a0c9ecdf83241b9df73414b6a4eb): Total: 0.294 seconds - Initiated by StopAssetImportingV2(NoUpdateAssetOptions)
Importing 'GUID: 3ee228c6606871048a1e345ba31e7c14 - Path: Assets/_Acuaria/Data/Decorations/decoration-plant-cluster.asset' with importer (NativeFormatImporter)
Imported 'GUID: 3ee228c6606871048a1e345ba31e7c14' -> (Import Result ID: '71b8d96d0749175e783660ec9ae2ffc3') in 0.001 seconds [static dependencies only]. Details - ImportResultOutputID=5a4c08d766ce803cd2c0b9d8c42bbce6 DependenciesID=a0ba248e7cb701e1db6e3442a394a510 StaticDependenciesID=bb0fa8c33bc5a51cebb21068bec8467d 
Refreshing native plugins compatible for Editor in 9.62 ms, found 7 plugins.
Asset Pipeline Refresh (id=fa5566d5a3cfedc43b986370b63376b7): Total: 0.162 seconds - Initiated by StopAssetImportingV2(NoUpdateAssetOptions)
Importing 'GUID: e10e3c9c23dfca645ac54562f3eb710b - Path: Assets/_Acuaria/Data/Decorations/decoration-wood-branch.asset' with importer (NativeFormatImporter)
Imported 'GUID: e10e3c9c23dfca645ac54562f3eb710b' -> (Import Result ID: '451e46d43c6086d8e629bd01514cd052') in 0.002 seconds [static dependencies only]. Details - ImportResultOutputID=7cb92dce0a3f110768e61212f4836419 DependenciesID=cca2e1b7aac8ba6f7e1ad008ff65697d StaticDependenciesID=860a813d80f54ad9cbdbc1d239a89d6f 
Refreshing native plugins compatible for Editor in 11.12 ms, found 7 plugins.
Asset Pipeline Refresh (id=8d00a55c2141e8d4f9afc7486f653f45): Total: 0.160 seconds - Initiated by StopAssetImportingV2(NoUpdateAssetOptions)
Importing 'GUID: a44826a6bce4d954da8e8264a3421ef6 - Path: Assets/_Acuaria/Data/Decorations/decoration-rock-group.asset' with importer (NativeFormatImporter)
Imported 'GUID: a44826a6bce4d954da8e8264a3421ef6' -> (Import Result ID: '6e5d378c2a1b0df0495d1dcf5cca712e') in 0.001 seconds [static dependencies only]. Details - ImportResultOutputID=62fab0c99d90bcd307b524171a1e69e9 DependenciesID=14f4529212a6870b963d9c54c456dbcf StaticDependenciesID=6665d019c853769e034149df66e8828a 
Worker ready: AssetImportWorkerHW0 0
Refreshing native plugins compatible for Editor in 10.45 ms, found 7 plugins.
Asset Pipeline Refresh (id=1d63b4b0320ce4840b9f703a1845c249): Total: 0.158 seconds - Initiated by StopAssetImportingV2(NoUpdateAssetOptions)
Importing 'GUID: 28bbfa5c1c7794748b1aad849fcea1e1 - Path: Assets/_Acuaria/Data/Decorations/decoration-cave-small.asset' with importer (NativeFormatImporter)
Imported 'GUID: 28bbfa5c1c7794748b1aad849fcea1e1' -> (Import Result ID: '4616e607b454c743437c4e0149e8b1d6') in 0.001 seconds [static dependencies only]. Details - ImportResultOutputID=9fe5f298444e5e4e6efa9ef94da6ca8d DependenciesID=4ff6060bc563bd8cea2c20ea57cbc5df StaticDependenciesID=12ffd95f0abd0a44ad41bd4fac966a22 
Refreshing native plugins compatible for Editor in 8.10 ms, found 7 plugins.
Asset Pipeline Refresh (id=aeaaa6f0335dbe043b685e7ef721731a): Total: 0.147 seconds - Initiated by StopAssetImportingV2(NoUpdateAssetOptions)
Importing 'GUID: 50b2e49c9a8f3d149abb8aeb6dd9d0ea - Path: Assets/_Acuaria/Data/Decorations/decoration-substrate-sand.asset' with importer (NativeFormatImporter)
Imported 'GUID: 50b2e49c9a8f3d149abb8aeb6dd9d0ea' -> (Import Result ID: '35ead6324d9ac4535a9a5c2ba7e250d2') in 0.001 seconds [static dependencies only]. Details - ImportResultOutputID=fc35a540fe8a35acaf0fe01f2e2fcd0d DependenciesID=ac7822bcd93470eb0a8ea88d970e43be StaticDependenciesID=587fff4cf8537272c2b3bafe5b50557a 
Refreshing native plugins compatible for Editor in 8.01 ms, found 7 plugins.
Asset Pipeline Refresh (id=410dd4ea8dd2377429fd62db62c0439a): Total: 0.146 seconds - Initiated by StopAssetImportingV2(NoUpdateAssetOptions)
Importing 'GUID: 31f946924b619cc43a1e2a0f2a515bba - Path: Assets/_Acuaria/Data/Decorations/decoration-substrate-gravel.asset' with importer (NativeFormatImporter)
Imported 'GUID: 31f946924b619cc43a1e2a0f2a515bba' -> (Import Result ID: '3aedf47c8af632cdc80dae0fd185489f') in 0.001 seconds [static dependencies only]. Details - ImportResultOutputID=b4c3fefe579d016d1be5f1fbd0350415 DependenciesID=18274d5d60d8f891fa7f3f980d4493ff StaticDependenciesID=143e09d0d98e9e3367334bd04e7dff4e 
Refreshing native plugins compatible for Editor in 8.08 ms, found 7 plugins.
Asset Pipeline Refresh (id=908bae4709f432540ac5a8d9015f8952): Total: 0.148 seconds - Initiated by StopAssetImportingV2(NoUpdateAssetOptions)
Importing 'GUID: c7673223f8c21704d82d8da7227b235a - Path: Assets/_Acuaria/Data/Decorations/decoration-artificial-neutral.asset' with importer (NativeFormatImporter)
Imported 'GUID: c7673223f8c21704d82d8da7227b235a' -> (Import Result ID: 'b7f5145997989bd1233498a8d2dc7f39') in 0.001 seconds [static dependencies only]. Details - ImportResultOutputID=47fbbc3d759ea196e312c151e6682018 DependenciesID=076f28cbd80d1d919fd74eccd0535255 StaticDependenciesID=b4475d03b759ef824dbf073126e6496c 
Refreshing native plugins compatible for Editor in 8.07 ms, found 7 plugins.
Asset Pipeline Refresh (id=c9a679edf2aa1f54e9d63ce6a54088b3): Total: 0.163 seconds - Initiated by StopAssetImportingV2(NoUpdateAssetOptions)
Importing 'GUID: 4b4f9616acbb50749b7a9f627efc8b63 - Path: Assets/_Acuaria/Data/Decorations/DecorationRegistry.asset' with importer (NativeFormatImporter)
Imported 'GUID: 4b4f9616acbb50749b7a9f627efc8b63' -> (Import Result ID: '23de8e4bdf0f58b90e35da960ae44f17') in 0.001 seconds [static dependencies only]. Details - ImportResultOutputID=9a5a2f01476eb67ef848385f444c3c4c DependenciesID=bd027f259c37ea4ad28d22bcfdcbf687 StaticDependenciesID=1eb196880274f431f49f30c4f4e0e982 
Refreshing native plugins compatible for Editor in 10.06 ms, found 7 plugins.
Asset Pipeline Refresh (id=b899336113acd354c896e0f100590b79): Total: 0.160 seconds - Initiated by StopAssetImportingV2(NoUpdateAssetOptions)
Importing 'GUID: bb59701b234ad5b42b96f0da9b57f97c - Path: Assets/_Acuaria/Data/Progression/Missions/Habitat' with importer (DefaultImporter)
Imported 'GUID: bb59701b234ad5b42b96f0da9b57f97c' -> (Import Result ID: '9528bb8bc53ed31fb240d458abded986') in 0.015 seconds [static dependencies only]. Details - ImportResultOutputID=be0d2a5b72f7b706203e3251fcdfe9ea DependenciesID=d4c37970c718795a1f81933e93842d0a StaticDependenciesID=9e14915dc5a8a2c52d960f739f30513b 
Refreshing native plugins compatible for Editor in 10.22 ms, found 7 plugins.
Asset Pipeline Refresh (id=65686df73f31f6149911710eb03a79cb): Total: 0.155 seconds - Initiated by StopAssetImportingV2(NoUpdateAssetOptions)
Importing 'GUID: d7fcb49c33e168c4abb44b7576f57534 - Path: Assets/_Acuaria/Data/Progression/Achievements/Habitat' with importer (DefaultImporter)
Imported 'GUID: d7fcb49c33e168c4abb44b7576f57534' -> (Import Result ID: '5701b23d0015b8c10adc103b3d61cfd1') in 0.021 seconds [static dependencies only]. Details - ImportResultOutputID=767fe085f44b21e69eef70cca9a5b88b DependenciesID=b0b81e92b152581c2121feefc222f441 StaticDependenciesID=6e137b80e92ac1c28dc997a564f2489f 
Refreshing native plugins compatible for Editor in 7.87 ms, found 7 plugins.
Asset Pipeline Refresh (id=02cd94cf8eb79144093fbc80ee88f09d): Total: 0.152 seconds - Initiated by StopAssetImportingV2(NoUpdateAssetOptions)
Importing 'GUID: cedba94a8a65aa44685a09d685fc52d9 - Path: Assets/_Acuaria/Data/Progression/Missions/Habitat/know-plants.asset' with importer (NativeFormatImporter)
Imported 'GUID: cedba94a8a65aa44685a09d685fc52d9' -> (Import Result ID: '80e4f3e59033d1a62dabe2470ee9e4f5') in 0.001 seconds [static dependencies only]. Details - ImportResultOutputID=1dc2f83f4fc3e63caa97554e359bc1d7 DependenciesID=43eb995d543a1f6dec15c0a0eb05bd95 StaticDependenciesID=849ce3e456bd9a0c06118ee5ff6e51d5 
Refreshing native plugins compatible for Editor in 8.23 ms, found 7 plugins.
Asset Pipeline Refresh (id=eb7a9d87a828f314daae02ffac5716b4): Total: 0.147 seconds - Initiated by StopAssetImportingV2(NoUpdateAssetOptions)
Importing 'GUID: 289947f7d99213746a62d17d503f11b3 - Path: Assets/_Acuaria/Data/Progression/Missions/Habitat/learn-hiding.asset' with importer (NativeFormatImporter)
Imported 'GUID: 289947f7d99213746a62d17d503f11b3' -> (Import Result ID: '26be93bac2947447ba9dcd9c85524f02') in 0.001 seconds [static dependencies only]. Details - ImportResultOutputID=ac53f936fbdac01747ca27b8ae2b10e5 DependenciesID=e48bd00e53528ca6f2b800f4b34052e3 StaticDependenciesID=81136eca2f0d1e7bf7ef0e9fca5ffec4 
Refreshing native plugins compatible for Editor in 8.09 ms, found 7 plugins.
Asset Pipeline Refresh (id=452249ac1c2a6424ea0e5df850309b07): Total: 0.153 seconds - Initiated by StopAssetImportingV2(NoUpdateAssetOptions)
Importing 'GUID: 9f6221de2884eb4439a13222d1315e90 - Path: Assets/_Acuaria/Data/Progression/Missions/Habitat/inspect-rock.asset' with importer (NativeFormatImporter)
Imported 'GUID: 9f6221de2884eb4439a13222d1315e90' -> (Import Result ID: '05b54ec2204e8d82519f2bdbf2a8dcc9') in 0.001 seconds [static dependencies only]. Details - ImportResultOutputID=5b04a7350ffabc00ff19f74014c38a9a DependenciesID=d9a1036c909d193f3dbd81d65fc852d9 StaticDependenciesID=97fe25a012ebac31683a43ffd1d43630 
Refreshing native plugins compatible for Editor in 8.42 ms, found 7 plugins.
Asset Pipeline Refresh (id=b2d6d5780950dab4c918a8fbbfb0f853): Total: 0.154 seconds - Initiated by StopAssetImportingV2(NoUpdateAssetOptions)
Importing 'GUID: 76b41025717ff5245ae55fb4191713c1 - Path: Assets/_Acuaria/Data/Progression/Missions/Habitat/inspect-wood.asset' with importer (NativeFormatImporter)
Imported 'GUID: 76b41025717ff5245ae55fb4191713c1' -> (Import Result ID: '45e19c9003061c035c4dbed2d234a727') in 0.001 seconds [static dependencies only]. Details - ImportResultOutputID=7150ba666743f3b3169e877762529055 DependenciesID=71c883072c8c9927203a9ced7a124d5c StaticDependenciesID=735a70fde1787b733677f76fa9635044 
Refreshing native plugins compatible for Editor in 7.71 ms, found 7 plugins.
Asset Pipeline Refresh (id=e93c2b6dd8a9ef946a453f0b7953407d): Total: 0.150 seconds - Initiated by StopAssetImportingV2(NoUpdateAssetOptions)
No script asset for AchievementDefinition. Check that the definition is in a file of the same name and that it compiles properly.
Importing 'GUID: 7923d1f2386975b43a1f89061ad51697 - Path: Assets/_Acuaria/Data/Progression/Achievements/Habitat/first-natural-habitat.asset' with importer (NativeFormatImporter)
Imported 'GUID: 7923d1f2386975b43a1f89061ad51697' -> (Import Result ID: '4f2ea14f8f461eb8ff0a5153898ddaea') in 0.001 seconds [static dependencies only]. Details - ImportResultOutputID=c712adb08a415321d232bf85ba1f2aa8 DependenciesID=f755821ddb39941ff0be15f69e6f6ac9 StaticDependenciesID=bc95c1115540cde8117ca588097b40c0 
Refreshing native plugins compatible for Editor in 8.64 ms, found 7 plugins.
Asset Pipeline Refresh (id=84800929e5bbf3e4f9f3e2127bd6cd74): Total: 0.161 seconds - Initiated by StopAssetImportingV2(NoUpdateAssetOptions)
No script asset for AchievementDefinition. Check that the definition is in a file of the same name and that it compiles properly.
Importing 'GUID: 18a13f0f964739a4195f8803b787e739 - Path: Assets/_Acuaria/Data/Progression/Achievements/Habitat/first-hiding-place.asset' with importer (NativeFormatImporter)
Imported 'GUID: 18a13f0f964739a4195f8803b787e739' -> (Import Result ID: 'b3bd89a44e37134ac923d18240ebf899') in 0.001 seconds [static dependencies only]. Details - ImportResultOutputID=f14964e74fd4ff637e4a1609099585d7 DependenciesID=e4c116aa2f32c8ed527997e671e2faf3 StaticDependenciesID=fc1ff3150e3535e6ba0f08d64052ada8 
Refreshing native plugins compatible for Editor in 9.02 ms, found 7 plugins.
Asset Pipeline Refresh (id=2e0167c7e8efad9469362f6e6cfdd338): Total: 0.161 seconds - Initiated by StopAssetImportingV2(NoUpdateAssetOptions)
No script asset for AchievementDefinition. Check that the definition is in a file of the same name and that it compiles properly.
Importing 'GUID: 554fae562f378d846972b4e509d44a0e - Path: Assets/_Acuaria/Data/Progression/Achievements/Habitat/first-planted-aquarium.asset' with importer (NativeFormatImporter)
Imported 'GUID: 554fae562f378d846972b4e509d44a0e' -> (Import Result ID: '6882b807477257cc53f28f2e1446792f') in 0.001 seconds [static dependencies only]. Details - ImportResultOutputID=426548610bff273cc702d644c8e5fbac DependenciesID=3a263891f05a7a58d8a3f24e62c477e0 StaticDependenciesID=f8e258ea7f9182b0cd69342b9afb89c8 
Refreshing native plugins compatible for Editor in 10.13 ms, found 7 plugins.
Asset Pipeline Refresh (id=cbf3cf62b5666c9409fd7b59a696831e): Total: 0.160 seconds - Initiated by StopAssetImportingV2(NoUpdateAssetOptions)
AcceleratorClientConnectionCallback - disconnected - :0
Importing 'GUID: 00000000000000004000000000000000 - Path: ProjectSettings/ProjectSettings.asset' with importer (LibraryAssetImporter)
Imported 'GUID: 00000000000000004000000000000000' -> (Import Result ID: '0ab8009548b3e254789cbe7f2d0c594b') in 0.001 seconds [static dependencies only]. Details - ImportResultOutputID=276a810dac73e1f29404d5e5f692e214 DependenciesID=ed7621f3102a9ff1b519ba71726daae6 StaticDependenciesID=9828f6f6f99f427238f3490decbf13b7 
Importing 'GUID: 0000000000000000b000000000000000 - Path: ProjectSettings/EditorBuildSettings.asset' with importer (LibraryAssetImporter)
Imported 'GUID: 0000000000000000b000000000000000' -> (Import Result ID: 'ab38d3c1ee2e670b3b71763973fd1564') in 0.001 seconds [static dependencies only]. Details - ImportResultOutputID=4647dd083cfc32cebcd7526e8846440c DependenciesID=db2987a6cc7106f2a48c879b621a975d StaticDependenciesID=91e149f2aa4c34dafa10c26d076b89c5 
Importing 'GUID: 50b2e49c9a8f3d149abb8aeb6dd9d0ea - Path: Assets/_Acuaria/Data/Decorations/decoration-substrate-sand.asset' with importer (NativeFormatImporter)
Imported 'GUID: 50b2e49c9a8f3d149abb8aeb6dd9d0ea' -> (Import Result ID: '7ecbfac0f95e5410241f1a1fa06ae685') in 0.001 seconds [static dependencies only]. Details - ImportResultOutputID=fc35a540fe8a35acaf0fe01f2e2fcd0d DependenciesID=abdc743286510c558fed7b4843120983 StaticDependenciesID=6a8af8fe0221fa19e7a9fa57e6bbb06f 
Importing 'GUID: 31f946924b619cc43a1e2a0f2a515bba - Path: Assets/_Acuaria/Data/Decorations/decoration-substrate-gravel.asset' with importer (NativeFormatImporter)
Imported 'GUID: 31f946924b619cc43a1e2a0f2a515bba' -> (Import Result ID: '82ab6f2f0f314dceda843ae77674fa55') in 0.001 seconds [static dependencies only]. Details - ImportResultOutputID=b4c3fefe579d016d1be5f1fbd0350415 DependenciesID=d6b55f8a4a32cae5f02f0ea1b8796852 StaticDependenciesID=51c6489f9c68d8e1c5b22b22fd18c87b 
Importing 'GUID: e10e3c9c23dfca645ac54562f3eb710b - Path: Assets/_Acuaria/Data/Decorations/decoration-wood-branch.asset' with importer (NativeFormatImporter)
Imported 'GUID: e10e3c9c23dfca645ac54562f3eb710b' -> (Import Result ID: 'a40a139f3e547d85942ef2777a6f04dd') in 0.001 seconds [static dependencies only]. Details - ImportResultOutputID=7cb92dce0a3f110768e61212f4836419 DependenciesID=bccf651e4b602b0d56e956b5ff64151d StaticDependenciesID=6b749b57c47f34b3b6655988c01cb3a8 
Importing 'GUID: a44826a6bce4d954da8e8264a3421ef6 - Path: Assets/_Acuaria/Data/Decorations/decoration-rock-group.asset' with importer (NativeFormatImporter)
Imported 'GUID: a44826a6bce4d954da8e8264a3421ef6' -> (Import Result ID: '08526e480afc195d1889b0225a4c2999') in 0.001 seconds [static dependencies only]. Details - ImportResultOutputID=62fab0c99d90bcd307b524171a1e69e9 DependenciesID=fbaacee2a5003569ab1792aefa5f6441 StaticDependenciesID=7228b9bd298876537dab9519a21eca80 
Importing 'GUID: 554fae562f378d846972b4e509d44a0e - Path: Assets/_Acuaria/Data/Progression/Achievements/Habitat/first-planted-aquarium.asset' with importer (NativeFormatImporter)
Imported 'GUID: 554fae562f378d846972b4e509d44a0e' -> (Import Result ID: '8f3014185e9f360512bdd2f56ab0e635') in 0.001 seconds [static dependencies only]. Details - ImportResultOutputID=426548610bff273cc702d644c8e5fbac DependenciesID=55fab2f442bcc9f397b8105a94a1ad69 StaticDependenciesID=ff529aea96dee0e1998c50271f69dbdb 
Importing 'GUID: 76b41025717ff5245ae55fb4191713c1 - Path: Assets/_Acuaria/Data/Progression/Missions/Habitat/inspect-wood.asset' with importer (NativeFormatImporter)
Imported 'GUID: 76b41025717ff5245ae55fb4191713c1' -> (Import Result ID: 'a8bb74de03866bb4bde4ba7ec5199fd8') in 0.001 seconds [static dependencies only]. Details - ImportResultOutputID=7150ba666743f3b3169e877762529055 DependenciesID=2abfd5f973de18305166690c0c18b123 StaticDependenciesID=8ff9dd7851fbc6dfa489952bcd300d24 
Importing 'GUID: c7673223f8c21704d82d8da7227b235a - Path: Assets/_Acuaria/Data/Decorations/decoration-artificial-neutral.asset' with importer (NativeFormatImporter)
Imported 'GUID: c7673223f8c21704d82d8da7227b235a' -> (Import Result ID: 'c405e599b5b38dd7f0d75bbe4a231e44') in 0.001 seconds [static dependencies only]. Details - ImportResultOutputID=47fbbc3d759ea196e312c151e6682018 DependenciesID=db3dd3c8eaed4378869bbd44d9656b94 StaticDependenciesID=c69e7089897d8eaab8bb8db6427c3bdc 
Importing 'GUID: 18a13f0f964739a4195f8803b787e739 - Path: Assets/_Acuaria/Data/Progression/Achievements/Habitat/first-hiding-place.asset' with importer (NativeFormatImporter)
Imported 'GUID: 18a13f0f964739a4195f8803b787e739' -> (Import Result ID: 'dab4ff58a90be388b2fdea4554ae310c') in 0.001 seconds [static dependencies only]. Details - ImportResultOutputID=f14964e74fd4ff637e4a1609099585d7 DependenciesID=8a9ffe767d6260e76855138f8dec9b38 StaticDependenciesID=39f4b4e0053e7a065451fa27bbd57681 
Importing 'GUID: 289947f7d99213746a62d17d503f11b3 - Path: Assets/_Acuaria/Data/Progression/Missions/Habitat/learn-hiding.asset' with importer (NativeFormatImporter)
Imported 'GUID: 289947f7d99213746a62d17d503f11b3' -> (Import Result ID: 'e42ad23d96c5e408ede17cf915310189') in 0.001 seconds [static dependencies only]. Details - ImportResultOutputID=ac53f936fbdac01747ca27b8ae2b10e5 DependenciesID=43d82e8d61162fec6955b1d39df7a8d3 StaticDependenciesID=8a9097826fc916927fd9d0afc1427f74 
Importing 'GUID: 28bbfa5c1c7794748b1aad849fcea1e1 - Path: Assets/_Acuaria/Data/Decorations/decoration-cave-small.asset' with importer (NativeFormatImporter)
Imported 'GUID: 28bbfa5c1c7794748b1aad849fcea1e1' -> (Import Result ID: 'f972b451c7e154fa70213285dd924205') in 0.001 seconds [static dependencies only]. Details - ImportResultOutputID=9fe5f298444e5e4e6efa9ef94da6ca8d DependenciesID=5eda9025b162ce20e34b3924534bae1a StaticDependenciesID=a7103fbf74d53e473c63f2112d556faa 
Importing 'GUID: 7923d1f2386975b43a1f89061ad51697 - Path: Assets/_Acuaria/Data/Progression/Achievements/Habitat/first-natural-habitat.asset' with importer (NativeFormatImporter)
Imported 'GUID: 7923d1f2386975b43a1f89061ad51697' -> (Import Result ID: 'bae6b06797b760b24264d42ccadee8ae') in 0.001 seconds [static dependencies only]. Details - ImportResultOutputID=c712adb08a415321d232bf85ba1f2aa8 DependenciesID=b16159a32529fc40ca84ca2be83c169b StaticDependenciesID=ad961685ee57f09d7fcbce337aed11fc 
Importing 'GUID: 99477183209131f48b71507314f7309b - Path: Assets/_Acuaria/Data/Aquariums/StarterAquarium.asset' with importer (NativeFormatImporter)
Imported 'GUID: 99477183209131f48b71507314f7309b' -> (Import Result ID: '7c9431ea2d7e57a0104dd4b641030e09') in 0.001 seconds [static dependencies only]. Details - ImportResultOutputID=8ff21a8843197a57fff4dd99e1089632 DependenciesID=fa4fd268be6cff1ebd79c45742518de5 StaticDependenciesID=c2256451fcd9c89943f32b08fced2f51 
Importing 'GUID: 4b4f9616acbb50749b7a9f627efc8b63 - Path: Assets/_Acuaria/Data/Decorations/DecorationRegistry.asset' with importer (NativeFormatImporter)
Imported 'GUID: 4b4f9616acbb50749b7a9f627efc8b63' -> (Import Result ID: '9178b9467bd75d6ba5afa4fcc44f7f77') in 0.001 seconds [static dependencies only]. Details - ImportResultOutputID=9a5a2f01476eb67ef848385f444c3c4c DependenciesID=4119b720d948b84a48526c78d4bc29f9 StaticDependenciesID=df6a0b8b6986fb51178e0fb00c74bfd3 
Importing 'GUID: 3ee228c6606871048a1e345ba31e7c14 - Path: Assets/_Acuaria/Data/Decorations/decoration-plant-cluster.asset' with importer (NativeFormatImporter)
Imported 'GUID: 3ee228c6606871048a1e345ba31e7c14' -> (Import Result ID: '47777c64c04a58a50bb66f139aea6b4b') in 0.001 seconds [static dependencies only]. Details - ImportResultOutputID=5a4c08d766ce803cd2c0b9d8c42bbce6 DependenciesID=102e47e303080d5496eb9bf1fb24be74 StaticDependenciesID=49b304405959cff48936800756698683 
Importing 'GUID: cedba94a8a65aa44685a09d685fc52d9 - Path: Assets/_Acuaria/Data/Progression/Missions/Habitat/know-plants.asset' with importer (NativeFormatImporter)
Imported 'GUID: cedba94a8a65aa44685a09d685fc52d9' -> (Import Result ID: 'd395a6420e035ad22e93b248b89a4830') in 0.001 seconds [static dependencies only]. Details - ImportResultOutputID=1dc2f83f4fc3e63caa97554e359bc1d7 DependenciesID=43eb7bc5d4cc3c224ae8d2d172410704 StaticDependenciesID=7ea7482ef8b8b69f2de9ca991e0b92b5 
Importing 'GUID: 9f6221de2884eb4439a13222d1315e90 - Path: Assets/_Acuaria/Data/Progression/Missions/Habitat/inspect-rock.asset' with importer (NativeFormatImporter)
Imported 'GUID: 9f6221de2884eb4439a13222d1315e90' -> (Import Result ID: '1a6ad03cd011ac7e00c0e3b403f58431') in 0.001 seconds [static dependencies only]. Details - ImportResultOutputID=5b04a7350ffabc00ff19f74014c38a9a DependenciesID=0ebc98e2d44fb5425fb56b0380dd158f StaticDependenciesID=7127c78d495b81b84a4ad077d11ada3a 
Refreshing native plugins compatible for Editor in 8.04 ms, found 7 plugins.
Asset Pipeline Refresh (id=eaba58a37b0de404b9b98560e52c40c5): Total: 0.174 seconds - Initiated by StopAssetImportingV2(NoUpdateAssetOptions)
Asset Pipeline Refresh (id=80d4a653f7cb75e46983f34ef33f1f00): Total: 0.011 seconds - Initiated by RefreshV2(NoUpdateAssetOptions)
Opening scene 'Assets/_Acuaria/Scenes/Room.unity'
[Licensing::Client] Successfully resolved entitlement details
Unloading 33 Unused Serialized files (Serialized files now loaded: 0)
Loaded scene 'Assets/_Acuaria/Scenes/Room.unity'
	Deserialize:            89.848 ms
	Integration:            620.335 ms
	Integration of assets:  3.439 ms
	Thread Wait Time:       -0.170 ms
	Total Operation Time:   713.452 ms
Unloading 86 unused Assets / (15.1 KB). Loaded Objects now: 15015.
Memory consumption went from 0.60 GB to 0.60 GB.
Total: 21.467300 ms (FindLiveObjects: 0.654300 ms CreateObjectMapping: 1.863200 ms MarkObjects: 18.861500 ms  DeleteObjects: 0.086600 ms)

Importing 'GUID: a3b5a88ed8054a0593ad02fd67cf9338 - Path: Assets/_Acuaria/Scenes/Room.unity' with importer (DefaultImporter)
Imported 'GUID: a3b5a88ed8054a0593ad02fd67cf9338' -> (Import Result ID: '0aac9e791487618a21131ae906de5916') in 0.014 seconds [static dependencies only]. Details - ImportResultOutputID=b65560d815834895dc4f92ea4769f012 DependenciesID=922897c52dcfd68eb8a79c8f688aeb1e StaticDependenciesID=21ed1cdd7a76365493ef978979d7c9bc 
Refreshing native plugins compatible for Editor in 7.52 ms, found 7 plugins.
Asset Pipeline Refresh (id=ffb49d9bbc678ff40827c3a30b80d24f): Total: 0.165 seconds - Initiated by StopAssetImportingV2(NoUpdateAssetOptions)
Sprint 11 habitat and decoration system configured.
UnityEngine.Debug:ExtractStackTraceNoAlloc (byte*,int,string)
UnityEngine.StackTraceUtility:ExtractStackTrace ()
UnityEngine.DebugLogHandler:Internal_Log (UnityEngine.LogType,UnityEngine.LogOption,string,UnityEngine.Object)
UnityEngine.DebugLogHandler:LogFormat (UnityEngine.LogType,UnityEngine.Object,string,object[])
UnityEngine.Logger:Log (UnityEngine.LogType,object)
UnityEngine.Debug:Log (object)
Acuaria.Editor.HabitatContentSetup:ConfigureScene (Acuaria.Aquarium.AquariumDefinition,Acuaria.Aquarium.Decorations.DecorationRegistry) (at Assets/_Acuaria/Editor/HabitatContentSetup.cs:80)
Acuaria.Editor.HabitatContentSetup:Configure () (at Assets/_Acuaria/Editor/HabitatContentSetup.cs:46)
Acuaria.Editor.HabitatContentSetup:ConfigureFromCommandLine () (at Assets/_Acuaria/Editor/HabitatContentSetup.cs:48)

(Filename: Assets/_Acuaria/Editor/HabitatContentSetup.cs Line: 80)

Batchmode quit successfully invoked - shutting down!
Killing ADB server in 0.1622304 seconds.
[Physics::Module] Cleanup current backend.
[Physics::Module] Id: 0xf2b8ea05
Input System module state changed to: ShutdownInProgress.
Input Polling Thread exited.
Input System module state changed to: Shutdown.
[Licensing::IpcConnector] LicenseClient-ricar-notifications channel disconnected successfully.
[Licensing::IpcConnector] LicenseClient-ricar channel disconnected successfully.
AcceleratorClientConnectionCallback - disconnected - :0
Cleanup mono
CodeReloadManager destroyed
